timestamp,device_id,temperature,humidity,pressure,vibration
2026-09-13 15:52:11.399,sensor-03,31.61,57.56,1021.46,1.076
2026-09-13 15:52:12.399,sensor-05,31.42,71.44,1003.2,0.731
2026-09-13 15:52:13.399,sensor-01,33.9,65.75,1020.57,0.721
2026-09-13 15:52:14.399,sensor-03,20.96,73.11,1015.79,1.161
2026-09-13 15:52:15.399,sensor-03,34.56,75.72,1019.46,0.372
2026-09-13 15:52:16.399,sensor-01,22.31,67.32,1018.62,1.455
2026-09-13 15:52:17.399,sensor-02,25.56,58.78,1004.74,0.282
2026-09-13 15:52:18.399,sensor-02,30.05,57.49,1020.82,1.08
2026-09-13 15:52:19.399,sensor-04,32.48,72.19,1009.69,0.504
2026-09-13 15:52:20.399,sensor-01,23.0,40.29,1019.67,1.031
2026-09-13 15:52:21.399,sensor-03,31.71,58.36,1014.22,0.296
2026-09-13 15:52:22.399,sensor-04,27.07,62.61,1019.12,0.989
2026-09-13 15:52:23.399,sensor-02,28.39,52.16,1000.77,0.711
2026-09-13 15:52:24.399,sensor-03,32.8,49.36,1001.46,0.494
2026-09-13 15:52:25.399,sensor-03,29.93,62.28,1019.6,1.03
2026-09-13 15:52:26.399,sensor-05,22.5,40.91,1002.25,1.111
2026-09-13 15:52:27.399,sensor-01,22.42,60.04,1003.81,1.075
2026-09-13 15:52:28.399,sensor-02,24.52,65.21,1009.05,0.223
2026-09-13 15:52:29.399,sensor-02,34.43,76.34,1017.49,0.472
2026-09-13 15:52:30.399,sensor-04,30.75,57.97,1006.81,0.235
2026-09-13 15:52:31.399,sensor-03,26.84,48.09,1007.65,0.911
2026-09-13 15:52:32.399,sensor-05,31.38,68.78,1010.8,0.978
2026-09-13 15:52:33.399,sensor-01,29.75,43.38,1010.4,0.158
2026-09-13 15:52:34.399,sensor-02,22.17,44.14,1014.69,0.339
2026-09-13 15:52:35.399,sensor-03,28.72,53.87,1014.77,0.132
2026-09-13 15:52:36.399,sensor-03,31.74,43.31,1012.17,0.787
2026-09-13 15:52:37.399,sensor-05,28.58,58.94,1006.67,0.564
2026-09-13 15:52:38.399,sensor-03,20.32,73.05,1022.4,0.296
2026-09-13 15:52:39.399,sensor-05,21.63,66.89,1007.03,1.023
2026-09-13 15:52:40.399,sensor-04,21.62,76.64,1005.76,0.152
2026-09-13 15:52:41.399,sensor-04,25.56,73.19,1020.21,0.544
2026-09-13 15:52:42.399,sensor-05,27.73,11.53,1023.4,0.33
2026-09-13 15:52:43.399,sensor-05,33.38,69.94,1022.27,1.351
2026-09-13 15:52:44.399,sensor-04,24.74,70.88,1016.54,0.623
2026-09-13 15:52:45.399,sensor-04,23.94,77.47,1006.02,0.272
2026-09-13 15:52:46.399,sensor-02,22.3,47.17,1014.98,1.324
2026-09-13 15:52:47.399,sensor-02,31.66,8.44,1012.52,0.301
2026-09-13 15:52:48.399,sensor-01,30.16,44.87,1012.66,1.072
2026-09-13 15:52:49.399,sensor-03,23.0,72.16,1017.89,1.135
2026-09-13 15:52:50.399,sensor-01,33.91,55.9,1007.52,0.784
2026-09-13 15:52:51.399,sensor-01,34.33,51.46,1023.12,0.135
2026-09-13 15:52:52.399,sensor-04,21.59,45.61,1010.48,1.453
2026-09-13 15:52:53.399,sensor-01,34.0,72.17,1011.68,13.294
2026-09-13 15:52:54.399,sensor-04,31.95,49.31,1013.27,0.948
2026-09-13 15:52:55.399,sensor-04,26.19,54.97,1010.65,1.013
2026-09-13 15:52:56.399,sensor-05,26.81,49.91,1005.92,1.144
2026-09-13 15:52:57.399,sensor-01,21.0,63.78,1003.65,1.255
2026-09-13 15:52:58.399,sensor-03,22.16,76.84,1004.14,0.499
2026-09-13 15:52:59.399,sensor-01,20.32,42.22,1004.37,0.175
2026-09-13 15:53:00.399,sensor-04,30.21,55.75,1007.95,0.806
2026-09-13 15:53:01.399,sensor-05,20.65,47.26,1005.92,0.449
2026-09-13 15:53:02.399,sensor-01,26.24,41.97,1009.34,0.833
2026-09-13 15:53:03.399,sensor-05,20.78,76.99,1002.48,1.281
2026-09-13 15:53:04.399,sensor-04,34.69,72.08,1019.49,0.999
2026-09-13 15:53:05.399,sensor-01,28.04,60.57,1021.44,0.748
2026-09-13 15:53:06.399,sensor-04,29.59,50.66,1003.49,0.769
2026-09-13 15:53:07.399,sensor-02,25.51,54.66,1008.19,0.631
2026-09-13 15:53:08.399,sensor-03,24.45,77.95,1022.91,0.773
2026-09-13 15:53:09.399,sensor-03,32.73,66.1,1020.11,0.846
2026-09-13 15:53:10.399,sensor-05,24.32,69.4,1005.06,1.073
2026-09-13 15:53:11.399,sensor-01,29.22,43.8,1018.14,0.218
2026-09-13 15:53:12.399,sensor-05,22.06,78.36,1020.02,0.931
2026-09-13 15:53:13.399,sensor-04,34.19,50.14,1014.75,0.233
2026-09-13 15:53:14.399,sensor-04,22.57,62.6,1014.31,0.752
2026-09-13 15:53:15.399,sensor-04,31.99,59.69,1014.99,1.404
2026-09-13 15:53:16.399,sensor-02,21.76,43.51,1016.45,0.686
2026-09-13 15:53:17.399,sensor-04,25.0,75.93,1019.06,0.479
2026-09-13 15:53:18.399,sensor-04,24.72,46.3,1003.69,1.411
2026-09-13 15:53:19.399,sensor-02,30.95,62.12,1023.4,1.192
2026-09-13 15:53:20.399,sensor-02,25.65,79.47,1017.94,1.432
2026-09-13 15:53:21.399,sensor-02,63.63,17.38,958.86,9.585
2026-09-13 15:53:22.399,sensor-03,24.53,76.74,1019.53,0.255
2026-09-13 15:53:23.399,sensor-01,33.19,51.36,1020.92,0.249
2026-09-13 15:53:24.399,sensor-04,29.75,43.62,1022.43,0.141
2026-09-13 15:53:25.399,sensor-05,22.15,71.07,1004.96,1.375
2026-09-13 15:53:26.399,sensor-01,20.08,42.07,1015.15,1.222
2026-09-13 15:53:27.399,sensor-05,32.74,42.29,1020.02,1.399
2026-09-13 15:53:28.399,sensor-04,32.57,41.61,1005.04,0.275
2026-09-13 15:53:29.399,sensor-01,31.18,65.2,1021.28,0.317
2026-09-13 15:53:30.399,sensor-01,24.06,68.4,1024.51,0.956
2026-09-13 15:53:31.399,sensor-02,29.24,41.69,1022.1,1.093
2026-09-13 15:53:32.399,sensor-01,22.75,79.2,1011.46,1.198
2026-09-13 15:53:33.399,sensor-03,28.59,45.81,1023.65,0.522
2026-09-13 15:53:34.399,sensor-04,29.74,77.62,1003.71,0.812
2026-09-13 15:53:35.399,sensor-04,27.11,44.77,1003.35,0.489
2026-09-13 15:53:36.399,sensor-03,29.16,65.39,1010.3,0.672
2026-09-13 15:53:37.399,sensor-01,28.82,52.68,1000.9,0.686
2026-09-13 15:53:38.399,sensor-02,28.59,62.63,1017.55,1.007
2026-09-13 15:53:39.399,sensor-03,24.74,71.5,1013.73,0.704
2026-09-13 15:53:40.399,sensor-02,27.69,69.47,1022.16,1.389
2026-09-13 15:53:41.399,sensor-01,27.8,71.99,1007.86,1.272
2026-09-13 15:53:42.399,sensor-01,21.08,73.68,1001.39,0.493
2026-09-13 15:53:43.399,sensor-04,22.59,52.56,1018.57,0.121
2026-09-13 15:53:44.399,sensor-05,25.58,46.14,1015.02,0.268
2026-09-13 15:53:45.399,sensor-01,34.38,79.82,1019.3,0.535
2026-09-13 15:53:46.399,sensor-04,25.82,65.64,1000.27,0.393
2026-09-13 15:53:47.399,sensor-02,22.46,46.64,1020.91,1.485
2026-09-13 15:53:48.399,sensor-05,34.85,45.66,1011.21,0.65
2026-09-13 15:53:49.399,sensor-02,31.33,57.35,1011.73,0.311
2026-09-13 15:53:50.399,sensor-05,20.67,49.31,1007.3,0.786
2026-09-13 15:53:51.399,sensor-03,27.4,43.36,1006.09,1.281
2026-09-13 15:53:52.399,sensor-04,30.05,70.52,1001.45,0.613
2026-09-13 15:53:53.399,sensor-02,25.08,73.78,1012.06,1.176
2026-09-13 15:53:54.399,sensor-03,33.64,63.48,1021.26,0.577
2026-09-13 15:53:55.399,sensor-02,27.97,44.2,1009.96,1.384
2026-09-13 15:53:56.399,sensor-01,25.08,47.66,1000.62,1.398
2026-09-13 15:53:57.399,sensor-03,24.61,63.94,1000.18,0.489
2026-09-13 15:53:58.399,sensor-04,34.73,64.81,1011.94,1.166
2026-09-13 15:53:59.399,sensor-03,30.81,78.53,1019.55,1.314
2026-09-13 15:54:00.399,sensor-04,26.6,62.12,1016.35,1.458
2026-09-13 15:54:01.399,sensor-02,24.32,69.35,1018.75,0.585
2026-09-13 15:54:02.399,sensor-01,31.66,59.59,1024.64,0.751
2026-09-13 15:54:03.399,sensor-02,26.17,71.75,1002.12,0.878
2026-09-13 15:54:04.399,sensor-05,32.34,41.48,1009.32,0.168
2026-09-13 15:54:05.399,sensor-02,30.13,68.53,1019.34,1.312
2026-09-13 15:54:06.399,sensor-04,65.44,15.16,950.89,9.014
2026-09-13 15:54:07.399,sensor-05,30.07,49.51,1021.32,0.587
2026-09-13 15:54:08.399,sensor-05,24.48,63.61,1009.92,0.485
2026-09-13 15:54:09.399,sensor-01,21.27,53.68,1017.94,1.23
2026-09-13 15:54:10.399,sensor-05,24.45,56.32,1003.42,0.905
2026-09-13 15:54:11.399,sensor-04,28.93,55.69,1022.88,0.796
2026-09-13 15:54:12.399,sensor-05,25.48,42.69,1005.05,0.125
2026-09-13 15:54:13.399,sensor-04,25.15,56.82,1023.98,1.153
2026-09-13 15:54:14.399,sensor-02,24.27,75.88,1005.88,0.555
2026-09-13 15:54:15.399,sensor-03,31.13,63.63,1016.34,0.519
2026-09-13 15:54:16.399,sensor-02,24.84,46.22,1021.86,0.497
2026-09-13 15:54:17.399,sensor-04,31.76,57.54,1011.91,1.493
2026-09-13 15:54:18.399,sensor-02,32.22,76.1,1019.69,0.359
2026-09-13 15:54:19.399,sensor-04,78.79,78.21,1012.82,0.706
2026-09-13 15:54:20.399,sensor-01,20.62,49.84,1001.64,0.737
2026-09-13 15:54:21.399,sensor-05,24.69,42.04,1002.79,0.638
2026-09-13 15:54:22.399,sensor-03,23.11,52.08,1009.85,6.121
2026-09-13 15:54:23.399,sensor-05,20.02,60.33,1012.24,0.566
2026-09-13 15:54:24.399,sensor-05,31.71,73.65,1006.51,0.551
2026-09-13 15:54:25.399,sensor-05,30.25,49.13,963.82,1.403
2026-09-13 15:54:26.399,sensor-05,22.26,41.89,1003.46,6.883
2026-09-13 15:54:27.399,sensor-01,21.66,64.81,1006.04,0.897
2026-09-13 15:54:28.399,sensor-05,32.74,40.19,1021.33,0.967
2026-09-13 15:54:29.399,sensor-04,32.83,50.17,1022.97,0.736
2026-09-13 15:54:30.399,sensor-01,34.77,54.46,1020.33,0.546
2026-09-13 15:54:31.399,sensor-02,23.25,56.56,1007.94,8.465
2026-09-13 15:54:32.399,sensor-01,22.48,69.01,1017.7,1.134
2026-09-13 15:54:33.399,sensor-01,33.35,63.75,1003.15,0.301
2026-09-13 15:54:34.399,sensor-01,27.61,79.67,1000.1,0.123
2026-09-13 15:54:35.399,sensor-01,28.77,45.08,1022.43,1.333
2026-09-13 15:54:36.399,sensor-04,24.1,42.02,1014.86,0.513
2026-09-13 15:54:37.399,sensor-05,32.54,40.73,1014.89,0.424
2026-09-13 15:54:38.399,sensor-02,29.16,62.14,1009.9,1.049
2026-09-13 15:54:39.399,sensor-05,28.5,70.34,1024.59,0.687
2026-09-13 15:54:40.399,sensor-01,31.94,60.81,1010.2,0.232
2026-09-13 15:54:41.399,sensor-04,25.93,67.3,1003.73,1.446
2026-09-13 15:54:42.399,sensor-01,32.88,76.5,1005.3,0.758
2026-09-13 15:54:43.399,sensor-03,33.18,55.16,1012.93,1.138
2026-09-13 15:54:44.399,sensor-04,28.55,44.18,1022.6,1.312
2026-09-13 15:54:45.399,sensor-05,21.5,48.18,1018.59,0.132
2026-09-13 15:54:46.399,sensor-02,30.79,75.5,1009.87,0.547
2026-09-13 15:54:47.399,sensor-01,28.71,56.37,1015.04,1.41
2026-09-13 15:54:48.399,sensor-01,25.66,55.76,1003.28,0.328
2026-09-13 15:54:49.399,sensor-03,25.09,78.2,1006.09,0.238
2026-09-13 15:54:50.399,sensor-05,24.17,48.08,1004.64,0.831
2026-09-13 15:54:51.399,sensor-04,23.89,41.81,1012.04,1.443
2026-09-13 15:54:52.399,sensor-03,21.66,50.1,1007.37,1.171
2026-09-13 15:54:53.399,sensor-03,33.52,79.38,1024.56,1.434
2026-09-13 15:54:54.399,sensor-01,24.57,62.12,1002.42,1.284
2026-09-13 15:54:55.399,sensor-02,28.14,46.61,1006.33,0.324
2026-09-13 15:54:56.399,sensor-03,31.03,51.84,1009.28,0.667
2026-09-13 15:54:57.399,sensor-04,31.59,48.27,1023.54,0.269
2026-09-13 15:54:58.399,sensor-01,23.97,73.86,1004.49,0.679
2026-09-13 15:54:59.399,sensor-03,23.68,68.41,1021.28,1.324
2026-09-13 15:55:00.399,sensor-03,23.73,49.79,1004.03,1.416
2026-09-13 15:55:01.399,sensor-05,31.66,60.71,1012.27,0.842
2026-09-13 15:55:02.399,sensor-03,21.98,45.03,1023.81,0.775
2026-09-13 15:55:03.399,sensor-01,22.45,18.75,1005.19,0.454
2026-09-13 15:55:04.399,sensor-04,24.82,64.33,1011.63,0.661
2026-09-13 15:55:05.399,sensor-01,34.83,72.73,1018.54,0.756
2026-09-13 15:55:06.399,sensor-04,33.81,53.66,1001.25,0.579
2026-09-13 15:55:07.399,sensor-04,31.26,71.75,1005.3,1.393
2026-09-13 15:55:08.399,sensor-02,29.59,40.09,1024.83,0.493
2026-09-13 15:55:09.399,sensor-03,21.94,46.09,1015.81,0.65
2026-09-13 15:55:10.399,sensor-01,24.79,69.05,1011.53,1.024
2026-09-13 15:55:11.399,sensor-03,34.25,53.71,1004.43,1.049
2026-09-13 15:55:12.399,sensor-03,20.6,57.99,1022.31,1.149
2026-09-13 15:55:13.399,sensor-03,29.9,52.1,1023.69,0.613
2026-09-13 15:55:14.399,sensor-02,26.05,62.47,1017.99,0.813
2026-09-13 15:55:15.399,sensor-03,29.71,53.69,1010.2,0.716
2026-09-13 15:55:16.399,sensor-02,55.93,16.67,975.82,7.467
2026-09-13 15:55:17.399,sensor-02,30.02,45.17,1006.88,0.294
2026-09-13 15:55:18.399,sensor-04,33.65,48.1,1013.55,1.082
2026-09-13 15:55:19.399,sensor-03,29.15,50.2,1015.64,0.549
2026-09-13 15:55:20.399,sensor-02,30.28,40.93,1010.0,1.325
2026-09-13 15:55:21.399,sensor-04,26.66,77.44,1021.35,0.551
2026-09-13 15:55:22.399,sensor-03,29.48,53.36,1006.11,1.378
2026-09-13 15:55:23.399,sensor-01,32.65,79.13,1018.62,1.171
2026-09-13 15:55:24.399,sensor-03,26.85,49.61,1016.12,0.505
2026-09-13 15:55:25.399,sensor-03,28.79,56.4,1005.47,1.242
2026-09-13 15:55:26.399,sensor-01,20.11,53.45,1019.94,1.275
2026-09-13 15:55:27.399,sensor-05,31.62,44.63,1009.75,1.498
2026-09-13 15:55:28.399,sensor-01,26.34,64.79,1023.32,1.473
2026-09-13 15:55:29.399,sensor-03,22.07,71.63,1006.77,1.339
2026-09-13 15:55:30.399,sensor-01,32.49,47.05,1010.59,0.873
2026-09-13 15:55:31.399,sensor-01,30.29,66.11,1024.8,1.499
2026-09-13 15:55:32.399,sensor-01,30.92,79.07,1007.96,0.746
2026-09-13 15:55:33.399,sensor-05,20.77,66.89,1008.83,1.202
2026-09-13 15:55:34.399,sensor-05,26.25,52.86,1018.72,1.222
2026-09-13 15:55:35.399,sensor-02,33.4,45.76,1021.98,0.235
2026-09-13 15:55:36.399,sensor-03,21.01,42.11,1000.01,0.711
2026-09-13 15:55:37.399,sensor-01,20.52,66.09,1020.58,0.335
2026-09-13 15:55:38.399,sensor-05,32.35,61.56,1020.48,0.23
2026-09-13 15:55:39.399,sensor-04,31.07,50.3,1018.81,0.806
2026-09-13 15:55:40.399,sensor-03,25.52,48.77,1005.21,1.152
2026-09-13 15:55:41.399,sensor-04,21.29,47.05,1004.38,1.252
2026-09-13 15:55:42.399,sensor-05,22.06,66.14,1011.22,0.65
2026-09-13 15:55:43.399,sensor-05,34.63,74.91,1004.81,0.409
2026-09-13 15:55:44.399,sensor-02,31.02,62.66,1013.77,1.26
2026-09-13 15:55:45.399,sensor-02,20.4,41.98,1015.04,0.781
2026-09-13 15:55:46.399,sensor-03,31.37,73.06,1014.03,0.64
2026-09-13 15:55:47.399,sensor-02,27.83,52.59,1014.1,1.047
2026-09-13 15:55:48.399,sensor-01,23.18,75.78,1016.16,0.341
2026-09-13 15:55:49.399,sensor-03,27.05,59.04,1023.39,0.183
2026-09-13 15:55:50.399,sensor-03,22.93,67.18,1005.35,0.239
2026-09-13 15:55:51.399,sensor-02,26.34,47.05,1003.37,1.304
2026-09-13 15:55:52.399,sensor-02,20.83,54.29,1006.62,0.955
2026-09-13 15:55:53.399,sensor-03,33.33,77.19,1002.5,0.25
2026-09-13 15:55:54.399,sensor-04,21.83,74.1,1018.86,1.248
2026-09-13 15:55:55.399,sensor-01,34.95,41.77,1010.03,0.554
2026-09-13 15:55:56.399,sensor-03,32.09,46.81,1024.47,0.798
2026-09-13 15:55:57.399,sensor-04,34.56,55.23,1009.94,0.919
2026-09-13 15:55:58.399,sensor-02,22.9,44.13,1021.65,0.925
2026-09-13 15:55:59.399,sensor-04,26.13,57.26,1015.83,1.397
2026-09-13 15:56:00.399,sensor-02,24.94,58.04,1014.2,0.747
2026-09-13 15:56:01.399,sensor-02,28.32,52.83,1008.64,0.63
2026-09-13 15:56:02.399,sensor-01,30.85,55.56,1005.36,0.888
2026-09-13 15:56:03.399,sensor-05,23.86,73.07,1023.19,0.936
2026-09-13 15:56:04.399,sensor-05,51.16,55.7,1023.1,0.911
2026-09-13 15:56:05.399,sensor-04,28.44,41.06,1018.59,1.293
2026-09-13 15:56:06.399,sensor-05,26.99,40.22,1019.67,0.563
2026-09-13 15:56:07.399,sensor-02,28.48,50.81,1004.01,1.185
2026-09-13 15:56:08.399,sensor-05,28.05,78.62,1024.09,1.298
2026-09-13 15:56:09.399,sensor-03,33.17,54.98,1002.53,1.235
2026-09-13 15:56:10.399,sensor-01,28.47,79.29,1015.18,0.695
2026-09-13 15:56:11.399,sensor-03,21.78,71.79,1020.94,0.498
2026-09-13 15:56:12.399,sensor-03,33.12,40.96,1013.01,0.749
2026-09-13 15:56:13.399,sensor-01,30.02,55.07,1015.47,0.156
2026-09-13 15:56:14.399,sensor-01,27.83,48.57,1003.49,0.364
2026-09-13 15:56:15.399,sensor-01,34.21,56.2,1020.22,1.464
2026-09-13 15:56:16.399,sensor-02,29.78,74.86,1015.86,0.701
2026-09-13 15:56:17.399,sensor-01,28.02,79.74,1023.97,0.157
2026-09-13 15:56:18.399,sensor-05,24.53,76.12,1001.13,1.41
2026-09-13 15:56:19.399,sensor-01,20.9,73.39,1003.89,0.849
2026-09-13 15:56:20.399,sensor-02,28.51,55.89,1011.13,0.188
2026-09-13 15:56:21.399,sensor-02,22.84,51.44,1024.11,0.232
2026-09-13 15:56:22.399,sensor-04,30.62,73.2,1024.4,1.279
2026-09-13 15:56:23.399,sensor-01,31.94,61.83,1013.59,1.358
2026-09-13 15:56:24.399,sensor-01,30.57,59.32,1011.41,0.641
2026-09-13 15:56:25.399,sensor-02,21.35,43.1,1019.5,0.725
2026-09-13 15:56:26.399,sensor-05,29.18,41.41,1003.94,0.388
2026-09-13 15:56:27.399,sensor-05,27.74,7.3,1024.43,0.431
2026-09-13 15:56:28.399,sensor-01,22.93,62.74,1022.81,0.852
2026-09-13 15:56:29.399,sensor-01,23.03,72.02,1015.44,1.31
2026-09-13 15:56:30.399,sensor-02,21.36,49.04,1010.95,1.424
2026-09-13 15:56:31.399,sensor-01,31.56,61.62,1004.57,0.549
2026-09-13 15:56:32.399,sensor-04,26.52,49.15,1018.05,0.336
2026-09-13 15:56:33.399,sensor-05,22.82,44.29,1012.44,0.827
2026-09-13 15:56:34.399,sensor-03,34.92,59.45,1011.95,0.69
2026-09-13 15:56:35.399,sensor-01,28.89,49.12,1015.94,0.171
2026-09-13 15:56:36.399,sensor-03,33.45,59.02,1001.51,1.251
2026-09-13 15:56:37.399,sensor-02,31.73,57.13,1015.95,1.299
2026-09-13 15:56:38.399,sensor-02,29.94,66.87,1024.01,0.619
2026-09-13 15:56:39.399,sensor-03,32.18,60.23,1018.41,0.744
2026-09-13 15:56:40.399,sensor-04,21.97,47.94,1015.67,1.146
2026-09-13 15:56:41.399,sensor-02,24.09,44.43,1023.9,0.316
2026-09-13 15:56:42.399,sensor-02,27.94,75.31,1019.01,1.091
2026-09-13 15:56:43.399,sensor-02,25.37,59.14,1003.69,0.483
2026-09-13 15:56:44.399,sensor-01,28.25,68.2,1001.75,0.774
2026-09-13 15:56:45.399,sensor-02,31.22,72.6,1011.21,1.249
2026-09-13 15:56:46.399,sensor-02,22.65,58.7,1009.8,0.437
2026-09-13 15:56:47.399,sensor-05,24.71,50.91,1003.27,0.714
2026-09-13 15:56:48.399,sensor-02,23.54,70.53,1023.25,0.797
2026-09-13 15:56:49.399,sensor-03,33.01,79.95,1015.34,1.346
2026-09-13 15:56:50.399,sensor-04,26.91,43.25,1000.4,0.768
2026-09-13 15:56:51.399,sensor-04,26.11,62.73,1013.8,1.271
2026-09-13 15:56:52.399,sensor-02,31.9,73.91,1024.87,1.322
2026-09-13 15:56:53.399,sensor-03,24.72,56.07,1006.7,0.949
2026-09-13 15:56:54.399,sensor-02,28.36,51.85,1004.24,0.373
2026-09-13 15:56:55.399,sensor-04,34.24,56.12,1020.85,1.054
2026-09-13 15:56:56.399,sensor-01,32.18,50.59,1022.83,0.296
2026-09-13 15:56:57.399,sensor-01,32.22,49.41,1006.91,1.45
2026-09-13 15:56:58.399,sensor-03,26.49,50.12,1019.39,1.181
2026-09-13 15:56:59.399,sensor-05,32.53,48.52,1000.11,0.9
2026-09-13 15:57:00.399,sensor-01,23.12,60.76,1020.25,0.225
2026-09-13 15:57:01.399,sensor-03,31.21,54.86,1004.72,0.374
2026-09-13 15:57:02.399,sensor-03,32.93,65.69,1017.26,1.476
2026-09-13 15:57:03.399,sensor-05,26.05,76.93,1006.15,1.122
2026-09-13 15:57:04.399,sensor-01,27.02,48.02,1004.63,0.749
2026-09-13 15:57:05.399,sensor-01,31.94,76.3,1020.07,0.472
2026-09-13 15:57:06.399,sensor-02,22.03,77.75,1010.05,0.415
2026-09-13 15:57:07.399,sensor-01,25.99,41.4,1004.05,0.995
2026-09-13 15:57:08.399,sensor-02,33.76,74.04,1021.21,0.419
2026-09-13 15:57:09.399,sensor-01,33.01,52.23,1015.47,1.164
2026-09-13 15:57:10.399,sensor-04,34.08,69.13,1011.03,1.327
2026-09-13 15:57:11.399,sensor-05,31.17,72.82,1018.73,0.503
2026-09-13 15:57:12.399,sensor-02,27.54,60.21,1014.57,0.653
2026-09-13 15:57:13.399,sensor-04,33.7,49.87,1018.41,1.049
2026-09-13 15:57:14.399,sensor-01,31.93,78.43,1018.05,1.385
2026-09-13 15:57:15.399,sensor-03,25.28,65.53,1011.85,1.481
2026-09-13 15:57:16.399,sensor-03,33.13,51.36,1019.69,0.636
2026-09-13 15:57:17.399,sensor-02,33.25,52.05,1019.25,0.572
2026-09-13 15:57:18.399,sensor-04,32.44,40.98,1005.5,1.097
2026-09-13 15:57:19.399,sensor-02,78.35,5.76,972.49,7.576
2026-09-13 15:57:20.399,sensor-03,33.0,69.84,1022.14,0.402
2026-09-13 15:57:21.399,sensor-04,23.69,49.23,1000.68,1.442
2026-09-13 15:57:22.399,sensor-01,29.53,69.76,1013.29,0.767
2026-09-13 15:57:23.399,sensor-04,23.02,75.52,1020.29,0.589
2026-09-13 15:57:24.399,sensor-05,22.12,78.89,1022.57,1.391
2026-09-13 15:57:25.399,sensor-01,23.18,43.6,1003.0,0.2
2026-09-13 15:57:26.399,sensor-01,21.11,45.3,1020.68,0.912
2026-09-13 15:57:27.399,sensor-04,33.23,65.54,1013.05,1.098
2026-09-13 15:57:28.399,sensor-03,25.19,58.71,1004.24,1.215
2026-09-13 15:57:29.399,sensor-01,23.7,73.68,1008.26,1.06
2026-09-13 15:57:30.399,sensor-04,21.17,70.6,1007.69,0.403
2026-09-13 15:57:31.399,sensor-05,24.43,62.75,1007.25,0.876
2026-09-13 15:57:32.399,sensor-03,29.16,64.94,1003.38,1.071
2026-09-13 15:57:33.399,sensor-04,21.11,57.87,1010.23,0.221
2026-09-13 15:57:34.399,sensor-01,26.61,69.72,1005.93,1.262
2026-09-13 15:57:35.399,sensor-04,27.09,59.97,1015.49,1.399
2026-09-13 15:57:36.399,sensor-04,27.93,64.08,1018.44,0.201
2026-09-13 15:57:37.399,sensor-03,33.83,59.74,1011.71,1.447
2026-09-13 15:57:38.399,sensor-02,22.71,48.68,1002.38,0.101
2026-09-13 15:57:39.399,sensor-04,31.0,41.29,1014.25,0.316
2026-09-13 15:57:40.399,sensor-02,22.51,65.07,1008.16,0.998
2026-09-13 15:57:41.399,sensor-04,23.46,76.23,1012.51,1.159
2026-09-13 15:57:42.399,sensor-04,34.98,48.96,1007.17,0.451
2026-09-13 15:57:43.399,sensor-03,34.9,79.61,1013.17,0.995
2026-09-13 15:57:44.399,sensor-05,33.99,48.15,1013.21,1.266
2026-09-13 15:57:45.399,sensor-03,34.78,79.4,1022.65,1.218
2026-09-13 15:57:46.399,sensor-03,24.81,61.89,1014.02,0.808
2026-09-13 15:57:47.399,sensor-03,31.24,53.34,1008.27,0.278
2026-09-13 15:57:48.399,sensor-01,32.76,57.85,1005.7,1.163
2026-09-13 15:57:49.399,sensor-01,24.75,47.08,1016.4,0.485
2026-09-13 15:57:50.399,sensor-03,20.82,63.27,1000.54,1.288
2026-09-13 15:57:51.399,sensor-04,26.67,57.71,1001.79,1.224
2026-09-13 15:57:52.399,sensor-05,20.17,47.14,1022.6,0.869
2026-09-13 15:57:53.399,sensor-02,29.9,68.99,1014.99,1.434
2026-09-13 15:57:54.399,sensor-02,71.34,59.09,1008.99,0.414
2026-09-13 15:57:55.399,sensor-03,20.28,57.57,1016.1,0.955
2026-09-13 15:57:56.399,sensor-05,30.68,44.11,1011.88,0.945
2026-09-13 15:57:57.399,sensor-01,20.64,48.94,1011.37,0.68
2026-09-13 15:57:58.399,sensor-05,33.89,48.05,1023.24,0.125
2026-09-13 15:57:59.399,sensor-02,34.28,40.48,1019.08,1.458
2026-09-13 15:58:00.399,sensor-05,28.25,43.13,1021.24,0.959
2026-09-13 15:58:01.399,sensor-04,26.26,62.87,1003.84,1.136
2026-09-13 15:58:02.399,sensor-04,32.73,58.9,1012.75,0.537
2026-09-13 15:58:03.399,sensor-03,31.0,54.76,1004.37,0.407
2026-09-13 15:58:04.399,sensor-05,31.01,48.61,1021.49,0.629
2026-09-13 15:58:05.399,sensor-04,23.63,64.75,1023.17,0.461
2026-09-13 15:58:06.399,sensor-05,22.26,43.54,1016.85,0.576
2026-09-13 15:58:07.399,sensor-04,27.13,70.15,1007.13,0.569
2026-09-13 15:58:08.399,sensor-03,32.64,57.86,1023.82,1.011
2026-09-13 15:58:09.399,sensor-01,33.28,59.57,1003.54,0.314
2026-09-13 15:58:10.399,sensor-01,24.3,45.59,1011.03,0.68
2026-09-13 15:58:11.399,sensor-04,24.19,41.28,1015.36,0.623
2026-09-13 15:58:12.399,sensor-01,20.21,49.93,1011.41,0.652
2026-09-13 15:58:13.399,sensor-04,25.67,61.22,1014.84,0.131
2026-09-13 15:58:14.399,sensor-02,26.32,14.02,1019.57,1.419
2026-09-13 15:58:15.399,sensor-04,24.27,71.5,1015.81,1.401
2026-09-13 15:58:16.399,sensor-01,20.64,57.8,1013.67,0.305
2026-09-13 15:58:17.399,sensor-05,20.24,58.1,1021.07,0.553
2026-09-13 15:58:18.399,sensor-05,34.67,59.0,1003.27,0.172
2026-09-13 15:58:19.399,sensor-02,27.56,43.63,1010.59,1.402
2026-09-13 15:58:20.399,sensor-01,34.57,50.35,1012.61,1.303
2026-09-13 15:58:21.399,sensor-02,32.83,55.6,1013.27,1.467
2026-09-13 15:58:22.399,sensor-03,24.52,41.24,1009.8,0.38
2026-09-13 15:58:23.399,sensor-01,30.12,50.54,1008.88,0.588
2026-09-13 15:58:24.399,sensor-01,27.0,54.45,1021.32,0.901
2026-09-13 15:58:25.399,sensor-05,25.14,41.56,1012.37,0.274
2026-09-13 15:58:26.399,sensor-01,31.21,45.23,1020.17,1.412
2026-09-13 15:58:27.399,sensor-04,30.7,79.71,1008.54,0.328
2026-09-13 15:58:28.399,sensor-04,28.0,47.12,1015.33,0.12
2026-09-13 15:58:29.399,sensor-02,20.59,9.19,1006.01,0.483
2026-09-13 15:58:30.399,sensor-01,25.68,55.41,1008.48,0.559
2026-09-13 15:58:31.399,sensor-01,20.38,48.08,1018.92,1.487
2026-09-13 15:58:32.399,sensor-03,27.98,52.58,1019.35,1.171
2026-09-13 15:58:33.399,sensor-01,33.43,57.37,1019.17,1.229
2026-09-13 15:58:34.399,sensor-05,21.42,79.77,1019.25,0.231
2026-09-13 15:58:35.399,sensor-02,20.51,70.81,1019.98,0.943
2026-09-13 15:58:36.399,sensor-01,24.14,56.57,1001.06,0.728
2026-09-13 15:58:37.399,sensor-05,25.89,57.0,1021.99,0.478
2026-09-13 15:58:38.399,sensor-03,24.92,60.1,1010.44,0.46
2026-09-13 15:58:39.399,sensor-05,22.28,54.08,1014.14,0.679
2026-09-13 15:58:40.399,sensor-02,34.55,71.39,1024.19,1.273
2026-09-13 15:58:41.399,sensor-01,27.9,46.8,1020.46,0.918
2026-09-13 15:58:42.399,sensor-05,21.73,62.55,1018.03,0.182
2026-09-13 15:58:43.399,sensor-02,32.24,42.7,1012.81,0.462
2026-09-13 15:58:44.399,sensor-01,34.06,75.79,1004.65,0.553
2026-09-13 15:58:45.399,sensor-04,30.77,57.71,1003.91,0.246
2026-09-13 15:58:46.399,sensor-03,33.09,59.3,1023.06,0.223
2026-09-13 15:58:47.399,sensor-04,33.94,77.9,1007.87,0.597
2026-09-13 15:58:48.399,sensor-03,22.85,75.94,1006.33,1.087
2026-09-13 15:58:49.399,sensor-04,20.58,66.15,1008.48,1.018
2026-09-13 15:58:50.399,sensor-05,31.23,75.05,1003.41,0.548
2026-09-13 15:58:51.399,sensor-04,28.06,51.87,1001.52,0.616
2026-09-13 15:58:52.399,sensor-02,22.95,50.48,1015.67,0.643
2026-09-13 15:58:53.399,sensor-02,28.01,70.87,1009.47,0.923
2026-09-13 15:58:54.399,sensor-03,33.65,71.75,1001.47,0.701
2026-09-13 15:58:55.399,sensor-04,34.8,58.34,1002.32,0.887
2026-09-13 15:58:56.399,sensor-04,27.62,68.94,1021.73,0.981
2026-09-13 15:58:57.399,sensor-04,31.32,73.7,1021.73,0.151
2026-09-13 15:58:58.399,sensor-02,32.91,65.94,1010.51,0.363
2026-09-13 15:58:59.399,sensor-01,30.56,48.17,1002.34,1.343
2026-09-13 15:59:00.399,sensor-01,24.38,78.88,1017.7,0.955
2026-09-13 15:59:01.399,sensor-04,78.47,16.35,964.15,9.86
2026-09-13 15:59:02.399,sensor-04,26.54,52.99,1013.04,0.704
2026-09-13 15:59:03.399,sensor-05,34.93,43.15,1009.62,0.353
2026-09-13 15:59:04.399,sensor-05,24.31,46.98,1019.1,0.795
2026-09-13 15:59:05.399,sensor-01,21.0,56.13,1002.01,0.468
2026-09-13 15:59:06.399,sensor-01,23.13,47.92,1014.34,0.797
2026-09-13 15:59:07.399,sensor-02,32.4,45.54,1010.71,1.066
2026-09-13 15:59:08.399,sensor-03,25.54,62.71,1001.73,0.338
2026-09-13 15:59:09.399,sensor-04,24.32,68.95,1001.66,1.308
2026-09-13 15:59:10.399,sensor-03,21.33,40.95,1001.41,1.295
2026-09-13 15:59:11.399,sensor-03,26.39,71.82,1012.22,0.801
2026-09-13 15:59:12.399,sensor-01,22.25,73.23,1001.29,0.769
2026-09-13 15:59:13.399,sensor-04,30.28,50.53,1010.46,0.613
2026-09-13 15:59:14.399,sensor-01,26.93,53.08,1007.64,0.451
2026-09-13 15:59:15.399,sensor-01,33.08,64.08,1003.34,1.071
2026-09-13 15:59:16.399,sensor-01,23.56,46.02,1000.22,0.166
2026-09-13 15:59:17.399,sensor-05,20.67,69.92,1001.8,0.929
2026-09-13 15:59:18.399,sensor-02,25.39,40.44,1014.88,1.488
2026-09-13 15:59:19.399,sensor-01,21.86,62.21,1014.91,1.209
2026-09-13 15:59:20.399,sensor-05,33.39,72.23,1006.18,0.878
2026-09-13 15:59:21.399,sensor-02,33.98,67.28,1024.36,0.684
2026-09-13 15:59:22.399,sensor-05,27.31,44.29,1005.92,0.839
2026-09-13 15:59:23.399,sensor-05,21.86,47.92,1019.13,0.236
2026-09-13 15:59:24.399,sensor-01,30.89,42.74,1017.3,0.984
2026-09-13 15:59:25.399,sensor-05,30.78,63.45,1008.06,1.076
2026-09-13 15:59:26.399,sensor-03,28.81,66.57,1010.93,1.159
2026-09-13 15:59:27.399,sensor-05,62.13,61.58,1012.03,0.9
2026-09-13 15:59:28.399,sensor-03,28.78,66.29,1018.01,0.998
2026-09-13 15:59:29.399,sensor-05,29.37,61.5,1015.15,0.242
2026-09-13 15:59:30.399,sensor-03,33.09,67.16,1002.26,0.929
2026-09-13 15:59:31.399,sensor-04,31.01,73.1,1014.84,0.928
2026-09-13 15:59:32.399,sensor-03,32.96,68.93,1012.99,0.616
2026-09-13 15:59:33.399,sensor-05,22.15,47.72,1009.33,1.422
2026-09-13 15:59:34.399,sensor-02,21.59,53.53,1020.39,0.637
2026-09-13 15:59:35.399,sensor-01,32.04,44.43,1015.22,1.443
2026-09-13 15:59:36.399,sensor-01,33.85,75.35,1013.05,0.873
2026-09-13 15:59:37.399,sensor-03,32.29,59.94,1000.85,1.056
2026-09-13 15:59:38.399,sensor-05,24.16,42.13,1023.51,1.412
2026-09-13 15:59:39.399,sensor-04,29.63,58.5,1010.49,0.267
2026-09-13 15:59:40.399,sensor-02,32.55,45.83,1005.67,0.868
2026-09-13 15:59:41.399,sensor-03,22.45,62.53,1009.2,0.977
2026-09-13 15:59:42.399,sensor-01,33.7,76.1,1020.73,0.984
2026-09-13 15:59:43.399,sensor-01,29.59,67.62,1000.41,1.441
2026-09-13 15:59:44.399,sensor-04,25.66,40.5,1012.74,0.81
2026-09-13 15:59:45.399,sensor-03,25.1,49.99,1013.19,0.625
2026-09-13 15:59:46.399,sensor-01,24.79,51.76,1013.58,0.799
2026-09-13 15:59:47.399,sensor-02,34.25,51.41,1017.32,0.135
2026-09-13 15:59:48.399,sensor-03,20.46,64.71,1016.96,1.145
2026-09-13 15:59:49.399,sensor-01,29.06,55.84,1001.03,0.24
2026-09-13 15:59:50.399,sensor-05,20.24,62.3,1018.78,1.257
2026-09-13 15:59:51.399,sensor-02,29.3,67.87,1021.47,0.271
2026-09-13 15:59:52.399,sensor-01,32.54,43.07,1004.87,0.105
2026-09-13 15:59:53.399,sensor-04,25.02,46.64,1011.28,0.663
2026-09-13 15:59:54.399,sensor-05,29.79,44.98,1007.38,1.379
2026-09-13 15:59:55.399,sensor-03,26.1,77.7,1023.77,0.676
2026-09-13 15:59:56.399,sensor-03,31.3,41.26,1003.6,0.96
2026-09-13 15:59:57.399,sensor-02,29.99,54.05,1022.17,1.247
2026-09-13 15:59:58.399,sensor-04,24.07,59.77,1004.94,1.305
2026-09-13 15:59:59.399,sensor-05,33.53,75.1,1023.99,0.42
2026-09-13 16:00:00.399,sensor-03,26.34,62.41,1008.57,0.504
2026-09-13 16:00:01.399,sensor-01,21.24,59.86,1022.19,0.982
2026-09-13 16:00:02.399,sensor-03,26.97,48.37,1020.57,0.378
2026-09-13 16:00:03.399,sensor-02,31.4,62.99,1021.57,0.507
2026-09-13 16:00:04.399,sensor-04,31.98,66.58,1021.16,1.49
2026-09-13 16:00:05.399,sensor-03,32.21,69.78,1011.32,1.398
2026-09-13 16:00:06.399,sensor-03,21.59,49.03,1021.02,0.655
2026-09-13 16:00:07.399,sensor-04,23.69,59.66,1020.15,1.353
2026-09-13 16:00:08.399,sensor-03,27.01,64.57,1011.18,0.658
2026-09-13 16:00:09.399,sensor-01,28.73,60.04,1011.8,1.245
2026-09-13 16:00:10.399,sensor-02,32.01,74.15,1003.84,0.916
2026-09-13 16:00:11.399,sensor-01,31.09,49.55,1016.79,0.457
2026-09-13 16:00:12.399,sensor-05,25.72,75.03,1024.67,1.325
2026-09-13 16:00:13.399,sensor-04,32.29,41.29,1009.83,1.319
2026-09-13 16:00:14.399,sensor-03,25.82,72.49,1017.74,0.756
2026-09-13 16:00:15.399,sensor-02,23.45,46.82,1016.07,1.461
2026-09-13 16:00:16.399,sensor-02,22.09,74.42,1005.66,0.804
2026-09-13 16:00:17.399,sensor-04,20.18,62.26,1012.81,1.23
2026-09-13 16:00:18.399,sensor-03,22.52,69.63,1019.62,0.291
2026-09-13 16:00:19.399,sensor-03,33.39,40.11,1007.47,0.877
2026-09-13 16:00:20.399,sensor-02,26.9,47.26,1013.24,1.089
2026-09-13 16:00:21.399,sensor-03,21.4,73.78,1004.37,1.171
2026-09-13 16:00:22.399,sensor-04,23.09,47.47,1012.43,0.146
2026-09-13 16:00:23.399,sensor-05,30.86,73.5,1002.02,1.335
2026-09-13 16:00:24.399,sensor-05,30.48,66.97,1013.13,1.014
2026-09-13 16:00:25.399,sensor-01,21.51,52.63,1001.81,1.423
2026-09-13 16:00:26.399,sensor-04,32.62,79.64,1004.04,1.219
2026-09-13 16:00:27.399,sensor-01,20.73,70.16,1008.87,1.008
2026-09-13 16:00:28.399,sensor-02,22.03,44.68,1002.58,0.993
2026-09-13 16:00:29.399,sensor-03,23.25,67.68,1017.17,0.855
2026-09-13 16:00:30.399,sensor-02,32.54,43.01,1018.5,1.484
2026-09-13 16:00:31.399,sensor-02,28.69,65.07,1008.83,1.051
2026-09-13 16:00:32.399,sensor-05,27.39,42.45,1014.9,0.267
2026-09-13 16:00:33.399,sensor-05,24.93,15.4,1004.6,0.332
2026-09-13 16:00:34.399,sensor-02,20.6,41.13,1013.97,0.496
2026-09-13 16:00:35.399,sensor-03,33.85,51.51,1016.98,0.176
2026-09-13 16:00:36.399,sensor-03,34.71,69.56,1011.63,0.408
2026-09-13 16:00:37.399,sensor-04,23.33,58.05,1011.57,1.257
2026-09-13 16:00:38.399,sensor-04,62.99,65.99,1006.76,0.62
2026-09-13 16:00:39.399,sensor-03,26.57,49.81,1005.24,0.923
2026-09-13 16:00:40.399,sensor-01,31.51,55.06,1009.51,0.704
2026-09-13 16:00:41.399,sensor-01,24.81,70.32,1023.49,1.025
2026-09-13 16:00:42.399,sensor-04,26.87,56.58,1013.13,0.545
2026-09-13 16:00:43.399,sensor-02,26.22,44.95,1010.26,0.88
2026-09-13 16:00:44.399,sensor-01,29.32,58.31,1000.51,0.449
2026-09-13 16:00:45.399,sensor-01,52.81,50.98,1010.03,0.841
2026-09-13 16:00:46.399,sensor-05,28.25,53.16,953.25,0.411
2026-09-13 16:00:47.399,sensor-03,21.9,45.86,1024.53,0.965
2026-09-13 16:00:48.399,sensor-05,21.33,78.98,1005.1,0.972
2026-09-13 16:00:49.399,sensor-04,25.76,77.25,1003.73,1.496
2026-09-13 16:00:50.399,sensor-04,34.52,42.3,1023.07,0.895
2026-09-13 16:00:51.399,sensor-05,22.24,61.34,1016.84,0.739
2026-09-13 16:00:52.399,sensor-01,32.82,7.42,1017.72,1.499
2026-09-13 16:00:53.399,sensor-04,20.9,63.59,1017.1,0.923
2026-09-13 16:00:54.399,sensor-05,30.46,63.77,1005.19,0.888
2026-09-13 16:00:55.399,sensor-05,27.08,52.86,1002.15,14.866
2026-09-13 16:00:56.399,sensor-02,32.22,46.75,1007.09,0.686
2026-09-13 16:00:57.399,sensor-01,31.98,78.31,1021.88,0.315
2026-09-13 16:00:58.399,sensor-04,57.44,60.72,1008.41,0.32
2026-09-13 16:00:59.399,sensor-05,31.96,78.79,1002.52,0.929
2026-09-13 16:01:00.399,sensor-02,28.14,52.82,1007.09,0.903
2026-09-13 16:01:01.399,sensor-03,29.76,45.13,1023.26,0.808
2026-09-13 16:01:02.399,sensor-05,29.81,68.4,1017.9,1.325
2026-09-13 16:01:03.399,sensor-02,21.49,64.25,1001.66,0.438
2026-09-13 16:01:04.399,sensor-01,28.23,46.41,1015.26,1.207
2026-09-13 16:01:05.399,sensor-02,28.23,62.52,1011.82,1.017
2026-09-13 16:01:06.399,sensor-02,34.69,43.92,1020.73,0.932
2026-09-13 16:01:07.399,sensor-04,21.27,70.98,1014.75,0.255
2026-09-13 16:01:08.399,sensor-03,31.26,51.72,1022.23,1.167
2026-09-13 16:01:09.399,sensor-02,30.63,77.93,1002.29,0.557
2026-09-13 16:01:10.399,sensor-03,25.9,69.69,1011.86,0.899
2026-09-13 16:01:11.399,sensor-01,24.0,74.39,1015.06,0.629
2026-09-13 16:01:12.399,sensor-04,20.97,50.16,1005.75,1.48
2026-09-13 16:01:13.399,sensor-04,20.07,47.37,1015.89,0.632
2026-09-13 16:01:14.399,sensor-02,31.47,57.9,1018.74,1.466
2026-09-13 16:01:15.399,sensor-04,33.78,49.95,1022.16,0.237
2026-09-13 16:01:16.399,sensor-05,31.74,64.58,1012.39,0.964
2026-09-13 16:01:17.399,sensor-02,24.05,63.91,1011.05,0.442
2026-09-13 16:01:18.399,sensor-01,25.61,57.84,1010.24,0.355
2026-09-13 16:01:19.399,sensor-03,20.24,78.56,1020.39,1.113
2026-09-13 16:01:20.399,sensor-02,33.6,53.5,1015.27,0.952
2026-09-13 16:01:21.399,sensor-02,21.71,66.37,1019.52,1.165
2026-09-13 16:01:22.399,sensor-01,23.08,58.14,1013.67,1.387
2026-09-13 16:01:23.399,sensor-05,32.75,78.58,1011.64,0.166
2026-09-13 16:01:24.399,sensor-01,25.85,50.31,1004.25,1.434
2026-09-13 16:01:25.399,sensor-05,31.41,65.64,1016.9,0.564
2026-09-13 16:01:26.399,sensor-03,22.8,77.51,1007.54,0.457
2026-09-13 16:01:27.399,sensor-04,26.77,65.3,1003.99,1.043
2026-09-13 16:01:28.399,sensor-01,24.09,46.49,1008.31,0.564
2026-09-13 16:01:29.399,sensor-01,22.9,61.67,1003.22,1.064
2026-09-13 16:01:30.399,sensor-03,26.4,76.04,1002.46,0.16
2026-09-13 16:01:31.399,sensor-04,32.65,42.27,1019.42,0.627
2026-09-13 16:01:32.399,sensor-01,22.6,79.84,1001.59,1.258
2026-09-13 16:01:33.399,sensor-04,30.68,74.34,1004.59,0.101
2026-09-13 16:01:34.399,sensor-05,25.31,44.95,1004.65,0.564
2026-09-13 16:01:35.399,sensor-01,33.74,52.48,1024.56,1.45
2026-09-13 16:01:36.399,sensor-03,30.72,64.03,1017.27,0.235
2026-09-13 16:01:37.399,sensor-01,29.06,79.46,1016.8,1.095
2026-09-13 16:01:38.399,sensor-03,78.11,41.61,1021.68,0.611
2026-09-13 16:01:39.399,sensor-05,23.86,59.66,1004.34,0.181
2026-09-13 16:01:40.399,sensor-03,32.96,45.73,1007.21,10.534
2026-09-13 16:01:41.399,sensor-04,29.72,55.52,1013.88,0.232
2026-09-13 16:01:42.399,sensor-03,33.98,70.46,1023.07,1.383
2026-09-13 16:01:43.399,sensor-05,26.25,40.14,1001.56,0.253
2026-09-13 16:01:44.399,sensor-05,25.28,68.05,1019.77,0.926
2026-09-13 16:01:45.399,sensor-04,25.32,40.52,1007.01,0.563
2026-09-13 16:01:46.399,sensor-05,32.18,70.4,1017.39,0.295
2026-09-13 16:01:47.399,sensor-04,22.92,65.92,1012.09,0.715
2026-09-13 16:01:48.399,sensor-02,27.77,44.0,1004.11,0.286
2026-09-13 16:01:49.399,sensor-02,25.33,52.88,1022.46,0.888
2026-09-13 16:01:50.399,sensor-04,24.5,44.59,1013.91,0.584
2026-09-13 16:01:51.399,sensor-05,27.09,78.85,1013.83,0.479
2026-09-13 16:01:52.399,sensor-01,20.56,72.16,1002.54,0.532
2026-09-13 16:01:53.399,sensor-01,21.19,67.84,1001.79,0.768
2026-09-13 16:01:54.399,sensor-05,23.42,47.55,1019.09,1.432
2026-09-13 16:01:55.399,sensor-05,28.92,65.67,1017.75,1.086
2026-09-13 16:01:56.399,sensor-03,27.25,61.33,1008.1,0.247
2026-09-13 16:01:57.399,sensor-01,24.13,43.77,1004.77,0.994
2026-09-13 16:01:58.399,sensor-04,26.32,43.61,1010.83,0.594
2026-09-13 16:01:59.399,sensor-03,27.37,59.48,1024.16,1.159
2026-09-13 16:02:00.399,sensor-05,27.19,41.06,1023.56,0.547
2026-09-13 16:02:01.399,sensor-05,30.78,41.89,1001.55,0.136
2026-09-13 16:02:02.399,sensor-03,21.07,77.34,1023.42,0.864
2026-09-13 16:02:03.399,sensor-02,20.96,69.5,1002.54,0.22
2026-09-13 16:02:04.399,sensor-02,20.19,57.36,1017.69,1.222
2026-09-13 16:02:05.399,sensor-05,26.1,73.95,1012.66,0.412
2026-09-13 16:02:06.399,sensor-02,24.12,41.05,1006.07,0.613
2026-09-13 16:02:07.399,sensor-03,33.25,51.69,1013.02,0.576
2026-09-13 16:02:08.399,sensor-01,22.36,44.14,1012.57,1.041
2026-09-13 16:02:09.399,sensor-02,31.61,55.71,959.87,0.263
2026-09-13 16:02:10.399,sensor-03,25.34,62.42,1012.02,1.049
2026-09-13 16:02:11.399,sensor-04,24.77,53.85,1014.63,0.935
2026-09-13 16:02:12.399,sensor-02,30.41,65.9,1003.38,0.717
2026-09-13 16:02:13.399,sensor-04,20.54,74.21,1004.08,0.81
2026-09-13 16:02:14.399,sensor-01,33.73,58.2,1023.86,0.501
2026-09-13 16:02:15.399,sensor-05,33.84,62.27,1005.07,1.059
2026-09-13 16:02:16.399,sensor-05,26.59,50.74,1003.46,1.078
2026-09-13 16:02:17.399,sensor-01,20.43,69.62,1023.17,0.205
2026-09-13 16:02:18.399,sensor-04,29.72,42.75,1020.86,0.833
2026-09-13 16:02:19.399,sensor-04,33.17,72.5,1012.9,0.452
2026-09-13 16:02:20.399,sensor-01,29.88,45.36,1012.78,0.176
2026-09-13 16:02:21.399,sensor-02,23.48,64.8,1019.67,0.18
2026-09-13 16:02:22.399,sensor-05,25.13,66.36,1010.07,0.316
2026-09-13 16:02:23.399,sensor-01,21.3,75.14,1023.11,1.25
2026-09-13 16:02:24.399,sensor-03,34.77,49.92,1001.9,0.887
2026-09-13 16:02:25.399,sensor-01,24.84,40.28,1014.91,0.47
2026-09-13 16:02:26.399,sensor-01,25.47,75.16,1008.42,1.051
2026-09-13 16:02:27.399,sensor-01,79.73,72.87,1017.3,0.883
2026-09-13 16:02:28.399,sensor-02,31.73,77.5,1022.56,0.129
2026-09-13 16:02:29.399,sensor-03,31.84,40.27,1007.2,1.152
2026-09-13 16:02:30.399,sensor-03,29.3,52.05,1007.76,1.453
2026-09-13 16:02:31.399,sensor-03,28.28,56.38,1013.82,0.705
2026-09-13 16:02:32.399,sensor-01,33.64,77.28,1014.11,0.719
2026-09-13 16:02:33.399,sensor-05,28.44,68.0,1018.74,1.047
2026-09-13 16:02:34.399,sensor-03,23.13,59.93,1014.71,0.103
2026-09-13 16:02:35.399,sensor-04,21.94,72.65,1017.93,1.162
2026-09-13 16:02:36.399,sensor-05,32.81,56.56,1014.26,0.101
2026-09-13 16:02:37.399,sensor-04,28.51,59.86,1020.25,1.054
2026-09-13 16:02:38.399,sensor-05,34.39,68.29,1024.7,1.46
2026-09-13 16:02:39.399,sensor-04,29.14,46.89,1013.58,1.172
2026-09-13 16:02:40.399,sensor-04,33.02,44.39,1009.52,0.808
2026-09-13 16:02:41.399,sensor-01,64.2,73.5,1012.11,0.168
2026-09-13 16:02:42.399,sensor-01,30.58,71.81,1005.71,0.929
2026-09-13 16:02:43.399,sensor-01,24.55,75.55,1013.6,1.34
2026-09-13 16:02:44.399,sensor-02,27.06,59.2,1024.94,0.26
2026-09-13 16:02:45.399,sensor-01,32.96,62.13,1008.6,0.827
2026-09-13 16:02:46.399,sensor-04,27.47,77.03,1015.57,0.82
2026-09-13 16:02:47.399,sensor-04,27.56,76.18,1004.61,1.463
2026-09-13 16:02:48.399,sensor-05,27.24,73.49,1007.67,1.167
2026-09-13 16:02:49.399,sensor-03,24.61,57.83,1008.06,0.642
2026-09-13 16:02:50.399,sensor-02,31.18,42.95,1019.14,1.209
2026-09-13 16:02:51.399,sensor-04,30.84,76.61,1020.02,0.647
2026-09-13 16:02:52.399,sensor-04,24.39,72.16,1008.2,1.228
2026-09-13 16:02:53.399,sensor-02,20.67,79.91,1021.74,1.336
2026-09-13 16:02:54.399,sensor-03,24.3,45.2,1012.53,0.408
2026-09-13 16:02:55.399,sensor-02,20.06,45.73,1006.16,0.379
2026-09-13 16:02:56.399,sensor-04,24.91,64.6,1022.26,0.944
2026-09-13 16:02:57.399,sensor-02,25.48,46.39,1008.01,1.45
2026-09-13 16:02:58.399,sensor-02,26.76,73.42,1016.71,0.885
2026-09-13 16:02:59.399,sensor-03,30.09,65.71,1004.74,0.249
2026-09-13 16:03:00.399,sensor-03,26.24,63.56,1001.55,1.251
2026-09-13 16:03:01.399,sensor-04,32.07,61.38,1006.91,0.142
2026-09-13 16:03:02.399,sensor-01,20.78,70.24,1008.75,0.645
2026-09-13 16:03:03.399,sensor-04,32.89,51.89,1005.25,0.533
2026-09-13 16:03:04.399,sensor-02,21.24,46.34,1010.43,1.331
2026-09-13 16:03:05.399,sensor-02,23.19,76.33,1022.25,1.051
2026-09-13 16:03:06.399,sensor-03,23.17,45.14,1009.5,0.906
2026-09-13 16:03:07.399,sensor-02,29.16,51.85,1008.65,1.207
2026-09-13 16:03:08.399,sensor-02,28.57,51.13,1001.33,1.133
2026-09-13 16:03:09.399,sensor-02,26.39,59.48,1004.61,0.232
2026-09-13 16:03:10.399,sensor-05,29.23,55.26,1000.97,0.94
2026-09-13 16:03:11.399,sensor-01,28.14,70.08,962.9,0.519
2026-09-13 16:03:12.399,sensor-01,33.25,49.76,1014.35,1.058
2026-09-13 16:03:13.399,sensor-01,24.97,66.8,1010.98,1.128
2026-09-13 16:03:14.399,sensor-02,31.38,79.69,1018.86,1.293
2026-09-13 16:03:15.399,sensor-04,32.03,77.39,1011.88,0.994
2026-09-13 16:03:16.399,sensor-04,32.77,57.25,1020.49,1.219
2026-09-13 16:03:17.399,sensor-02,30.64,70.28,1023.41,1.37
2026-09-13 16:03:18.399,sensor-05,28.69,46.69,1024.37,0.457
2026-09-13 16:03:19.399,sensor-04,26.62,48.45,1004.72,1.299
2026-09-13 16:03:20.399,sensor-03,21.35,68.68,1006.25,1.327
2026-09-13 16:03:21.399,sensor-02,21.27,60.46,1011.27,1.152
2026-09-13 16:03:22.399,sensor-01,25.16,50.47,1006.95,1.399
2026-09-13 16:03:23.399,sensor-05,24.9,43.54,1006.22,0.182
2026-09-13 16:03:24.399,sensor-02,27.69,53.48,1016.55,0.983
2026-09-13 16:03:25.399,sensor-05,30.21,72.71,1019.81,0.788
2026-09-13 16:03:26.399,sensor-02,21.17,70.32,1024.05,0.219
2026-09-13 16:03:27.399,sensor-05,23.39,60.99,1023.2,1.444
2026-09-13 16:03:28.399,sensor-01,66.87,14.8,969.47,12.784
2026-09-13 16:03:29.399,sensor-03,26.23,50.94,1000.39,0.389
2026-09-13 16:03:30.399,sensor-01,20.3,46.3,1016.65,0.981
2026-09-13 16:03:31.399,sensor-04,31.97,62.71,1003.44,0.89
2026-09-13 16:03:32.399,sensor-03,25.85,57.11,1007.0,1.06
2026-09-13 16:03:33.399,sensor-02,31.53,65.11,1013.46,0.144
2026-09-13 16:03:34.399,sensor-03,24.06,53.11,1023.39,0.974
2026-09-13 16:03:35.399,sensor-04,29.31,56.55,1011.75,0.506
2026-09-13 16:03:36.399,sensor-04,20.6,71.8,1007.07,1.056
2026-09-13 16:03:37.399,sensor-04,29.79,64.33,1023.98,0.812
2026-09-13 16:03:38.399,sensor-04,23.54,51.33,1010.6,0.489
2026-09-13 16:03:39.399,sensor-04,25.86,64.15,1005.5,1.226
2026-09-13 16:03:40.399,sensor-04,21.22,58.8,1000.71,1.046
2026-09-13 16:03:41.399,sensor-04,34.24,52.96,1014.1,0.46
2026-09-13 16:03:42.399,sensor-03,25.56,48.15,1002.79,0.268
2026-09-13 16:03:43.399,sensor-02,26.18,40.08,1023.82,0.128
2026-09-13 16:03:44.399,sensor-01,33.72,68.52,1011.59,14.869
2026-09-13 16:03:45.399,sensor-05,33.93,50.19,1003.56,1.029
2026-09-13 16:03:46.399,sensor-05,27.85,76.98,1015.5,0.535
2026-09-13 16:03:47.399,sensor-01,22.88,45.73,1020.26,1.087
2026-09-13 16:03:48.399,sensor-04,25.62,66.74,1020.32,1.334
2026-09-13 16:03:49.399,sensor-05,27.67,58.98,1021.64,0.641
2026-09-13 16:03:50.399,sensor-03,24.57,60.75,1013.62,1.025
2026-09-13 16:03:51.399,sensor-02,33.0,53.84,1023.07,0.39
2026-09-13 16:03:52.399,sensor-04,28.05,73.15,1003.47,1.374
2026-09-13 16:03:53.399,sensor-03,27.65,41.44,1012.43,0.469
2026-09-13 16:03:54.399,sensor-05,29.74,59.91,1002.33,0.202
2026-09-13 16:03:55.399,sensor-01,29.12,47.11,1022.04,0.394
2026-09-13 16:03:56.399,sensor-04,33.14,51.81,1010.64,1.443
2026-09-13 16:03:57.399,sensor-04,21.03,63.73,1024.73,1.426
2026-09-13 16:03:58.399,sensor-05,25.94,52.62,1003.24,1.073
2026-09-13 16:03:59.399,sensor-02,21.36,59.92,1003.95,0.705
2026-09-13 16:04:00.399,sensor-04,34.31,45.8,1013.05,0.376
2026-09-13 16:04:01.399,sensor-02,20.82,45.58,1012.34,1.013
2026-09-13 16:04:02.399,sensor-03,26.62,63.25,1005.86,0.621
2026-09-13 16:04:03.399,sensor-02,27.0,79.62,1024.91,1.471
2026-09-13 16:04:04.399,sensor-05,21.21,52.94,1005.94,0.12
2026-09-13 16:04:05.399,sensor-03,25.09,47.21,1017.9,0.6
2026-09-13 16:04:06.399,sensor-03,23.61,61.54,1004.6,0.793
2026-09-13 16:04:07.399,sensor-02,66.95,50.55,1004.31,1.402
2026-09-13 16:04:08.399,sensor-03,23.76,58.11,1002.19,1.11
2026-09-13 16:04:09.399,sensor-03,22.9,52.6,1022.56,1.215
2026-09-13 16:04:10.399,sensor-04,29.94,59.2,1022.63,0.815
2026-09-13 16:04:11.399,sensor-05,29.61,61.85,1003.1,0.65
2026-09-13 16:04:12.399,sensor-05,25.68,72.86,1011.06,1.155
2026-09-13 16:04:13.399,sensor-02,33.87,59.22,1006.49,0.438
2026-09-13 16:04:14.399,sensor-02,30.76,77.98,1016.73,0.866
2026-09-13 16:04:15.399,sensor-03,32.42,73.99,1007.33,1.435
2026-09-13 16:04:16.399,sensor-05,34.5,68.15,1004.04,0.921
2026-09-13 16:04:17.399,sensor-04,31.84,51.25,1017.38,1.374
2026-09-13 16:04:18.399,sensor-02,29.71,56.79,1004.37,0.141
2026-09-13 16:04:19.399,sensor-02,29.74,62.96,1003.91,0.731
2026-09-13 16:04:20.399,sensor-02,30.94,52.39,1013.5,1.393
2026-09-13 16:04:21.399,sensor-03,29.26,42.93,1004.45,0.241
2026-09-13 16:04:22.399,sensor-05,22.8,48.77,1008.08,0.928
2026-09-13 16:04:23.399,sensor-03,30.3,76.21,1007.38,1.022
2026-09-13 16:04:24.399,sensor-02,33.61,43.82,1017.8,1.119
2026-09-13 16:04:25.399,sensor-02,27.78,52.86,1020.69,1.179
2026-09-13 16:04:26.399,sensor-04,24.02,63.58,1021.63,0.545
2026-09-13 16:04:27.399,sensor-04,34.27,71.93,1022.18,0.639
2026-09-13 16:04:28.399,sensor-01,27.78,59.17,1019.96,1.372
2026-09-13 16:04:29.399,sensor-03,75.68,57.1,1012.76,0.813
2026-09-13 16:04:30.399,sensor-02,64.23,71.83,1009.76,0.841
2026-09-13 16:04:31.399,sensor-05,23.83,41.25,1017.26,0.709
2026-09-13 16:04:32.399,sensor-01,28.07,18.62,1011.85,0.913
2026-09-13 16:04:33.399,sensor-01,26.76,48.29,1013.09,0.492
2026-09-13 16:04:34.399,sensor-02,25.95,65.55,1006.22,0.127
2026-09-13 16:04:35.399,sensor-03,26.89,78.48,1017.67,1.494
2026-09-13 16:04:36.399,sensor-04,31.84,62.22,1015.29,1.48
2026-09-13 16:04:37.399,sensor-05,30.89,45.1,1017.49,0.778
2026-09-13 16:04:38.399,sensor-02,32.1,44.17,1003.35,0.197
2026-09-13 16:04:39.399,sensor-01,30.86,62.09,1020.9,0.492
2026-09-13 16:04:40.399,sensor-01,21.76,75.38,1004.38,0.243
2026-09-13 16:04:41.399,sensor-05,21.59,64.58,1018.65,1.152
2026-09-13 16:04:42.399,sensor-01,20.92,57.95,1005.06,1.079
2026-09-13 16:04:43.399,sensor-03,21.7,62.7,1004.64,1.051
2026-09-13 16:04:44.399,sensor-03,34.64,67.38,1004.54,0.12
2026-09-13 16:04:45.399,sensor-01,23.28,74.91,1015.08,0.347
2026-09-13 16:04:46.399,sensor-04,23.84,79.05,1000.82,1.125
2026-09-13 16:04:47.399,sensor-01,22.58,55.37,1021.7,0.852
2026-09-13 16:04:48.399,sensor-03,31.75,73.12,1011.91,0.812
2026-09-13 16:04:49.399,sensor-02,32.82,40.83,1004.89,1.22
2026-09-13 16:04:50.399,sensor-05,22.25,47.47,1013.27,1.285
2026-09-13 16:04:51.399,sensor-01,26.98,78.25,1006.98,1.443
2026-09-13 16:04:52.399,sensor-03,24.25,72.68,1017.15,0.817
2026-09-13 16:04:53.399,sensor-05,31.9,70.28,1024.96,0.77
2026-09-13 16:04:54.399,sensor-05,32.94,48.46,1001.05,0.667
2026-09-13 16:04:55.399,sensor-02,30.5,40.29,1008.88,0.962
2026-09-13 16:04:56.399,sensor-05,33.45,46.25,1022.74,0.403
2026-09-13 16:04:57.399,sensor-04,21.27,42.61,1001.87,0.926
2026-09-13 16:04:58.399,sensor-05,26.04,57.79,1014.73,0.846
2026-09-13 16:04:59.399,sensor-03,30.71,79.89,1008.76,0.117
2026-09-13 16:05:00.399,sensor-05,28.3,53.77,1023.5,0.978
2026-09-13 16:05:01.399,sensor-04,23.88,72.79,1000.08,0.968
2026-09-13 16:05:02.399,sensor-01,31.82,74.15,1009.92,1.254
2026-09-13 16:05:03.399,sensor-04,20.88,48.06,1013.77,0.182
2026-09-13 16:05:04.399,sensor-05,32.6,76.81,1002.54,1.416
2026-09-13 16:05:05.399,sensor-03,32.6,42.81,1000.46,0.135
2026-09-13 16:05:06.399,sensor-03,32.17,45.1,1003.12,0.896
2026-09-13 16:05:07.399,sensor-04,34.24,70.64,1021.93,0.827
2026-09-13 16:05:08.399,sensor-02,22.74,42.73,1016.4,0.173
2026-09-13 16:05:09.399,sensor-04,34.28,52.56,1012.15,1.138
2026-09-13 16:05:10.399,sensor-02,28.13,66.38,1024.47,1.143
2026-09-13 16:05:11.399,sensor-03,28.83,45.86,1010.8,0.498
2026-09-13 16:05:12.399,sensor-04,27.68,46.63,1014.76,0.338
2026-09-13 16:05:13.399,sensor-01,33.44,41.05,1013.05,0.548
2026-09-13 16:05:14.399,sensor-05,27.07,73.68,1022.88,0.525
2026-09-13 16:05:15.399,sensor-04,28.73,48.04,1019.01,0.827
2026-09-13 16:05:16.399,sensor-05,25.39,57.56,1004.51,1.159
2026-09-13 16:05:17.399,sensor-04,31.97,69.86,1000.49,0.482
2026-09-13 16:05:18.399,sensor-03,28.93,76.77,1009.39,1.325
2026-09-13 16:05:19.399,sensor-02,20.78,69.7,1003.77,0.46
2026-09-13 16:05:20.399,sensor-04,28.02,40.56,1000.06,0.815
2026-09-13 16:05:21.399,sensor-01,29.2,49.14,1014.81,0.631
2026-09-13 16:05:22.399,sensor-05,22.07,49.47,1000.75,0.531
2026-09-13 16:05:23.399,sensor-05,25.58,63.03,1014.18,1.26
2026-09-13 16:05:24.399,sensor-04,24.45,52.07,1001.02,0.541
2026-09-13 16:05:25.399,sensor-05,21.64,58.32,1009.53,0.785
2026-09-13 16:05:26.399,sensor-02,20.3,73.69,1024.34,1.015
2026-09-13 16:05:27.399,sensor-03,25.01,45.96,1014.6,0.163
2026-09-13 16:05:28.399,sensor-05,26.31,56.59,1008.18,1.457
2026-09-13 16:05:29.399,sensor-01,22.48,66.34,1024.8,0.43
2026-09-13 16:05:30.399,sensor-02,24.18,65.92,1001.01,0.794
2026-09-13 16:05:31.399,sensor-03,23.57,73.14,1024.25,0.743
2026-09-13 16:05:32.399,sensor-01,31.86,49.66,1021.61,0.492
2026-09-13 16:05:33.399,sensor-01,24.33,61.34,1013.12,1.291
2026-09-13 16:05:34.399,sensor-02,21.61,50.86,1008.94,0.77
2026-09-13 16:05:35.399,sensor-05,31.56,40.75,1011.38,0.965
2026-09-13 16:05:36.399,sensor-01,21.96,55.9,1010.29,0.363
2026-09-13 16:05:37.399,sensor-02,28.83,60.63,1021.94,0.271
2026-09-13 16:05:38.399,sensor-04,24.5,57.25,1007.46,1.168
2026-09-13 16:05:39.399,sensor-01,26.21,70.94,1021.26,1.127
2026-09-13 16:05:40.399,sensor-04,30.86,67.26,1005.86,0.871
2026-09-13 16:05:41.399,sensor-02,29.81,59.26,1012.58,0.226
2026-09-13 16:05:42.399,sensor-05,32.99,45.66,964.8,0.168
2026-09-13 16:05:43.399,sensor-03,25.33,51.0,1024.5,0.453
2026-09-13 16:05:44.399,sensor-02,21.06,67.33,1000.04,1.046
2026-09-13 16:05:45.399,sensor-04,31.19,70.79,1018.1,0.134
2026-09-13 16:05:46.399,sensor-05,23.64,50.97,1020.34,0.325
2026-09-13 16:05:47.399,sensor-01,31.33,41.49,1013.84,0.906
2026-09-13 16:05:48.399,sensor-05,22.44,54.57,1021.22,0.367
2026-09-13 16:05:49.399,sensor-05,21.19,59.57,1001.88,1.049
2026-09-13 16:05:50.399,sensor-05,34.72,66.88,1019.23,0.808
2026-09-13 16:05:51.399,sensor-01,29.66,75.34,1005.89,0.795
2026-09-13 16:05:52.399,sensor-02,23.17,79.12,1010.87,0.355
2026-09-13 16:05:53.399,sensor-02,25.96,64.92,1023.08,1.481
2026-09-13 16:05:54.399,sensor-04,24.83,74.29,1005.44,0.249
2026-09-13 16:05:55.399,sensor-03,32.96,52.15,1016.88,0.754
2026-09-13 16:05:56.399,sensor-02,22.04,61.97,1011.16,0.817
2026-09-13 16:05:57.399,sensor-02,34.08,65.54,1022.49,0.253
2026-09-13 16:05:58.399,sensor-05,24.96,47.81,1006.63,0.482
2026-09-13 16:05:59.399,sensor-01,24.89,50.85,1016.21,0.174
2026-09-13 16:06:00.399,sensor-04,22.64,48.84,1005.02,0.101
2026-09-13 16:06:01.399,sensor-04,20.58,50.92,1024.87,1.386
2026-09-13 16:06:02.399,sensor-02,26.96,73.78,1020.07,0.277
2026-09-13 16:06:03.399,sensor-03,26.25,74.8,1022.05,0.25
2026-09-13 16:06:04.399,sensor-01,30.29,76.66,1011.37,0.216
2026-09-13 16:06:05.399,sensor-04,26.13,72.44,1008.51,1.325
2026-09-13 16:06:06.399,sensor-01,24.6,41.4,1007.03,1.024
2026-09-13 16:06:07.399,sensor-05,21.67,45.3,1001.94,1.324
2026-09-13 16:06:08.399,sensor-01,31.4,69.49,1024.92,0.587
2026-09-13 16:06:09.399,sensor-03,26.8,74.26,1018.21,0.76
2026-09-13 16:06:10.399,sensor-04,32.82,56.0,1016.71,0.66
2026-09-13 16:06:11.399,sensor-05,27.87,71.03,1024.44,0.722
2026-09-13 16:06:12.399,sensor-02,22.01,51.88,1002.16,0.699
2026-09-13 16:06:13.399,sensor-03,25.2,71.74,1006.15,0.957
2026-09-13 16:06:14.399,sensor-03,22.91,53.79,1014.76,0.809
2026-09-13 16:06:15.399,sensor-04,26.7,61.72,1006.68,0.957
2026-09-13 16:06:16.399,sensor-02,32.06,50.37,1015.13,0.674
2026-09-13 16:06:17.399,sensor-04,33.74,53.73,1005.92,1.373
2026-09-13 16:06:18.399,sensor-04,20.74,45.25,1015.96,0.393
2026-09-13 16:06:19.399,sensor-03,31.69,51.44,1001.79,0.151
2026-09-13 16:06:20.399,sensor-04,33.03,44.43,1004.92,0.842
2026-09-13 16:06:21.399,sensor-03,27.24,76.96,1013.62,0.681
2026-09-13 16:06:22.399,sensor-01,33.98,60.07,1012.59,1.391
2026-09-13 16:06:23.399,sensor-03,26.58,50.9,1016.47,0.898
2026-09-13 16:06:24.399,sensor-03,29.66,55.89,1000.11,5.75
2026-09-13 16:06:25.399,sensor-03,21.23,51.03,1016.39,0.532
2026-09-13 16:06:26.399,sensor-04,33.74,63.41,1024.17,1.315
2026-09-13 16:06:27.399,sensor-04,22.05,67.38,1012.28,0.124
2026-09-13 16:06:28.399,sensor-04,34.33,52.63,1004.54,0.363
2026-09-13 16:06:29.399,sensor-05,31.37,57.47,1005.22,0.164
2026-09-13 16:06:30.399,sensor-03,32.22,69.19,1010.22,0.933
2026-09-13 16:06:31.399,sensor-03,27.76,67.24,1012.69,1.417
2026-09-13 16:06:32.399,sensor-02,20.24,49.45,1012.52,0.857
2026-09-13 16:06:33.399,sensor-04,24.12,66.6,1017.6,0.676
2026-09-13 16:06:34.399,sensor-01,22.68,56.56,1019.67,1.373
2026-09-13 16:06:35.399,sensor-02,30.23,69.61,1008.31,1.257
2026-09-13 16:06:36.399,sensor-04,20.16,44.92,1003.9,1.331
2026-09-13 16:06:37.399,sensor-02,26.44,55.79,1007.54,0.293
2026-09-13 16:06:38.399,sensor-02,22.05,71.02,1005.04,1.124
2026-09-13 16:06:39.399,sensor-05,58.36,77.98,1011.58,0.982
2026-09-13 16:06:40.399,sensor-03,33.29,50.86,1019.38,1.027
2026-09-13 16:06:41.399,sensor-03,24.4,49.51,1011.06,0.989
2026-09-13 16:06:42.399,sensor-02,30.44,63.38,1012.98,0.876
2026-09-13 16:06:43.399,sensor-04,30.21,55.5,1009.09,0.31
2026-09-13 16:06:44.399,sensor-04,25.1,74.39,1021.14,0.253
2026-09-13 16:06:45.399,sensor-03,25.91,79.99,1005.63,0.493
2026-09-13 16:06:46.399,sensor-02,30.38,59.24,1005.52,0.809
2026-09-13 16:06:47.399,sensor-01,31.89,59.95,1007.21,0.352
2026-09-13 16:06:48.399,sensor-04,28.58,75.18,1003.04,1.055
2026-09-13 16:06:49.399,sensor-01,21.81,58.62,1009.68,1.418
2026-09-13 16:06:50.399,sensor-05,31.23,66.72,1023.01,0.671
2026-09-13 16:06:51.399,sensor-05,22.41,51.03,1021.99,0.764
2026-09-13 16:06:52.399,sensor-02,27.27,68.67,1007.17,1.161
2026-09-13 16:06:53.399,sensor-05,31.81,50.04,1015.78,0.315
2026-09-13 16:06:54.399,sensor-04,29.48,47.51,1021.46,0.175
2026-09-13 16:06:55.399,sensor-05,34.76,61.26,1020.02,0.933
2026-09-13 16:06:56.399,sensor-04,30.37,49.11,1018.55,0.433
2026-09-13 16:06:57.399,sensor-04,23.42,49.47,1021.47,0.44
2026-09-13 16:06:58.399,sensor-04,22.38,46.36,1012.16,0.441
2026-09-13 16:06:59.399,sensor-03,20.14,54.82,1007.96,0.144
2026-09-13 16:07:00.399,sensor-04,21.06,52.68,1021.82,0.915
2026-09-13 16:07:01.399,sensor-04,26.98,48.33,1020.3,1.38
2026-09-13 16:07:02.399,sensor-02,24.66,46.42,1007.68,0.566
2026-09-13 16:07:03.399,sensor-02,22.84,76.78,1002.58,0.11
2026-09-13 16:07:04.399,sensor-04,25.33,63.82,1005.59,0.336
2026-09-13 16:07:05.399,sensor-04,25.3,64.61,1005.45,1.028
2026-09-13 16:07:06.399,sensor-01,20.66,57.58,1019.35,1.011
2026-09-13 16:07:07.399,sensor-04,26.04,49.4,1013.29,0.386
2026-09-13 16:07:08.399,sensor-01,24.37,60.26,1012.17,0.941
2026-09-13 16:07:09.399,sensor-02,33.79,73.6,1021.98,0.981
2026-09-13 16:07:10.399,sensor-01,26.52,52.88,1014.8,13.516
2026-09-13 16:07:11.399,sensor-01,27.87,64.6,1004.95,1.354
2026-09-13 16:07:12.399,sensor-03,33.27,70.52,1006.02,0.311
2026-09-13 16:07:13.399,sensor-02,23.69,79.96,1005.74,1.263
2026-09-13 16:07:14.399,sensor-03,34.7,49.02,1010.54,0.882
2026-09-13 16:07:15.399,sensor-05,24.12,61.97,1013.74,0.944
2026-09-13 16:07:16.399,sensor-02,22.53,46.45,1007.55,0.303
2026-09-13 16:07:17.399,sensor-03,29.35,54.3,1006.91,0.804
2026-09-13 16:07:18.399,sensor-02,25.15,58.11,1012.64,1.478
2026-09-13 16:07:19.399,sensor-03,22.24,54.0,1017.93,0.344
2026-09-13 16:07:20.399,sensor-05,26.25,42.06,1023.33,0.679
2026-09-13 16:07:21.399,sensor-03,34.06,51.62,1010.31,1.162
2026-09-13 16:07:22.399,sensor-04,25.47,79.79,1013.89,1.065
2026-09-13 16:07:23.399,sensor-05,32.93,62.53,1007.36,0.132
2026-09-13 16:07:24.399,sensor-04,32.38,58.02,1004.12,0.503
2026-09-13 16:07:25.399,sensor-05,22.58,64.49,1018.83,1.41
2026-09-13 16:07:26.399,sensor-04,33.9,64.06,1019.17,0.175
2026-09-13 16:07:27.399,sensor-01,24.6,57.27,1013.86,9.395
2026-09-13 16:07:28.399,sensor-02,33.75,79.06,1007.49,0.345
2026-09-13 16:07:29.399,sensor-02,75.28,14.32,966.89,8.19
2026-09-13 16:07:30.399,sensor-03,33.94,53.25,1020.87,1.354
2026-09-13 16:07:31.399,sensor-05,24.15,66.34,1002.2,0.764
2026-09-13 16:07:32.399,sensor-01,20.94,40.15,1008.12,0.925
2026-09-13 16:07:33.399,sensor-02,34.87,77.58,1003.14,0.681
2026-09-13 16:07:34.399,sensor-04,31.0,54.65,1018.66,0.274
2026-09-13 16:07:35.399,sensor-04,29.39,73.49,1001.17,6.921
2026-09-13 16:07:36.399,sensor-02,70.22,61.13,1016.45,0.639
2026-09-13 16:07:37.399,sensor-01,32.99,40.91,1013.26,1.353
2026-09-13 16:07:38.399,sensor-01,29.13,67.26,1003.06,1.045
2026-09-13 16:07:39.399,sensor-05,26.65,53.78,1018.83,0.86
2026-09-13 16:07:40.399,sensor-01,77.9,6.09,952.2,9.512
2026-09-13 16:07:41.399,sensor-02,23.68,78.51,1022.77,0.667
2026-09-13 16:07:42.399,sensor-02,20.57,51.71,1003.07,0.243
2026-09-13 16:07:43.399,sensor-01,21.48,44.12,1012.01,0.719
2026-09-13 16:07:44.399,sensor-01,22.89,49.44,1020.01,1.382
2026-09-13 16:07:45.399,sensor-04,26.08,68.5,1015.67,0.358
2026-09-13 16:07:46.399,sensor-03,28.47,45.55,1007.33,0.528
2026-09-13 16:07:47.399,sensor-04,26.91,66.12,1012.73,0.382
2026-09-13 16:07:48.399,sensor-05,27.19,42.49,1006.45,1.226
2026-09-13 16:07:49.399,sensor-05,33.14,64.08,1010.57,0.697
2026-09-13 16:07:50.399,sensor-05,28.78,46.19,1022.14,8.279
2026-09-13 16:07:51.399,sensor-05,33.75,59.62,1023.91,1.325
2026-09-13 16:07:52.399,sensor-04,32.9,55.28,1018.91,0.908
2026-09-13 16:07:53.399,sensor-01,30.97,78.3,1007.57,1.481
2026-09-13 16:07:54.399,sensor-03,23.0,44.49,1019.62,0.877
2026-09-13 16:07:55.399,sensor-04,24.98,57.93,1021.57,1.035
2026-09-13 16:07:56.399,sensor-04,28.75,79.66,1006.04,0.467
2026-09-13 16:07:57.399,sensor-03,29.2,69.04,1008.39,0.117
2026-09-13 16:07:58.399,sensor-05,34.98,51.78,1004.6,0.494
2026-09-13 16:07:59.399,sensor-01,25.2,18.77,1008.63,0.654
2026-09-13 16:08:00.399,sensor-03,24.92,43.46,954.36,1.309
2026-09-13 16:08:01.399,sensor-01,29.03,76.85,1010.94,0.581
2026-09-13 16:08:02.399,sensor-02,31.14,49.87,1004.02,0.601
2026-09-13 16:08:03.399,sensor-04,29.99,73.18,1006.93,13.687
2026-09-13 16:08:04.399,sensor-03,24.47,42.78,1018.09,1.148
2026-09-13 16:08:05.399,sensor-04,23.06,76.53,1018.83,1.021
2026-09-13 16:08:06.399,sensor-05,33.92,63.83,1010.42,0.609
2026-09-13 16:08:07.399,sensor-03,29.67,43.09,1003.55,1.36
2026-09-13 16:08:08.399,sensor-05,26.42,71.36,1020.71,0.542
2026-09-13 16:08:09.399,sensor-02,34.96,41.21,1014.93,1.01
2026-09-13 16:08:10.399,sensor-02,30.82,48.66,1020.73,0.407
2026-09-13 16:08:11.399,sensor-01,31.75,47.56,1005.95,1.191
2026-09-13 16:08:12.399,sensor-01,26.83,77.21,1014.05,0.643
2026-09-13 16:08:13.399,sensor-02,26.96,57.35,1010.29,0.537
2026-09-13 16:08:14.399,sensor-04,20.61,67.27,1005.03,0.638
2026-09-13 16:08:15.399,sensor-03,28.29,69.17,1008.87,0.329
2026-09-13 16:08:16.399,sensor-05,24.01,70.99,1008.28,0.364
2026-09-13 16:08:17.399,sensor-05,27.03,41.25,1024.0,0.307
2026-09-13 16:08:18.399,sensor-02,27.34,71.42,1000.15,1.405
2026-09-13 16:08:19.399,sensor-01,34.26,72.7,1023.2,0.941
2026-09-13 16:08:20.399,sensor-03,29.87,57.08,1018.29,0.229
2026-09-13 16:08:21.399,sensor-01,23.06,77.76,1003.89,0.281
2026-09-13 16:08:22.399,sensor-05,31.08,78.42,1006.76,1.257
2026-09-13 16:08:23.399,sensor-05,28.06,57.82,1000.15,0.904
2026-09-13 16:08:24.399,sensor-01,33.97,61.22,1004.46,1.004
2026-09-13 16:08:25.399,sensor-02,20.95,67.41,1002.77,0.249
2026-09-13 16:08:26.399,sensor-01,32.15,71.85,1003.53,0.826
2026-09-13 16:08:27.399,sensor-01,29.49,42.52,1023.61,0.391
2026-09-13 16:08:28.399,sensor-02,50.01,58.04,1014.33,1.498
2026-09-13 16:08:29.399,sensor-02,25.49,75.35,1022.81,1.333
2026-09-13 16:08:30.399,sensor-05,26.18,69.84,1007.82,1.029
2026-09-13 16:08:31.399,sensor-05,32.91,8.82,1024.11,0.529
2026-09-13 16:08:32.399,sensor-01,27.6,44.51,1015.65,1.325
2026-09-13 16:08:33.399,sensor-04,22.53,56.0,1019.65,0.928
2026-09-13 16:08:34.399,sensor-03,27.02,53.08,1002.75,1.474
2026-09-13 16:08:35.399,sensor-02,22.89,45.82,1014.25,0.721
2026-09-13 16:08:36.399,sensor-03,30.1,51.27,1022.88,0.529
2026-09-13 16:08:37.399,sensor-05,34.32,72.42,1008.58,1.278
2026-09-13 16:08:38.399,sensor-02,32.59,70.09,1007.45,0.949
2026-09-13 16:08:39.399,sensor-01,20.02,78.47,1013.74,0.938
2026-09-13 16:08:40.399,sensor-03,24.35,78.86,1015.54,1.039
2026-09-13 16:08:41.399,sensor-02,24.32,42.57,1008.76,0.347
2026-09-13 16:08:42.399,sensor-05,24.54,53.32,1016.76,0.309
2026-09-13 16:08:43.399,sensor-04,25.46,44.05,1004.37,1.406
2026-09-13 16:08:44.399,sensor-02,22.34,47.76,1021.98,10.012
2026-09-13 16:08:45.399,sensor-05,24.89,45.13,1024.56,1.047
2026-09-13 16:08:46.399,sensor-04,31.28,67.93,1009.61,0.554
2026-09-13 16:08:47.399,sensor-04,34.26,62.75,1007.37,0.785
2026-09-13 16:08:48.399,sensor-02,26.4,71.65,1014.62,0.113
2026-09-13 16:08:49.399,sensor-04,33.73,56.55,1014.36,0.765
2026-09-13 16:08:50.399,sensor-01,21.01,75.89,1022.76,0.867
2026-09-13 16:08:51.399,sensor-01,28.97,57.17,1017.73,0.166
2026-09-13 16:08:52.399,sensor-01,24.3,66.07,1015.68,0.418
2026-09-13 16:08:53.399,sensor-05,29.08,42.75,1011.07,0.536
2026-09-13 16:08:54.399,sensor-01,29.22,40.42,1015.19,1.129
2026-09-13 16:08:55.399,sensor-01,24.55,56.85,1004.49,0.689
2026-09-13 16:08:56.399,sensor-03,61.74,66.75,1006.56,1.096
2026-09-13 16:08:57.399,sensor-04,31.95,71.36,1009.39,0.972
2026-09-13 16:08:58.399,sensor-03,21.22,57.38,1004.57,1.337
2026-09-13 16:08:59.399,sensor-04,28.86,54.42,1007.22,0.384
2026-09-13 16:09:00.399,sensor-04,22.0,69.87,1010.46,0.122
2026-09-13 16:09:01.399,sensor-02,21.95,48.4,1017.4,0.46
2026-09-13 16:09:02.399,sensor-04,32.48,64.61,1021.72,0.606
2026-09-13 16:09:03.399,sensor-02,27.74,76.15,1004.12,0.909
2026-09-13 16:09:04.399,sensor-02,33.01,54.92,1004.33,0.918
2026-09-13 16:09:05.399,sensor-02,20.23,42.79,1004.88,1.177
2026-09-13 16:09:06.399,sensor-03,21.58,61.38,1021.39,1.149
2026-09-13 16:09:07.399,sensor-01,21.86,76.03,1021.35,0.175
2026-09-13 16:09:08.399,sensor-01,20.95,70.34,1013.41,0.68
2026-09-13 16:09:09.399,sensor-02,32.59,42.3,1015.4,1.181
2026-09-13 16:09:10.399,sensor-05,30.29,44.17,1004.96,1.257
2026-09-13 16:09:11.399,sensor-04,21.48,44.01,1019.08,0.19
2026-09-13 16:09:12.399,sensor-05,32.01,75.26,1016.26,0.552
2026-09-13 16:09:13.399,sensor-04,24.48,51.02,1022.16,1.053
2026-09-13 16:09:14.399,sensor-01,34.28,64.51,1016.7,1.38
2026-09-13 16:09:15.399,sensor-03,30.79,65.61,1019.69,1.356
2026-09-13 16:09:16.399,sensor-02,61.47,78.16,1024.22,1.454
2026-09-13 16:09:17.399,sensor-04,31.29,43.44,1015.24,0.3
2026-09-13 16:09:18.399,sensor-02,23.6,42.13,1002.0,1.375
2026-09-13 16:09:19.399,sensor-05,27.05,56.53,1008.96,0.963
2026-09-13 16:09:20.399,sensor-02,31.19,72.05,1021.9,0.44
2026-09-13 16:09:21.399,sensor-02,20.56,68.31,1013.72,1.113
2026-09-13 16:09:22.399,sensor-01,34.93,79.77,1011.62,1.312
2026-09-13 16:09:23.399,sensor-04,33.19,72.59,1020.29,0.748
2026-09-13 16:09:24.399,sensor-04,30.36,45.3,1002.85,1.181
2026-09-13 16:09:25.399,sensor-03,33.61,66.38,1009.9,0.68
2026-09-13 16:09:26.399,sensor-04,31.4,62.57,1012.72,1.118
2026-09-13 16:09:27.399,sensor-05,20.94,70.2,1012.84,0.205
2026-09-13 16:09:28.399,sensor-02,30.75,60.95,1019.84,0.52
2026-09-13 16:09:29.399,sensor-02,26.15,67.84,1021.14,1.109
2026-09-13 16:09:30.399,sensor-03,25.49,46.34,1017.17,0.447
2026-09-13 16:09:31.399,sensor-04,30.06,51.93,1008.32,1.015
2026-09-13 16:09:32.399,sensor-02,21.45,74.96,1012.82,0.763
2026-09-13 16:09:33.399,sensor-02,24.99,50.83,1014.19,0.747
2026-09-13 16:09:34.399,sensor-05,34.12,48.78,1002.5,1.199
2026-09-13 16:09:35.399,sensor-05,20.36,50.05,1001.08,1.249
2026-09-13 16:09:36.399,sensor-04,27.71,16.02,1006.31,0.942
2026-09-13 16:09:37.399,sensor-02,30.1,53.28,1020.66,1.102
2026-09-13 16:09:38.399,sensor-01,29.56,51.58,1002.99,0.317
2026-09-13 16:09:39.399,sensor-02,27.17,64.3,1004.41,1.097
2026-09-13 16:09:40.399,sensor-03,23.35,8.91,1024.0,0.789
2026-09-13 16:09:41.399,sensor-01,32.64,43.39,1024.16,0.924
2026-09-13 16:09:42.399,sensor-03,32.71,41.1,1019.43,0.263
2026-09-13 16:09:43.399,sensor-03,20.92,73.33,1000.68,0.294
2026-09-13 16:09:44.399,sensor-04,26.97,75.26,1015.89,0.973
2026-09-13 16:09:45.399,sensor-01,34.42,44.19,1013.23,0.482
2026-09-13 16:09:46.399,sensor-03,28.92,71.92,1019.43,1.316
2026-09-13 16:09:47.399,sensor-03,20.14,69.87,1007.56,0.886
2026-09-13 16:09:48.399,sensor-04,32.29,72.69,1021.94,0.164
2026-09-13 16:09:49.399,sensor-02,24.64,49.97,1006.69,0.874
2026-09-13 16:09:50.399,sensor-04,25.91,66.22,1020.9,1.07
2026-09-13 16:09:51.399,sensor-01,32.24,41.49,1006.6,0.18
2026-09-13 16:09:52.399,sensor-05,25.53,66.08,1008.68,0.738
2026-09-13 16:09:53.399,sensor-01,26.45,65.64,1013.65,0.205
2026-09-13 16:09:54.399,sensor-05,24.63,40.58,1003.89,0.797
2026-09-13 16:09:55.399,sensor-04,23.61,70.91,1007.16,0.969
2026-09-13 16:09:56.399,sensor-04,25.78,41.87,1013.39,1.494
2026-09-13 16:09:57.399,sensor-02,31.34,53.8,1004.01,1.032
2026-09-13 16:09:58.399,sensor-03,28.09,73.1,1008.41,1.034
2026-09-13 16:09:59.399,sensor-01,25.67,78.0,1012.08,0.252
2026-09-13 16:10:00.399,sensor-05,34.45,76.32,1014.3,0.627
2026-09-13 16:10:01.399,sensor-05,32.92,72.75,1011.39,0.266
2026-09-13 16:10:02.399,sensor-02,22.35,42.44,1012.47,1.018
2026-09-13 16:10:03.399,sensor-04,32.86,70.4,1017.58,0.114
2026-09-13 16:10:04.399,sensor-04,21.81,42.35,1003.91,1.253
2026-09-13 16:10:05.399,sensor-05,34.68,75.73,1003.32,1.33
2026-09-13 16:10:06.399,sensor-03,33.07,46.07,1002.92,1.393
2026-09-13 16:10:07.399,sensor-02,26.84,44.98,1000.52,1.492
2026-09-13 16:10:08.399,sensor-04,33.69,51.38,1005.5,0.696
2026-09-13 16:10:09.399,sensor-01,31.69,79.87,1013.22,0.644
2026-09-13 16:10:10.399,sensor-01,21.44,50.65,1012.55,0.705
2026-09-13 16:10:11.399,sensor-05,23.38,41.11,1000.96,0.288
2026-09-13 16:10:12.399,sensor-05,32.12,75.47,1015.88,0.664
2026-09-13 16:10:13.399,sensor-03,24.99,74.8,1012.17,0.417
2026-09-13 16:10:14.399,sensor-01,22.05,76.74,1001.26,0.118
2026-09-13 16:10:15.399,sensor-05,27.85,65.03,1008.94,0.196
2026-09-13 16:10:16.399,sensor-04,22.88,41.32,1014.32,0.217
2026-09-13 16:10:17.399,sensor-05,27.37,49.66,1008.72,1.121
2026-09-13 16:10:18.399,sensor-03,21.75,64.65,1015.17,1.461
2026-09-13 16:10:19.399,sensor-01,28.06,65.53,1003.49,0.874
2026-09-13 16:10:20.399,sensor-01,32.67,73.41,1010.74,1.453
2026-09-13 16:10:21.399,sensor-01,25.52,64.01,1002.12,0.636
2026-09-13 16:10:22.399,sensor-03,34.28,56.46,1019.07,0.641
2026-09-13 16:10:23.399,sensor-05,20.01,42.24,1009.11,1.062
2026-09-13 16:10:24.399,sensor-01,20.99,52.71,1006.12,0.108
2026-09-13 16:10:25.399,sensor-01,24.31,65.65,1018.13,0.469
2026-09-13 16:10:26.399,sensor-04,23.7,78.28,1004.76,0.356
2026-09-13 16:10:27.399,sensor-01,22.35,43.84,1016.0,0.957
2026-09-13 16:10:28.399,sensor-02,31.6,53.05,1022.96,1.126
2026-09-13 16:10:29.399,sensor-04,25.38,51.32,1010.56,0.236
2026-09-13 16:10:30.399,sensor-05,20.65,40.16,1023.29,1.065
2026-09-13 16:10:31.399,sensor-02,28.56,75.66,1016.31,0.943
2026-09-13 16:10:32.399,sensor-04,25.19,67.94,1024.52,0.695
2026-09-13 16:10:33.399,sensor-03,26.38,79.62,1017.67,0.603
2026-09-13 16:10:34.399,sensor-04,26.46,41.47,1013.2,1.236
2026-09-13 16:10:35.399,sensor-01,30.92,68.78,1006.56,0.972
2026-09-13 16:10:36.399,sensor-03,73.65,45.44,1004.87,0.78
2026-09-13 16:10:37.399,sensor-02,22.23,58.4,1024.74,0.808
2026-09-13 16:10:38.399,sensor-03,22.79,45.89,1016.93,0.654
2026-09-13 16:10:39.399,sensor-04,20.47,73.84,1000.81,1.15
2026-09-13 16:10:40.399,sensor-03,23.72,46.22,1013.33,1.074
2026-09-13 16:10:41.399,sensor-03,26.55,57.79,1005.4,0.891
2026-09-13 16:10:42.399,sensor-03,21.7,59.42,1007.79,0.733
2026-09-13 16:10:43.399,sensor-01,33.62,59.6,1020.46,0.416
2026-09-13 16:10:44.399,sensor-01,26.31,66.75,1020.95,0.892
2026-09-13 16:10:45.399,sensor-02,22.66,41.49,1019.79,0.334
2026-09-13 16:10:46.399,sensor-05,34.45,64.65,1009.47,1.267
2026-09-13 16:10:47.399,sensor-05,26.44,54.28,1022.82,1.388
2026-09-13 16:10:48.399,sensor-01,27.23,49.81,1022.12,0.294
2026-09-13 16:10:49.399,sensor-03,30.57,58.13,1020.96,0.204
2026-09-13 16:10:50.399,sensor-02,51.06,58.45,1005.53,0.931
2026-09-13 16:10:51.399,sensor-04,23.15,66.26,1018.75,0.183
2026-09-13 16:10:52.399,sensor-04,24.03,55.58,1002.17,1.274
2026-09-13 16:10:53.399,sensor-03,34.53,53.38,1022.27,1.108
2026-09-13 16:10:54.399,sensor-05,33.62,79.64,1003.29,1.214
2026-09-13 16:10:55.399,sensor-04,24.18,78.61,1005.11,0.799
2026-09-13 16:10:56.399,sensor-01,22.43,68.9,1002.22,1.07
2026-09-13 16:10:57.399,sensor-02,30.64,46.27,1021.15,1.433
2026-09-13 16:10:58.399,sensor-04,30.38,60.23,1013.29,1.089
2026-09-13 16:10:59.399,sensor-04,23.46,55.14,1021.63,0.254
2026-09-13 16:11:00.399,sensor-03,22.76,73.86,1014.48,0.664
2026-09-13 16:11:01.399,sensor-03,34.36,60.37,1011.74,1.145
2026-09-13 16:11:02.399,sensor-05,26.41,53.48,1003.77,1.099
2026-09-13 16:11:03.399,sensor-05,33.21,58.07,1007.1,0.993
2026-09-13 16:11:04.399,sensor-01,30.91,59.79,1017.22,1.182
2026-09-13 16:11:05.399,sensor-04,26.5,50.94,1012.5,0.559
2026-09-13 16:11:06.399,sensor-03,27.62,58.88,1008.7,0.995
2026-09-13 16:11:07.399,sensor-01,33.04,54.36,1010.81,0.388
2026-09-13 16:11:08.399,sensor-05,30.53,75.25,1001.29,1.463
2026-09-13 16:11:09.399,sensor-02,23.07,51.84,1021.89,0.508
2026-09-13 16:11:10.399,sensor-01,30.59,74.88,1016.46,1.154
2026-09-13 16:11:11.399,sensor-05,24.14,45.14,1024.41,0.382
2026-09-13 16:11:12.399,sensor-03,29.39,52.75,1003.33,0.942
2026-09-13 16:11:13.399,sensor-04,22.33,62.27,1020.34,0.326
2026-09-13 16:11:14.399,sensor-01,20.04,60.99,1004.87,1.114
2026-09-13 16:11:15.399,sensor-02,29.74,48.47,1000.45,1.162
2026-09-13 16:11:16.399,sensor-01,34.2,61.37,1003.94,0.73
2026-09-13 16:11:17.399,sensor-05,30.36,53.65,1013.2,1.037
2026-09-13 16:11:18.399,sensor-05,21.2,40.9,1002.86,0.653
2026-09-13 16:11:19.399,sensor-01,26.17,57.66,1002.73,1.383
2026-09-13 16:11:20.399,sensor-04,25.83,60.28,1007.85,1.296
2026-09-13 16:11:21.399,sensor-03,33.66,73.52,1020.32,0.416
2026-09-13 16:11:22.399,sensor-01,30.35,58.75,1017.09,1.165
2026-09-13 16:11:23.399,sensor-02,27.36,50.94,1016.68,1.145
2026-09-13 16:11:24.399,sensor-02,30.86,60.42,1017.82,0.415
2026-09-13 16:11:25.399,sensor-04,24.0,62.24,1021.38,0.449
2026-09-13 16:11:26.399,sensor-04,34.31,74.65,1010.04,0.95
2026-09-13 16:11:27.399,sensor-03,21.73,41.82,1019.76,0.693
2026-09-13 16:11:28.399,sensor-01,25.22,70.29,1011.63,1.316
2026-09-13 16:11:29.399,sensor-05,33.33,50.18,1016.48,0.129
2026-09-13 16:11:30.399,sensor-01,23.92,66.59,1021.23,0.325
2026-09-13 16:11:31.399,sensor-01,26.63,58.88,1009.35,0.921
2026-09-13 16:11:32.399,sensor-05,51.4,13.83,967.26,12.864
2026-09-13 16:11:33.399,sensor-04,22.23,47.17,1018.8,0.309
2026-09-13 16:11:34.399,sensor-04,29.77,48.42,1007.6,1.457
2026-09-13 16:11:35.399,sensor-02,20.67,48.78,1008.56,1.499
2026-09-13 16:11:36.399,sensor-01,27.69,43.34,1006.85,1.489
2026-09-13 16:11:37.399,sensor-01,20.76,57.95,1004.29,0.272
2026-09-13 16:11:38.399,sensor-03,31.14,75.69,1006.17,1.392
2026-09-13 16:11:39.399,sensor-05,23.88,73.83,1000.89,0.883
2026-09-13 16:11:40.399,sensor-02,32.95,49.61,1021.0,0.21
2026-09-13 16:11:41.399,sensor-01,25.71,74.16,1003.61,1.326
2026-09-13 16:11:42.399,sensor-03,25.29,44.73,1023.61,0.713
2026-09-13 16:11:43.399,sensor-01,28.63,60.07,1015.41,1.358
2026-09-13 16:11:44.399,sensor-03,29.68,64.26,1010.83,0.975
2026-09-13 16:11:45.399,sensor-04,31.36,78.76,1024.0,1.249
2026-09-13 16:11:46.399,sensor-04,22.67,59.16,1006.43,0.105
2026-09-13 16:11:47.399,sensor-02,32.96,60.55,1006.35,1.07
2026-09-13 16:11:48.399,sensor-05,34.99,53.96,1006.11,0.474
2026-09-13 16:11:49.399,sensor-05,25.91,40.7,1002.86,0.48
2026-09-13 16:11:50.399,sensor-03,21.58,74.64,1005.53,12.152
2026-09-13 16:11:51.399,sensor-02,27.64,44.46,1024.63,0.276
2026-09-13 16:11:52.399,sensor-02,32.77,49.8,1006.67,1.232
2026-09-13 16:11:53.399,sensor-01,26.42,40.5,1022.74,0.999
2026-09-13 16:11:54.399,sensor-04,23.02,68.0,1016.93,0.185
2026-09-13 16:11:55.399,sensor-03,31.89,50.52,1003.05,1.083
2026-09-13 16:11:56.399,sensor-04,25.79,40.95,1020.46,0.389
2026-09-13 16:11:57.399,sensor-04,21.5,42.88,1000.64,1.383
2026-09-13 16:11:58.399,sensor-05,29.91,79.57,1016.74,0.835
2026-09-13 16:11:59.399,sensor-02,29.0,78.35,1019.7,0.694
2026-09-13 16:12:00.399,sensor-04,33.25,45.43,1021.24,0.457
2026-09-13 16:12:01.399,sensor-05,27.15,47.69,1021.12,0.615
2026-09-13 16:12:02.399,sensor-05,27.65,57.4,1017.08,0.292
2026-09-13 16:12:03.399,sensor-05,20.54,58.29,1016.51,1.343
2026-09-13 16:12:04.399,sensor-02,32.37,48.91,1008.82,1.419
2026-09-13 16:12:05.399,sensor-03,27.13,58.04,1001.47,1.349
2026-09-13 16:12:06.399,sensor-03,26.84,51.18,1008.57,0.272
2026-09-13 16:12:07.399,sensor-03,23.51,64.92,1024.48,0.271
2026-09-13 16:12:08.399,sensor-01,27.41,46.67,1013.29,0.948
2026-09-13 16:12:09.399,sensor-01,32.85,52.46,1015.76,0.977
2026-09-13 16:12:10.399,sensor-01,31.1,73.62,1015.63,0.729
2026-09-13 16:12:11.399,sensor-01,26.28,9.13,1010.6,0.645
2026-09-13 16:12:12.399,sensor-04,28.67,72.25,1013.57,1.296
2026-09-13 16:12:13.399,sensor-02,21.47,79.08,1000.37,0.936
2026-09-13 16:12:14.399,sensor-02,28.98,54.48,1001.52,0.112
2026-09-13 16:12:15.399,sensor-01,21.48,64.44,1013.15,0.738
2026-09-13 16:12:16.399,sensor-01,24.06,71.1,1022.75,0.714
2026-09-13 16:12:17.399,sensor-03,31.98,18.65,1010.34,0.441
2026-09-13 16:12:18.399,sensor-03,30.17,52.69,1016.07,1.265
2026-09-13 16:12:19.399,sensor-05,25.88,53.94,1014.57,0.751
2026-09-13 16:12:20.399,sensor-03,27.75,55.41,1009.87,0.867
2026-09-13 16:12:21.399,sensor-04,25.71,55.37,1015.42,0.185
2026-09-13 16:12:22.399,sensor-02,27.57,58.12,1017.98,1.162
2026-09-13 16:12:23.399,sensor-02,24.91,68.57,1014.55,0.985
2026-09-13 16:12:24.399,sensor-02,31.59,47.6,1013.89,0.321
2026-09-13 16:12:25.399,sensor-04,27.4,55.18,1022.12,1.182
2026-09-13 16:12:26.399,sensor-01,34.25,56.97,1019.7,0.335
2026-09-13 16:12:27.399,sensor-02,21.59,60.07,1004.81,0.988
2026-09-13 16:12:28.399,sensor-03,21.85,78.76,1016.46,1.411
2026-09-13 16:12:29.399,sensor-01,28.62,62.33,1000.37,1.306
2026-09-13 16:12:30.399,sensor-02,31.17,59.76,1015.46,0.46
2026-09-13 16:12:31.399,sensor-03,22.43,42.24,1015.9,1.477
2026-09-13 16:12:32.399,sensor-04,30.53,79.62,1018.07,0.575
2026-09-13 16:12:33.399,sensor-01,23.33,56.7,1005.05,1.435
2026-09-13 16:12:34.399,sensor-04,25.56,68.37,1010.19,0.295
2026-09-13 16:12:35.399,sensor-02,24.92,48.6,1002.81,0.404
2026-09-13 16:12:36.399,sensor-04,21.28,52.99,1013.21,0.596
2026-09-13 16:12:37.399,sensor-01,29.73,62.54,1017.02,0.894
2026-09-13 16:12:38.399,sensor-04,25.25,49.06,1012.5,0.136
2026-09-13 16:12:39.399,sensor-04,21.63,42.52,1016.3,0.657
2026-09-13 16:12:40.399,sensor-03,34.06,78.28,1010.64,0.47
2026-09-13 16:12:41.399,sensor-04,29.34,52.87,1001.59,0.394
2026-09-13 16:12:42.399,sensor-03,21.86,77.05,1000.35,0.943
2026-09-13 16:12:43.399,sensor-02,27.91,67.83,1007.93,0.769
2026-09-13 16:12:44.399,sensor-02,31.18,72.34,1024.68,0.618
2026-09-13 16:12:45.399,sensor-04,30.0,69.59,1018.74,1.34
2026-09-13 16:12:46.399,sensor-03,29.8,51.21,1014.86,1.152
2026-09-13 16:12:47.399,sensor-03,27.63,53.35,1004.23,0.465
2026-09-13 16:12:48.399,sensor-02,24.63,78.99,1006.04,1.112
2026-09-13 16:12:49.399,sensor-04,29.66,68.27,1022.64,0.889
2026-09-13 16:12:50.399,sensor-05,24.06,68.33,1012.35,0.868
2026-09-13 16:12:51.399,sensor-02,31.61,68.94,1017.86,1.101
2026-09-13 16:12:52.399,sensor-01,28.93,78.68,1002.98,0.985
2026-09-13 16:12:53.399,sensor-03,24.32,62.0,1009.12,1.373
2026-09-13 16:12:54.399,sensor-02,22.64,63.06,1009.9,0.234
2026-09-13 16:12:55.399,sensor-03,22.6,63.91,1014.18,1.183
2026-09-13 16:12:56.399,sensor-05,23.73,78.05,1014.03,0.138
2026-09-13 16:12:57.399,sensor-01,31.79,68.21,1024.22,1.452
2026-09-13 16:12:58.399,sensor-01,31.5,52.67,1015.73,0.937
2026-09-13 16:12:59.399,sensor-01,20.87,45.12,1006.44,1.37
2026-09-13 16:13:00.399,sensor-03,31.95,73.53,1018.37,0.648
2026-09-13 16:13:01.399,sensor-04,31.15,76.06,1014.97,0.84
2026-09-13 16:13:02.399,sensor-03,26.82,72.46,1001.35,0.102
2026-09-13 16:13:03.399,sensor-01,34.65,40.22,1017.95,0.441
2026-09-13 16:13:04.399,sensor-03,25.72,41.09,1000.67,0.875
2026-09-13 16:13:05.399,sensor-05,25.06,59.31,1002.51,0.831
2026-09-13 16:13:06.399,sensor-02,23.77,64.48,1022.49,0.101
2026-09-13 16:13:07.399,sensor-02,21.86,46.64,1015.65,0.244
2026-09-13 16:13:08.399,sensor-03,33.31,77.06,1016.5,0.376
2026-09-13 16:13:09.399,sensor-02,34.43,78.49,1009.55,0.556
2026-09-13 16:13:10.399,sensor-01,24.38,79.19,1005.53,0.617
2026-09-13 16:13:11.399,sensor-01,25.74,74.27,1003.51,0.918
2026-09-13 16:13:12.399,sensor-01,22.56,40.49,1006.83,0.187
2026-09-13 16:13:13.399,sensor-05,30.8,77.9,1010.68,1.091
2026-09-13 16:13:14.399,sensor-05,23.26,52.14,1013.25,1.215
2026-09-13 16:13:15.399,sensor-02,34.9,44.62,1023.9,1.233
2026-09-13 16:13:16.399,sensor-02,31.92,48.33,1015.81,1.159
2026-09-13 16:13:17.399,sensor-02,22.72,53.12,1012.0,0.903
2026-09-13 16:13:18.399,sensor-01,31.54,67.05,1006.59,0.77
2026-09-13 16:13:19.399,sensor-02,20.15,53.58,1006.4,0.901
2026-09-13 16:13:20.399,sensor-03,24.06,41.79,1016.04,0.895
2026-09-13 16:13:21.399,sensor-01,34.37,63.38,1016.98,0.844
2026-09-13 16:13:22.399,sensor-04,33.45,55.31,1017.25,0.422
2026-09-13 16:13:23.399,sensor-02,20.1,78.22,1021.71,0.507
2026-09-13 16:13:24.399,sensor-03,24.76,58.35,1021.28,0.526
2026-09-13 16:13:25.399,sensor-04,21.96,56.89,1007.74,1.047
2026-09-13 16:13:26.399,sensor-02,23.49,68.46,1003.91,0.691
2026-09-13 16:13:27.399,sensor-04,21.42,74.08,1018.1,0.575
2026-09-13 16:13:28.399,sensor-05,30.92,64.04,1013.96,1.129
2026-09-13 16:13:29.399,sensor-03,32.13,69.77,1021.4,1.436
2026-09-13 16:13:30.399,sensor-01,22.48,63.45,1011.23,0.899
2026-09-13 16:13:31.399,sensor-05,65.11,13.18,972.06,11.495
2026-09-13 16:13:32.399,sensor-02,20.09,44.62,1024.33,1.391
2026-09-13 16:13:33.399,sensor-01,23.88,57.46,1017.25,0.6
2026-09-13 16:13:34.399,sensor-03,23.91,53.0,1004.07,1.022
2026-09-13 16:13:35.399,sensor-04,24.06,62.15,1012.32,1.214
2026-09-13 16:13:36.399,sensor-01,33.26,68.19,1017.31,0.624
2026-09-13 16:13:37.399,sensor-01,20.08,79.29,1015.16,0.663
2026-09-13 16:13:38.399,sensor-01,22.6,64.93,1012.86,1.202
2026-09-13 16:13:39.399,sensor-05,29.02,72.61,1001.71,1.067
2026-09-13 16:13:40.399,sensor-02,22.93,48.55,1004.95,0.833
2026-09-13 16:13:41.399,sensor-04,29.89,44.2,1000.67,0.547
2026-09-13 16:13:42.399,sensor-05,24.54,48.88,1004.92,0.623
2026-09-13 16:13:43.399,sensor-05,31.73,54.58,1015.65,0.775
2026-09-13 16:13:44.399,sensor-03,24.35,68.14,1020.5,0.752
2026-09-13 16:13:45.399,sensor-03,33.19,47.88,1019.67,0.941
2026-09-13 16:13:46.399,sensor-03,32.8,64.43,1013.44,0.168
2026-09-13 16:13:47.399,sensor-05,33.62,68.47,1001.27,1.338
2026-09-13 16:13:48.399,sensor-03,20.34,62.5,1001.36,0.549
2026-09-13 16:13:49.399,sensor-02,71.3,16.35,961.77,11.568
2026-09-13 16:13:50.399,sensor-04,29.18,69.59,1017.97,0.22
2026-09-13 16:13:51.399,sensor-01,33.99,76.54,1019.94,0.263
2026-09-13 16:13:52.399,sensor-03,22.81,54.74,1006.68,1.261
2026-09-13 16:13:53.399,sensor-04,34.76,67.48,1001.98,1.371
2026-09-13 16:13:54.399,sensor-05,26.84,66.39,1021.98,0.768
2026-09-13 16:13:55.399,sensor-03,21.09,71.48,1003.16,0.652
2026-09-13 16:13:56.399,sensor-05,24.2,56.1,1015.45,0.536
2026-09-13 16:13:57.399,sensor-01,61.79,18.95,971.92,8.493
2026-09-13 16:13:58.399,sensor-05,26.43,51.07,1010.66,0.396
2026-09-13 16:13:59.399,sensor-05,25.42,66.32,1009.73,1.362
2026-09-13 16:14:00.399,sensor-03,21.98,76.08,1013.67,0.499
2026-09-13 16:14:01.399,sensor-03,20.82,52.56,1013.42,0.576
2026-09-13 16:14:02.399,sensor-02,21.95,41.47,1003.94,1.434
2026-09-13 16:14:03.399,sensor-02,27.33,55.37,1017.71,0.298
2026-09-13 16:14:04.399,sensor-04,27.19,70.8,1022.43,1.253
2026-09-13 16:14:05.399,sensor-03,21.37,46.78,1019.59,1.379
2026-09-13 16:14:06.399,sensor-02,32.61,61.45,1020.57,0.868
2026-09-13 16:14:07.399,sensor-04,21.19,78.29,1010.65,0.591
2026-09-13 16:14:08.399,sensor-02,34.17,42.51,1002.98,1.206
2026-09-13 16:14:09.399,sensor-02,72.15,41.38,1005.61,0.465
2026-09-13 16:14:10.399,sensor-01,32.83,75.93,1009.75,0.547
2026-09-13 16:14:11.399,sensor-04,28.06,50.19,1008.03,0.822
2026-09-13 16:14:12.399,sensor-05,20.21,78.38,1014.39,0.925
2026-09-13 16:14:13.399,sensor-04,31.06,43.81,1014.87,1.021
2026-09-13 16:14:14.399,sensor-03,23.09,75.11,1011.54,0.235
2026-09-13 16:14:15.399,sensor-01,24.24,59.86,1018.72,0.361
2026-09-13 16:14:16.399,sensor-04,22.42,63.98,1023.22,1.266
2026-09-13 16:14:17.399,sensor-04,22.01,40.39,1010.85,0.225
2026-09-13 16:14:18.399,sensor-04,23.36,76.65,1022.0,1.247
2026-09-13 16:14:19.399,sensor-01,20.73,66.16,1016.06,0.617
2026-09-13 16:14:20.399,sensor-04,27.34,49.6,1007.85,0.686
2026-09-13 16:14:21.399,sensor-05,28.08,69.25,1020.18,0.259
2026-09-13 16:14:22.399,sensor-02,27.23,62.9,1000.96,1.369
2026-09-13 16:14:23.399,sensor-01,23.19,47.21,1019.53,0.937
2026-09-13 16:14:24.399,sensor-01,32.21,54.14,1011.52,0.642
2026-09-13 16:14:25.399,sensor-03,24.12,56.98,1022.71,0.804
2026-09-13 16:14:26.399,sensor-05,28.25,70.75,1007.34,1.207
2026-09-13 16:14:27.399,sensor-01,22.41,40.87,1023.68,1.5
2026-09-13 16:14:28.399,sensor-03,21.62,75.96,1018.59,0.565
2026-09-13 16:14:29.399,sensor-04,20.36,60.06,1018.31,0.364
2026-09-13 16:14:30.399,sensor-01,27.99,69.42,1024.11,1.288
2026-09-13 16:14:31.399,sensor-03,29.05,61.81,1001.48,1.078
2026-09-13 16:14:32.399,sensor-01,60.55,11.93,955.01,6.893
2026-09-13 16:14:33.399,sensor-04,23.45,71.22,1019.28,0.636
2026-09-13 16:14:34.399,sensor-01,21.31,55.65,1001.14,0.567
2026-09-13 16:14:35.399,sensor-04,27.61,72.91,1003.23,0.475
2026-09-13 16:14:36.399,sensor-02,29.73,79.05,1013.77,0.527
2026-09-13 16:14:37.399,sensor-04,20.82,44.49,1000.18,1.338
2026-09-13 16:14:38.399,sensor-02,23.32,67.32,1022.99,0.519
2026-09-13 16:14:39.399,sensor-01,32.81,75.74,1022.85,0.51
2026-09-13 16:14:40.399,sensor-03,24.44,75.35,1000.92,0.987
2026-09-13 16:14:41.399,sensor-01,34.65,66.01,1023.75,0.206
2026-09-13 16:14:42.399,sensor-01,34.72,76.11,1000.7,0.125
2026-09-13 16:14:43.399,sensor-05,23.88,73.88,1004.01,1.207
2026-09-13 16:14:44.399,sensor-02,22.19,79.91,1015.45,0.715
2026-09-13 16:14:45.399,sensor-04,33.59,72.85,1020.28,0.963
2026-09-13 16:14:46.399,sensor-02,30.56,56.18,1015.0,1.497
2026-09-13 16:14:47.399,sensor-01,27.69,62.95,1022.43,1.48
2026-09-13 16:14:48.399,sensor-01,24.84,75.86,1019.21,1.139
2026-09-13 16:14:49.399,sensor-01,26.23,56.13,1020.22,0.511
2026-09-13 16:14:50.399,sensor-04,32.67,52.8,1018.55,0.249
2026-09-13 16:14:51.399,sensor-05,26.26,12.63,1023.69,1.363
2026-09-13 16:14:52.399,sensor-03,30.53,75.48,1014.42,14.492
2026-09-13 16:14:53.399,sensor-04,28.59,54.92,1000.77,1.381
2026-09-13 16:14:54.399,sensor-04,30.41,50.16,1001.59,0.639
2026-09-13 16:14:55.399,sensor-02,30.5,72.79,972.85,0.84
2026-09-13 16:14:56.399,sensor-01,31.9,71.06,1003.56,0.871
2026-09-13 16:14:57.399,sensor-05,29.81,77.41,1003.63,0.731
2026-09-13 16:14:58.399,sensor-04,25.52,65.3,1012.79,1.489
2026-09-13 16:14:59.399,sensor-05,26.02,58.72,1013.22,0.472
2026-09-13 16:15:00.399,sensor-03,33.67,78.92,1024.92,1.038
2026-09-13 16:15:01.399,sensor-05,20.36,73.38,1012.43,1.043
2026-09-13 16:15:02.399,sensor-02,25.53,41.27,1010.59,0.672
2026-09-13 16:15:03.399,sensor-02,28.76,52.71,1020.76,0.256
2026-09-13 16:15:04.399,sensor-04,22.4,61.13,1013.81,0.999
2026-09-13 16:15:05.399,sensor-03,22.71,58.52,1009.33,1.033
2026-09-13 16:15:06.399,sensor-03,74.93,57.04,1005.89,0.483
2026-09-13 16:15:07.399,sensor-03,31.54,57.51,1004.9,1.309
2026-09-13 16:15:08.399,sensor-02,32.85,55.73,1002.95,0.472
2026-09-13 16:15:09.399,sensor-01,22.28,66.2,1010.95,0.568
2026-09-13 16:15:10.399,sensor-05,25.95,69.54,1011.01,0.229
2026-09-13 16:15:11.399,sensor-04,27.62,58.31,1020.41,1.375
2026-09-13 16:15:12.399,sensor-03,28.12,65.78,1007.2,1.237
2026-09-13 16:15:13.399,sensor-03,24.01,76.11,1021.22,0.694
2026-09-13 16:15:14.399,sensor-01,20.42,53.91,1014.14,0.592
2026-09-13 16:15:15.399,sensor-01,23.82,51.25,1015.87,0.105
2026-09-13 16:15:16.399,sensor-02,34.67,67.66,1001.31,0.23
2026-09-13 16:15:17.399,sensor-04,34.29,67.36,1010.69,0.381
2026-09-13 16:15:18.399,sensor-02,30.6,70.53,1007.37,0.807
2026-09-13 16:15:19.399,sensor-05,25.68,78.61,1017.33,1.285
2026-09-13 16:15:20.399,sensor-02,30.69,60.02,1004.42,0.677
2026-09-13 16:15:21.399,sensor-05,31.03,49.73,1021.9,0.631
2026-09-13 16:15:22.399,sensor-01,32.06,54.17,1012.08,0.412
2026-09-13 16:15:23.399,sensor-05,31.72,53.58,1023.63,0.143
2026-09-13 16:15:24.399,sensor-03,30.52,50.03,1013.85,0.546
2026-09-13 16:15:25.399,sensor-05,29.89,78.91,1011.39,1.008
2026-09-13 16:15:26.399,sensor-02,23.8,79.51,1005.17,1.206
2026-09-13 16:15:27.399,sensor-03,32.07,47.43,1024.18,1.06
2026-09-13 16:15:28.399,sensor-04,29.05,53.5,1006.52,1.106
2026-09-13 16:15:29.399,sensor-04,24.91,75.05,1006.72,0.198
2026-09-13 16:15:30.399,sensor-01,24.15,60.29,1007.16,0.401
2026-09-13 16:15:31.399,sensor-04,28.2,73.59,1014.53,0.777
2026-09-13 16:15:32.399,sensor-04,22.95,49.69,1021.04,1.138
2026-09-13 16:15:33.399,sensor-02,20.58,45.09,1012.5,1.145
2026-09-13 16:15:34.399,sensor-05,57.84,63.55,1017.36,0.147
2026-09-13 16:15:35.399,sensor-01,28.13,44.95,1016.21,1.188
2026-09-13 16:15:36.399,sensor-01,34.23,50.93,1000.74,0.561
2026-09-13 16:15:37.399,sensor-01,25.4,51.92,1005.48,1.089
2026-09-13 16:15:38.399,sensor-04,28.03,76.43,1002.58,0.31
2026-09-13 16:15:39.399,sensor-04,28.76,42.96,1023.96,0.527
2026-09-13 16:15:40.399,sensor-02,29.35,77.81,1016.57,1.437
2026-09-13 16:15:41.399,sensor-04,32.43,60.36,1009.05,1.479
2026-09-13 16:15:42.399,sensor-03,26.16,74.93,1022.51,1.473
2026-09-13 16:15:43.399,sensor-01,33.95,57.13,1016.29,0.652
2026-09-13 16:15:44.399,sensor-02,28.64,73.82,1004.84,0.359
2026-09-13 16:15:45.399,sensor-01,30.39,51.84,1013.93,0.198
2026-09-13 16:15:46.399,sensor-01,29.34,52.23,1005.37,0.42
2026-09-13 16:15:47.399,sensor-04,22.52,54.51,1017.2,0.819
2026-09-13 16:15:48.399,sensor-05,23.76,77.31,1010.35,0.502
2026-09-13 16:15:49.399,sensor-04,29.21,75.47,1001.46,1.273
2026-09-13 16:15:50.399,sensor-02,25.4,50.25,1002.62,1.418
2026-09-13 16:15:51.399,sensor-02,30.37,68.41,1004.02,1.24
2026-09-13 16:15:52.399,sensor-03,32.73,43.49,1001.07,0.992
2026-09-13 16:15:53.399,sensor-03,20.21,71.2,1022.49,1.274
2026-09-13 16:15:54.399,sensor-02,33.55,57.76,1009.96,1.355
2026-09-13 16:15:55.399,sensor-05,31.52,48.08,1023.62,1.426
2026-09-13 16:15:56.399,sensor-03,32.86,62.45,1023.6,0.232
2026-09-13 16:15:57.399,sensor-01,25.09,45.41,1011.98,0.425
2026-09-13 16:15:58.399,sensor-01,28.39,75.91,1006.95,0.136
2026-09-13 16:15:59.399,sensor-04,28.18,72.61,1021.0,0.923
2026-09-13 16:16:00.399,sensor-03,30.8,67.08,1009.04,0.103
2026-09-13 16:16:01.399,sensor-04,30.65,53.24,1015.64,0.373
2026-09-13 16:16:02.399,sensor-05,34.21,56.53,1006.12,0.782
2026-09-13 16:16:03.399,sensor-04,34.43,63.67,1014.78,0.611
2026-09-13 16:16:04.399,sensor-05,24.79,40.04,1021.65,0.701
2026-09-13 16:16:05.399,sensor-01,32.56,46.81,1010.27,1.276
2026-09-13 16:16:06.399,sensor-03,33.97,48.37,1017.88,1.469
2026-09-13 16:16:07.399,sensor-04,25.9,70.05,1022.72,1.084
2026-09-13 16:16:08.399,sensor-01,28.83,63.09,1007.62,1.093
2026-09-13 16:16:09.399,sensor-04,23.5,61.76,1018.9,1.415
2026-09-13 16:16:10.399,sensor-01,21.91,56.52,1003.14,1.473
2026-09-13 16:16:11.399,sensor-03,23.41,57.97,957.28,0.784
2026-09-13 16:16:12.399,sensor-05,34.84,48.42,1015.38,0.208
2026-09-13 16:16:13.399,sensor-02,21.89,72.75,1023.49,0.342
2026-09-13 16:16:14.399,sensor-03,75.77,42.6,1006.61,1.486
2026-09-13 16:16:15.399,sensor-01,27.93,58.08,1023.29,0.379
2026-09-13 16:16:16.399,sensor-05,31.23,69.03,1017.48,0.137
2026-09-13 16:16:17.399,sensor-05,29.01,64.09,1007.4,0.464
2026-09-13 16:16:18.399,sensor-02,30.92,45.07,1023.44,0.915
2026-09-13 16:16:19.399,sensor-02,30.88,55.05,1014.47,1.095
2026-09-13 16:16:20.399,sensor-05,34.16,54.25,1010.48,1.078
2026-09-13 16:16:21.399,sensor-03,29.75,76.11,1020.01,1.254
2026-09-13 16:16:22.399,sensor-01,26.29,62.15,1001.1,1.178
2026-09-13 16:16:23.399,sensor-02,23.89,51.34,1008.45,0.947
2026-09-13 16:16:24.399,sensor-02,23.84,48.26,1020.66,0.23
2026-09-13 16:16:25.399,sensor-03,28.61,75.43,1015.6,1.463
2026-09-13 16:16:26.399,sensor-01,23.22,49.65,1008.62,0.648
2026-09-13 16:16:27.399,sensor-02,23.34,55.26,1016.8,1.063
2026-09-13 16:16:28.399,sensor-01,23.04,55.71,1024.12,1.066
2026-09-13 16:16:29.399,sensor-03,21.13,75.73,1015.64,0.9
2026-09-13 16:16:30.399,sensor-02,25.88,50.19,977.86,0.813
2026-09-13 16:16:31.399,sensor-05,25.61,56.53,1015.6,1.222
2026-09-13 16:16:32.399,sensor-05,21.71,76.98,1022.6,0.827
2026-09-13 16:16:33.399,sensor-05,23.19,57.92,1005.07,0.131
2026-09-13 16:16:34.399,sensor-02,28.9,52.01,1009.27,0.657
2026-09-13 16:16:35.399,sensor-05,29.56,78.44,1010.72,1.463
2026-09-13 16:16:36.399,sensor-04,23.56,42.52,1021.3,0.904
2026-09-13 16:16:37.399,sensor-02,32.18,52.42,1019.59,0.559
2026-09-13 16:16:38.399,sensor-02,22.06,67.92,1004.07,1.429
2026-09-13 16:16:39.399,sensor-01,23.46,48.35,1023.1,0.951
2026-09-13 16:16:40.399,sensor-01,33.88,60.8,1016.71,0.622
2026-09-13 16:16:41.399,sensor-03,34.37,79.78,1009.11,1.421
2026-09-13 16:16:42.399,sensor-01,21.1,55.65,1001.31,0.653
2026-09-13 16:16:43.399,sensor-04,30.96,73.33,1017.2,0.381
2026-09-13 16:16:44.399,sensor-02,31.39,62.7,1009.17,0.217
2026-09-13 16:16:45.399,sensor-04,34.09,66.64,1024.11,1.408
2026-09-13 16:16:46.399,sensor-04,25.24,59.5,1003.92,1.465
2026-09-13 16:16:47.399,sensor-04,24.0,54.86,1010.56,1.147
2026-09-13 16:16:48.399,sensor-02,27.09,63.73,1009.83,0.806
2026-09-13 16:16:49.399,sensor-05,22.52,56.04,1022.87,0.589
2026-09-13 16:16:50.399,sensor-04,34.24,58.36,1000.22,1.063
2026-09-13 16:16:51.399,sensor-01,30.1,51.11,1000.06,0.582
2026-09-13 16:16:52.399,sensor-02,23.29,58.56,1018.81,0.267
2026-09-13 16:16:53.399,sensor-02,30.01,54.83,1024.26,1.353
2026-09-13 16:16:54.399,sensor-01,24.62,48.19,1013.68,1.386
2026-09-13 16:16:55.399,sensor-04,24.59,57.14,1000.91,0.862
2026-09-13 16:16:56.399,sensor-05,33.0,48.57,1017.48,0.895
2026-09-13 16:16:57.399,sensor-01,27.13,47.67,1016.0,0.212
2026-09-13 16:16:58.399,sensor-02,30.27,73.12,1002.74,0.66
2026-09-13 16:16:59.399,sensor-02,22.46,62.66,1016.8,0.597
2026-09-13 16:17:00.399,sensor-03,29.4,45.63,1000.58,0.171
2026-09-13 16:17:01.399,sensor-01,33.24,72.3,1004.99,0.836
2026-09-13 16:17:02.399,sensor-04,21.73,75.82,1004.02,0.341
2026-09-13 16:17:03.399,sensor-02,27.27,54.92,1013.84,1.474
2026-09-13 16:17:04.399,sensor-04,25.01,44.68,1010.55,0.868
2026-09-13 16:17:05.399,sensor-03,26.08,65.43,1014.41,1.112
2026-09-13 16:17:06.399,sensor-03,26.34,59.87,1014.16,0.252
2026-09-13 16:17:07.399,sensor-03,22.58,55.43,1024.33,0.916
2026-09-13 16:17:08.399,sensor-03,30.04,57.4,1011.19,1.082
2026-09-13 16:17:09.399,sensor-03,28.1,61.89,1018.92,1.476
2026-09-13 16:17:10.399,sensor-03,22.54,63.53,1020.86,1.405
2026-09-13 16:17:11.399,sensor-01,22.83,68.5,1022.0,1.053
2026-09-13 16:17:12.399,sensor-03,29.55,51.78,1002.22,1.259
2026-09-13 16:17:13.399,sensor-03,32.85,53.36,1002.34,0.492
2026-09-13 16:17:14.399,sensor-04,34.5,53.71,1013.79,1.206
2026-09-13 16:17:15.399,sensor-03,34.46,63.7,1000.2,0.135
2026-09-13 16:17:16.399,sensor-04,31.45,71.36,1010.51,1.218
2026-09-13 16:17:17.399,sensor-05,22.58,70.57,1007.69,0.55
2026-09-13 16:17:18.399,sensor-05,20.33,57.36,1017.0,0.255
2026-09-13 16:17:19.399,sensor-03,34.13,43.64,1003.82,1.464
2026-09-13 16:17:20.399,sensor-01,34.28,75.7,1016.39,0.872
2026-09-13 16:17:21.399,sensor-01,29.83,66.34,1021.09,1.015
2026-09-13 16:17:22.399,sensor-02,27.55,60.9,1009.02,0.727
2026-09-13 16:17:23.399,sensor-03,26.25,41.02,1007.08,0.424
2026-09-13 16:17:24.399,sensor-03,24.2,72.43,1000.48,0.344
2026-09-13 16:17:25.399,sensor-02,28.26,70.95,1020.95,1.419
2026-09-13 16:17:26.399,sensor-04,30.63,48.28,1023.29,0.666
2026-09-13 16:17:27.399,sensor-02,29.08,61.07,1003.99,1.38
2026-09-13 16:17:28.399,sensor-01,20.27,71.11,1004.05,0.938
2026-09-13 16:17:29.399,sensor-02,24.19,62.77,1006.01,1.425
2026-09-13 16:17:30.399,sensor-02,27.93,60.03,1024.0,0.652
2026-09-13 16:17:31.399,sensor-02,33.93,46.51,1013.76,0.248
2026-09-13 16:17:32.399,sensor-02,34.51,56.62,1003.4,1.268
2026-09-13 16:17:33.399,sensor-01,77.97,16.09,956.92,6.114
2026-09-13 16:17:34.399,sensor-02,34.23,19.61,1006.43,0.356
2026-09-13 16:17:35.399,sensor-04,25.13,60.17,1018.65,0.872
2026-09-13 16:17:36.399,sensor-04,29.13,65.99,1019.98,1.094
2026-09-13 16:17:37.399,sensor-05,22.18,67.11,1018.43,0.52
2026-09-13 16:17:38.399,sensor-02,23.66,74.68,1006.18,0.682
2026-09-13 16:17:39.399,sensor-04,33.47,58.21,1017.36,1.212
2026-09-13 16:17:40.399,sensor-01,57.8,14.33,954.7,10.841
2026-09-13 16:17:41.399,sensor-02,28.02,40.07,1021.21,0.607
2026-09-13 16:17:42.399,sensor-05,26.57,11.85,1015.94,0.834
2026-09-13 16:17:43.399,sensor-01,21.15,70.91,1016.5,1.009
2026-09-13 16:17:44.399,sensor-03,28.05,42.02,1007.47,1.483
2026-09-13 16:17:45.399,sensor-02,26.28,48.89,1018.63,0.464
2026-09-13 16:17:46.399,sensor-01,30.94,65.71,1001.75,0.261
2026-09-13 16:17:47.399,sensor-01,28.57,67.44,1004.45,1.117
2026-09-13 16:17:48.399,sensor-04,22.94,67.18,1008.58,0.169
2026-09-13 16:17:49.399,sensor-02,33.58,56.45,1021.62,0.812
2026-09-13 16:17:50.399,sensor-01,29.56,44.31,1011.97,0.464
2026-09-13 16:17:51.399,sensor-01,28.06,40.58,1007.11,1.485
2026-09-13 16:17:52.399,sensor-02,24.82,55.18,1017.12,0.447
2026-09-13 16:17:53.399,sensor-02,29.67,52.89,1023.72,1.472
2026-09-13 16:17:54.399,sensor-02,23.12,47.47,1012.27,0.889
2026-09-13 16:17:55.399,sensor-03,24.09,51.14,1024.8,1.393
2026-09-13 16:17:56.399,sensor-04,26.85,67.55,1014.92,1.345
2026-09-13 16:17:57.399,sensor-01,25.24,79.42,1004.56,0.278
2026-09-13 16:17:58.399,sensor-04,30.08,71.05,1017.34,0.29
2026-09-13 16:17:59.399,sensor-04,31.65,74.62,1006.16,0.278
2026-09-13 16:18:00.399,sensor-01,20.48,5.53,1012.65,0.557
2026-09-13 16:18:01.399,sensor-04,27.35,45.99,1008.96,0.331
2026-09-13 16:18:02.399,sensor-01,24.14,61.98,1005.25,0.581
2026-09-13 16:18:03.399,sensor-03,21.93,41.55,1000.89,0.59
2026-09-13 16:18:04.399,sensor-01,21.97,5.84,1017.89,0.106
2026-09-13 16:18:05.399,sensor-02,27.97,41.59,1020.07,0.79
2026-09-13 16:18:06.399,sensor-04,27.6,77.01,1024.76,0.603
2026-09-13 16:18:07.399,sensor-05,25.45,48.93,1013.28,0.63
2026-09-13 16:18:08.399,sensor-04,24.11,61.5,1008.38,1.199
2026-09-13 16:18:09.399,sensor-04,20.13,66.4,1004.25,1.114
2026-09-13 16:18:10.399,sensor-03,30.41,74.26,1019.47,0.864
2026-09-13 16:18:11.399,sensor-02,26.21,71.56,1020.73,0.292
2026-09-13 16:18:12.399,sensor-02,22.49,55.7,1004.83,0.934
2026-09-13 16:18:13.399,sensor-05,24.05,66.62,1009.96,0.69
2026-09-13 16:18:14.399,sensor-05,28.48,43.16,1002.57,1.456
2026-09-13 16:18:15.399,sensor-02,31.29,67.03,1004.49,0.728
2026-09-13 16:18:16.399,sensor-05,23.56,63.84,1003.93,1.442
2026-09-13 16:18:17.399,sensor-05,30.9,49.24,1015.4,1.023
2026-09-13 16:18:18.399,sensor-05,33.28,74.2,1008.27,1.142
2026-09-13 16:18:19.399,sensor-01,28.89,59.1,1015.01,0.29
2026-09-13 16:18:20.399,sensor-01,24.2,45.11,1005.31,1.195
2026-09-13 16:18:21.399,sensor-02,20.35,71.54,1022.74,1.333
2026-09-13 16:18:22.399,sensor-05,28.8,78.5,1023.72,0.539
2026-09-13 16:18:23.399,sensor-04,31.89,71.03,1022.41,0.638
2026-09-13 16:18:24.399,sensor-04,31.07,75.19,1021.9,1.11
2026-09-13 16:18:25.399,sensor-03,22.68,78.01,1001.6,0.878
2026-09-13 16:18:26.399,sensor-03,25.85,43.26,1016.2,1.124
2026-09-13 16:18:27.399,sensor-02,30.42,47.16,1003.43,0.306
2026-09-13 16:18:28.399,sensor-04,28.95,72.37,1014.79,1.216
2026-09-13 16:18:29.399,sensor-04,25.86,46.0,1003.38,0.936
2026-09-13 16:18:30.399,sensor-01,33.23,78.27,1006.33,0.39
2026-09-13 16:18:31.399,sensor-02,25.81,74.13,1014.9,0.195
2026-09-13 16:18:32.399,sensor-01,26.09,56.14,1016.21,0.869
2026-09-13 16:18:33.399,sensor-01,20.24,70.96,1000.57,0.526
2026-09-13 16:18:34.399,sensor-04,22.58,59.63,1018.05,1.412
2026-09-13 16:18:35.399,sensor-05,20.37,59.99,1003.82,0.167
2026-09-13 16:18:36.399,sensor-04,20.54,71.34,1017.66,1.153
2026-09-13 16:18:37.399,sensor-05,25.9,44.79,1005.97,0.524
2026-09-13 16:18:38.399,sensor-01,22.83,76.06,1019.6,0.582
2026-09-13 16:18:39.399,sensor-05,23.58,56.27,1020.34,0.72
2026-09-13 16:18:40.399,sensor-02,27.51,64.83,1010.14,0.704
2026-09-13 16:18:41.399,sensor-04,28.03,48.78,1021.69,1.146
2026-09-13 16:18:42.399,sensor-04,20.1,53.78,1011.01,0.758
2026-09-13 16:18:43.399,sensor-01,34.44,55.2,1008.76,0.955
2026-09-13 16:18:44.399,sensor-02,63.12,72.38,1023.96,0.405
2026-09-13 16:18:45.399,sensor-05,22.07,44.69,1001.72,1.171
2026-09-13 16:18:46.399,sensor-02,30.43,42.13,1018.08,0.728
2026-09-13 16:18:47.399,sensor-02,27.52,53.19,1024.24,0.765
2026-09-13 16:18:48.399,sensor-05,30.1,66.02,1000.06,0.966
2026-09-13 16:18:49.399,sensor-02,30.6,62.3,1009.22,0.334
2026-09-13 16:18:50.399,sensor-05,24.79,76.52,1013.36,1.312
2026-09-13 16:18:51.399,sensor-05,20.85,51.92,1001.95,0.144
2026-09-13 16:18:52.399,sensor-05,30.75,65.0,1013.31,0.897
2026-09-13 16:18:53.399,sensor-04,61.6,18.23,955.42,6.413
2026-09-13 16:18:54.399,sensor-02,26.42,77.34,1020.9,0.75
2026-09-13 16:18:55.399,sensor-01,29.63,74.95,1006.15,12.055
2026-09-13 16:18:56.399,sensor-05,21.77,61.91,1017.4,0.145
2026-09-13 16:18:57.399,sensor-04,33.35,51.97,1024.36,1.282
2026-09-13 16:18:58.399,sensor-04,25.88,68.44,1020.4,0.525
2026-09-13 16:18:59.399,sensor-05,27.28,68.91,1013.1,1.165
2026-09-13 16:19:00.399,sensor-01,20.35,43.17,1008.41,1.385
2026-09-13 16:19:01.399,sensor-05,26.94,51.55,1022.52,0.885
2026-09-13 16:19:02.399,sensor-01,20.67,44.44,1003.48,0.611
2026-09-13 16:19:03.399,sensor-02,20.98,50.59,1010.22,1.489
2026-09-13 16:19:04.399,sensor-02,21.34,63.24,1022.99,1.201
2026-09-13 16:19:05.399,sensor-05,29.55,79.8,1000.83,1.269
2026-09-13 16:19:06.399,sensor-02,33.75,59.13,1019.69,0.373
2026-09-13 16:19:07.399,sensor-02,28.94,67.02,1008.68,0.403
2026-09-13 16:19:08.399,sensor-03,29.96,67.07,1018.53,0.277
2026-09-13 16:19:09.399,sensor-04,20.46,53.42,1011.67,0.605
2026-09-13 16:19:10.399,sensor-01,23.11,40.98,1002.33,0.473
2026-09-13 16:19:11.399,sensor-03,26.37,66.49,1013.54,0.284
2026-09-13 16:19:12.399,sensor-02,23.34,64.0,1011.54,0.643
2026-09-13 16:19:13.399,sensor-05,24.71,60.81,1012.01,1.103
2026-09-13 16:19:14.399,sensor-04,30.94,48.06,1011.23,1.236
2026-09-13 16:19:15.399,sensor-05,25.47,59.91,1011.86,0.707
2026-09-13 16:19:16.399,sensor-02,22.33,62.71,1015.47,1.292
2026-09-13 16:19:17.399,sensor-05,33.08,53.95,1021.5,1.442
2026-09-13 16:19:18.399,sensor-01,29.15,51.27,1016.24,0.231
2026-09-13 16:19:19.399,sensor-03,28.81,41.03,1017.39,0.794
2026-09-13 16:19:20.399,sensor-01,24.74,45.83,1010.89,1.422
2026-09-13 16:19:21.399,sensor-04,20.75,68.72,1005.96,0.732
2026-09-13 16:19:22.399,sensor-04,21.69,53.82,1008.75,0.831
2026-09-13 16:19:23.399,sensor-03,33.72,58.46,1002.69,0.422
2026-09-13 16:19:24.399,sensor-02,24.88,74.63,1016.97,0.91
2026-09-13 16:19:25.399,sensor-02,29.18,44.98,1004.06,0.524
2026-09-13 16:19:26.399,sensor-01,30.16,40.99,1004.0,1.364
2026-09-13 16:19:27.399,sensor-03,27.43,70.94,1000.9,0.698
2026-09-13 16:19:28.399,sensor-04,26.01,79.35,1018.84,1.479
2026-09-13 16:19:29.399,sensor-04,31.31,66.36,1011.6,0.51
2026-09-13 16:19:30.399,sensor-02,23.88,59.47,1003.65,0.892
2026-09-13 16:19:31.399,sensor-02,27.49,46.5,1024.06,0.726
2026-09-13 16:19:32.399,sensor-02,20.44,73.73,1015.65,0.683
2026-09-13 16:19:33.399,sensor-05,34.18,55.23,1003.37,12.44
2026-09-13 16:19:34.399,sensor-05,34.89,71.37,1004.05,1.469
2026-09-13 16:19:35.399,sensor-01,25.0,67.49,1001.23,1.256
2026-09-13 16:19:36.399,sensor-04,31.73,55.61,1001.65,1.21
2026-09-13 16:19:37.399,sensor-01,33.64,44.64,1007.63,0.605
2026-09-13 16:19:38.399,sensor-04,34.42,51.82,1012.34,0.141
2026-09-13 16:19:39.399,sensor-01,25.61,63.75,1011.77,0.61
2026-09-13 16:19:40.399,sensor-05,23.63,53.72,1017.62,1.189
2026-09-13 16:19:41.399,sensor-03,23.14,61.57,1022.5,0.649
2026-09-13 16:19:42.399,sensor-05,21.7,68.22,1021.25,0.311
2026-09-13 16:19:43.399,sensor-04,27.05,74.12,1022.69,1.321
2026-09-13 16:19:44.399,sensor-04,33.82,64.85,1015.02,0.163
2026-09-13 16:19:45.399,sensor-03,20.7,52.54,1023.15,1.43
2026-09-13 16:19:46.399,sensor-03,22.66,59.52,1002.56,1.322
2026-09-13 16:19:47.399,sensor-01,26.07,43.18,1010.13,1.313
2026-09-13 16:19:48.399,sensor-01,22.4,55.69,1002.53,1.408
2026-09-13 16:19:49.399,sensor-03,21.42,71.52,1009.21,0.443
2026-09-13 16:19:50.399,sensor-01,26.98,73.75,1023.2,0.58
2026-09-13 16:19:51.399,sensor-02,23.4,62.41,1006.35,0.9
2026-09-13 16:19:52.399,sensor-05,33.3,53.48,1019.42,0.234
2026-09-13 16:19:53.399,sensor-03,24.24,45.43,1016.95,0.758
2026-09-13 16:19:54.399,sensor-01,20.89,42.06,961.35,0.973
2026-09-13 16:19:55.399,sensor-04,29.85,73.13,1010.52,0.868
2026-09-13 16:19:56.399,sensor-04,24.68,42.15,1000.11,1.271
2026-09-13 16:19:57.399,sensor-03,28.66,55.99,1020.84,12.767
2026-09-13 16:19:58.399,sensor-03,25.21,69.08,1017.15,0.535
2026-09-13 16:19:59.399,sensor-01,29.73,64.23,1001.75,0.491
2026-09-13 16:20:00.399,sensor-04,27.69,70.52,1006.56,1.083
2026-09-13 16:20:01.399,sensor-01,31.48,70.83,1022.21,0.218
2026-09-13 16:20:02.399,sensor-05,28.6,48.69,1024.97,0.345
2026-09-13 16:20:03.399,sensor-01,22.58,58.58,1010.47,0.788
2026-09-13 16:20:04.399,sensor-03,27.72,75.47,968.88,0.436
2026-09-13 16:20:05.399,sensor-05,28.29,48.45,1018.53,1.037
2026-09-13 16:20:06.399,sensor-03,32.95,71.37,1016.7,1.031
2026-09-13 16:20:07.399,sensor-03,26.96,68.38,1015.26,0.786
2026-09-13 16:20:08.399,sensor-04,30.53,65.84,1008.56,0.599
2026-09-13 16:20:09.399,sensor-05,32.9,62.44,1010.04,1.132
2026-09-13 16:20:10.399,sensor-02,34.64,42.2,1000.86,0.896
2026-09-13 16:20:11.399,sensor-04,31.72,45.52,1011.02,1.064
2026-09-13 16:20:12.399,sensor-01,27.45,48.25,1014.64,0.736
2026-09-13 16:20:13.399,sensor-03,24.19,70.18,1012.94,0.349
2026-09-13 16:20:14.399,sensor-01,34.22,68.22,1007.47,1.095
2026-09-13 16:20:15.399,sensor-03,27.9,49.9,1008.7,1.419
2026-09-13 16:20:16.399,sensor-01,32.02,66.69,1013.32,0.293
2026-09-13 16:20:17.399,sensor-01,28.8,78.94,1021.93,0.135
2026-09-13 16:20:18.399,sensor-05,22.36,79.03,1005.89,0.382
2026-09-13 16:20:19.399,sensor-03,23.39,66.81,1002.43,0.127
2026-09-13 16:20:20.399,sensor-05,25.47,79.0,1013.68,1.157
2026-09-13 16:20:21.399,sensor-04,34.49,54.31,1024.98,0.994
2026-09-13 16:20:22.399,sensor-04,23.78,65.72,1012.78,1.439
2026-09-13 16:20:23.399,sensor-02,34.2,75.39,1014.76,0.215
2026-09-13 16:20:24.399,sensor-04,21.15,44.32,1024.42,0.397
2026-09-13 16:20:25.399,sensor-04,29.47,48.27,1014.48,0.976
2026-09-13 16:20:26.399,sensor-01,22.79,68.92,1001.83,0.928
2026-09-13 16:20:27.399,sensor-02,32.11,47.04,1023.32,1.338
2026-09-13 16:20:28.399,sensor-03,52.57,13.61,965.27,5.828
2026-09-13 16:20:29.399,sensor-02,32.24,50.49,1013.54,0.995
2026-09-13 16:20:30.399,sensor-03,33.76,54.19,1021.44,0.43
2026-09-13 16:20:31.399,sensor-01,21.33,79.44,1023.85,0.719
2026-09-13 16:20:32.399,sensor-03,24.13,66.98,1017.46,0.835
2026-09-13 16:20:33.399,sensor-01,33.79,44.6,1015.73,0.244
2026-09-13 16:20:34.399,sensor-01,25.45,65.58,1013.04,1.044
2026-09-13 16:20:35.399,sensor-03,22.1,42.29,1015.63,1.015
2026-09-13 16:20:36.399,sensor-02,32.16,43.03,1015.81,0.269
2026-09-13 16:20:37.399,sensor-01,26.27,68.72,1001.3,0.877
2026-09-13 16:20:38.399,sensor-04,21.8,42.94,1017.83,0.189
2026-09-13 16:20:39.399,sensor-05,32.37,72.39,1021.35,0.557
2026-09-13 16:20:40.399,sensor-04,22.05,68.98,1002.44,1.379
2026-09-13 16:20:41.399,sensor-03,27.4,59.39,1004.53,0.584
2026-09-13 16:20:42.399,sensor-03,27.94,47.81,1017.26,0.649
2026-09-13 16:20:43.399,sensor-04,34.16,60.27,1013.2,1.474
2026-09-13 16:20:44.399,sensor-05,30.42,65.32,1005.86,0.172
2026-09-13 16:20:45.399,sensor-04,20.15,42.84,1014.88,1.114
2026-09-13 16:20:46.399,sensor-04,34.25,69.73,1019.62,1.081
2026-09-13 16:20:47.399,sensor-04,25.41,77.97,1016.53,1.205
2026-09-13 16:20:48.399,sensor-02,24.83,65.79,1000.61,0.9
2026-09-13 16:20:49.399,sensor-05,29.16,51.82,1018.1,0.304
2026-09-13 16:20:50.399,sensor-01,32.95,59.91,1010.72,0.801
2026-09-13 16:20:51.399,sensor-01,26.87,73.99,1020.02,0.328
2026-09-13 16:20:52.399,sensor-05,32.3,57.03,1001.2,1.404
2026-09-13 16:20:53.399,sensor-05,25.41,70.38,1006.6,1.269
2026-09-13 16:20:54.399,sensor-04,34.49,79.83,1023.1,1.319
2026-09-13 16:20:55.399,sensor-01,34.5,77.12,1013.36,0.663
2026-09-13 16:20:56.399,sensor-05,30.51,56.16,978.74,0.903
2026-09-13 16:20:57.399,sensor-02,22.11,40.22,1021.42,1.308
2026-09-13 16:20:58.399,sensor-05,22.28,57.92,1004.64,1.13
2026-09-13 16:20:59.399,sensor-03,25.74,58.6,1010.62,0.314
2026-09-13 16:21:00.399,sensor-02,20.97,44.61,1024.45,0.492
2026-09-13 16:21:01.399,sensor-01,31.33,76.97,1019.74,0.958
2026-09-13 16:21:02.399,sensor-02,26.06,74.38,1019.96,0.102
2026-09-13 16:21:03.399,sensor-02,21.29,73.85,1000.2,1.122
2026-09-13 16:21:04.399,sensor-02,27.23,54.85,1015.15,1.227
2026-09-13 16:21:05.399,sensor-02,29.11,77.6,1007.46,0.627
2026-09-13 16:21:06.399,sensor-02,22.64,43.08,1014.74,0.134
2026-09-13 16:21:07.399,sensor-04,29.89,60.42,1009.59,0.907
2026-09-13 16:21:08.399,sensor-04,32.05,71.71,1016.62,1.352
2026-09-13 16:21:09.399,sensor-01,34.35,75.67,1008.02,0.128
2026-09-13 16:21:10.399,sensor-03,26.58,69.98,1013.11,0.207
2026-09-13 16:21:11.399,sensor-05,20.57,69.47,1007.3,0.734
2026-09-13 16:21:12.399,sensor-03,23.75,66.08,1017.34,0.219
2026-09-13 16:21:13.399,sensor-04,30.82,61.78,1019.44,0.251
2026-09-13 16:21:14.399,sensor-02,29.86,67.73,1020.36,0.353
2026-09-13 16:21:15.399,sensor-04,23.36,60.68,1015.96,0.4
2026-09-13 16:21:16.399,sensor-01,55.75,14.12,950.53,7.867
2026-09-13 16:21:17.399,sensor-01,20.87,56.15,1001.21,0.951
2026-09-13 16:21:18.399,sensor-04,23.37,74.74,1017.26,0.179
2026-09-13 16:21:19.399,sensor-02,31.52,52.44,1009.54,0.981
2026-09-13 16:21:20.399,sensor-05,22.62,41.07,1000.13,0.659
2026-09-13 16:21:21.399,sensor-03,32.3,76.48,1013.34,0.728
2026-09-13 16:21:22.399,sensor-01,33.64,59.85,1011.38,0.821
2026-09-13 16:21:23.399,sensor-01,23.37,68.4,964.13,1.289
2026-09-13 16:21:24.399,sensor-05,32.76,78.6,1014.87,0.397
2026-09-13 16:21:25.399,sensor-04,23.15,62.12,1020.87,0.646
2026-09-13 16:21:26.399,sensor-03,20.54,50.16,1017.45,0.605
2026-09-13 16:21:27.399,sensor-01,21.43,66.37,1015.32,0.826
2026-09-13 16:21:28.399,sensor-05,22.3,60.02,1001.5,1.396
2026-09-13 16:21:29.399,sensor-02,20.01,71.45,974.62,1.395
2026-09-13 16:21:30.399,sensor-04,23.75,48.1,1008.94,1.26
2026-09-13 16:21:31.399,sensor-03,22.63,54.14,1005.94,0.272
2026-09-13 16:21:32.399,sensor-01,23.38,18.73,1018.71,1.183
2026-09-13 16:21:33.399,sensor-03,27.56,40.42,1022.44,0.861
2026-09-13 16:21:34.399,sensor-02,29.83,71.87,1017.32,1.389
2026-09-13 16:21:35.399,sensor-02,30.69,60.06,1014.98,1.092
2026-09-13 16:21:36.399,sensor-05,31.82,52.75,1021.47,0.251
2026-09-13 16:21:37.399,sensor-05,23.79,53.07,1007.64,0.89
2026-09-13 16:21:38.399,sensor-04,21.62,75.65,1005.12,0.848
2026-09-13 16:21:39.399,sensor-01,21.44,78.87,1016.61,0.147
2026-09-13 16:21:40.399,sensor-02,27.63,43.01,1017.02,0.799
2026-09-13 16:21:41.399,sensor-05,24.37,51.38,1006.82,1.174
2026-09-13 16:21:42.399,sensor-01,33.55,49.17,1019.66,0.902
2026-09-13 16:21:43.399,sensor-02,79.83,49.64,1015.79,0.868
2026-09-13 16:21:44.399,sensor-05,27.3,67.21,1011.91,1.142
2026-09-13 16:21:45.399,sensor-01,26.7,53.42,1011.49,0.731
2026-09-13 16:21:46.399,sensor-05,20.23,40.4,1009.34,0.969
2026-09-13 16:21:47.399,sensor-04,28.0,68.91,1002.35,1.478
2026-09-13 16:21:48.399,sensor-04,21.66,68.38,1021.01,0.247
2026-09-13 16:21:49.399,sensor-04,24.22,40.48,1024.65,0.938
2026-09-13 16:21:50.399,sensor-05,32.48,72.57,1008.49,0.569
2026-09-13 16:21:51.399,sensor-01,25.2,54.78,1003.5,0.598
2026-09-13 16:21:52.399,sensor-02,22.48,54.94,1012.02,1.109
2026-09-13 16:21:53.399,sensor-02,23.04,41.47,1007.59,0.32
2026-09-13 16:21:54.399,sensor-03,54.85,19.03,953.09,11.351
2026-09-13 16:21:55.399,sensor-04,23.98,69.0,1004.25,0.499
2026-09-13 16:21:56.399,sensor-05,34.95,48.58,1003.23,1.396
2026-09-13 16:21:57.399,sensor-05,29.76,63.07,1018.78,1.116
2026-09-13 16:21:58.399,sensor-02,34.99,77.68,1022.41,0.971
2026-09-13 16:21:59.399,sensor-03,20.22,59.98,1015.59,1.022
2026-09-13 16:22:00.399,sensor-03,27.07,65.45,1010.71,1.447
2026-09-13 16:22:01.399,sensor-01,20.35,67.61,1010.32,1.275
2026-09-13 16:22:02.399,sensor-01,20.21,55.52,1018.4,1.46
2026-09-13 16:22:03.399,sensor-03,32.19,42.81,1014.31,1.394
2026-09-13 16:22:04.399,sensor-03,34.4,48.83,1002.64,0.835
2026-09-13 16:22:05.399,sensor-02,32.0,46.77,1018.64,0.88
2026-09-13 16:22:06.399,sensor-01,30.77,68.55,1012.89,0.416
2026-09-13 16:22:07.399,sensor-05,29.84,72.37,1017.42,1.261
2026-09-13 16:22:08.399,sensor-01,27.45,66.68,1002.58,0.31
2026-09-13 16:22:09.399,sensor-05,29.91,41.45,1024.26,0.295
2026-09-13 16:22:10.399,sensor-01,34.62,70.84,1023.41,1.229
2026-09-13 16:22:11.399,sensor-02,24.9,77.89,1021.52,0.603
2026-09-13 16:22:12.399,sensor-04,24.47,53.05,1021.52,0.115
2026-09-13 16:22:13.399,sensor-05,28.14,58.02,1007.81,0.203
2026-09-13 16:22:14.399,sensor-05,53.71,45.07,1004.09,0.523
2026-09-13 16:22:15.399,sensor-02,25.75,75.18,1002.66,0.777
2026-09-13 16:22:16.399,sensor-02,23.16,69.42,950.24,0.607
2026-09-13 16:22:17.399,sensor-04,51.68,11.26,970.28,9.761
2026-09-13 16:22:18.399,sensor-05,20.66,53.61,1008.78,0.576
2026-09-13 16:22:19.399,sensor-02,31.86,52.72,1018.61,0.305
2026-09-13 16:22:20.399,sensor-02,28.09,44.31,1023.84,1.369
2026-09-13 16:22:21.399,sensor-05,33.39,45.87,1012.59,0.545
2026-09-13 16:22:22.399,sensor-01,23.3,67.47,1002.22,1.125
2026-09-13 16:22:23.399,sensor-01,29.91,6.33,1015.24,0.398
2026-09-13 16:22:24.399,sensor-04,28.7,53.93,1006.08,0.407
2026-09-13 16:22:25.399,sensor-01,24.57,58.86,1000.01,1.389
2026-09-13 16:22:26.399,sensor-02,30.24,65.15,1020.23,1.012
2026-09-13 16:22:27.399,sensor-03,27.33,68.07,1014.21,0.816
2026-09-13 16:22:28.399,sensor-03,71.12,54.34,1000.23,0.684
2026-09-13 16:22:29.399,sensor-03,28.43,67.74,1000.0,0.183
2026-09-13 16:22:30.399,sensor-05,30.77,66.52,1017.68,1.135
2026-09-13 16:22:31.399,sensor-05,31.07,42.96,1001.58,0.606
2026-09-13 16:22:32.399,sensor-04,25.02,51.0,1019.54,0.449
2026-09-13 16:22:33.399,sensor-02,22.66,10.06,1010.03,0.519
2026-09-13 16:22:34.399,sensor-05,24.7,71.42,1001.18,12.902
2026-09-13 16:22:35.399,sensor-01,34.73,76.41,1007.9,1.068
2026-09-13 16:22:36.399,sensor-05,26.16,55.04,1022.85,1.271
2026-09-13 16:22:37.399,sensor-02,21.0,49.73,1007.52,0.694
2026-09-13 16:22:38.399,sensor-02,31.86,48.93,1017.41,1.292
2026-09-13 16:22:39.399,sensor-03,25.31,47.52,1003.36,1.142
2026-09-13 16:22:40.399,sensor-01,34.76,66.85,1021.1,0.713
2026-09-13 16:22:41.399,sensor-03,22.99,47.41,1022.26,1.348
2026-09-13 16:22:42.399,sensor-01,24.58,70.17,1021.15,0.587
2026-09-13 16:22:43.399,sensor-05,29.99,69.58,1010.6,0.916
2026-09-13 16:22:44.399,sensor-02,28.59,64.44,1013.73,1.317
2026-09-13 16:22:45.399,sensor-03,27.62,44.92,967.17,0.285
2026-09-13 16:22:46.399,sensor-02,34.99,68.49,1021.21,0.585
2026-09-13 16:22:47.399,sensor-05,26.26,72.29,1013.15,0.414
2026-09-13 16:22:48.399,sensor-01,23.27,40.12,1005.9,0.37
2026-09-13 16:22:49.399,sensor-05,25.82,73.81,1013.89,0.111
2026-09-13 16:22:50.399,sensor-03,33.97,64.17,1023.24,0.534
2026-09-13 16:22:51.399,sensor-04,34.64,40.73,1023.81,0.648
2026-09-13 16:22:52.399,sensor-02,28.17,62.59,1008.98,1.26
2026-09-13 16:22:53.399,sensor-03,28.4,69.7,1011.79,1.052
2026-09-13 16:22:54.399,sensor-05,29.89,66.97,1017.74,1.253
2026-09-13 16:22:55.399,sensor-01,30.19,43.08,1005.47,1.209
2026-09-13 16:22:56.399,sensor-01,27.47,79.5,1005.88,0.127
2026-09-13 16:22:57.399,sensor-02,30.89,71.03,1014.14,0.457
2026-09-13 16:22:58.399,sensor-03,20.22,67.27,1015.36,0.131
2026-09-13 16:22:59.399,sensor-04,24.62,65.42,1015.04,0.3
2026-09-13 16:23:00.399,sensor-03,30.25,77.34,1014.41,0.895
2026-09-13 16:23:01.399,sensor-03,20.81,55.86,1022.51,1.227
2026-09-13 16:23:02.399,sensor-01,22.29,60.24,1014.62,0.394
2026-09-13 16:23:03.399,sensor-04,30.08,65.89,1006.67,6.299
2026-09-13 16:23:04.399,sensor-05,24.65,78.63,971.76,0.217
2026-09-13 16:23:05.399,sensor-01,22.82,56.95,1006.6,0.963
2026-09-13 16:23:06.399,sensor-04,58.49,12.42,958.93,14.963
2026-09-13 16:23:07.399,sensor-03,23.46,76.51,1022.95,0.689
2026-09-13 16:23:08.399,sensor-02,34.84,64.75,1013.62,0.15
2026-09-13 16:23:09.399,sensor-02,21.26,41.88,1006.87,0.766
2026-09-13 16:23:10.399,sensor-04,22.96,54.88,1019.51,0.838
2026-09-13 16:23:11.399,sensor-04,25.94,65.04,957.53,1.027
2026-09-13 16:23:12.399,sensor-04,32.93,55.36,1004.99,0.755
2026-09-13 16:23:13.399,sensor-02,28.6,70.69,1020.87,0.657
2026-09-13 16:23:14.399,sensor-02,27.26,57.35,1004.92,1.355
2026-09-13 16:23:15.399,sensor-01,31.94,65.83,1006.54,0.989
2026-09-13 16:23:16.399,sensor-02,21.04,79.74,1015.91,0.455
2026-09-13 16:23:17.399,sensor-05,26.58,76.02,1021.72,0.582
2026-09-13 16:23:18.399,sensor-04,29.91,70.85,1009.15,0.173
2026-09-13 16:23:19.399,sensor-01,31.63,70.24,1014.59,12.821
2026-09-13 16:23:20.399,sensor-03,31.74,46.51,1010.19,1.387
2026-09-13 16:23:21.399,sensor-04,20.92,66.14,1014.86,1.433
2026-09-13 16:23:22.399,sensor-04,20.29,59.22,1022.4,0.707
2026-09-13 16:23:23.399,sensor-05,29.79,44.38,1012.73,1.074
2026-09-13 16:23:24.399,sensor-02,30.76,46.28,1008.71,1.066
2026-09-13 16:23:25.399,sensor-05,27.78,78.27,1023.13,0.763
2026-09-13 16:23:26.399,sensor-04,23.65,73.71,1014.68,0.652
2026-09-13 16:23:27.399,sensor-04,77.59,76.99,1005.36,1.399
2026-09-13 16:23:28.399,sensor-05,25.91,42.92,1020.12,1.28
2026-09-13 16:23:29.399,sensor-03,32.14,47.68,1015.72,0.703
2026-09-13 16:23:30.399,sensor-04,32.47,52.99,1023.36,0.897
2026-09-13 16:23:31.399,sensor-03,26.01,72.72,1016.94,1.183
2026-09-13 16:23:32.399,sensor-04,23.92,43.47,1019.42,0.681
2026-09-13 16:23:33.399,sensor-03,26.47,67.36,1015.22,1.461
2026-09-13 16:23:34.399,sensor-02,28.6,42.53,1020.2,0.963
2026-09-13 16:23:35.399,sensor-05,26.83,49.11,1011.81,0.199
2026-09-13 16:23:36.399,sensor-04,30.96,70.41,1021.86,1.208
2026-09-13 16:23:37.399,sensor-01,25.6,77.36,1023.73,1.175
2026-09-13 16:23:38.399,sensor-02,22.92,75.19,1003.55,0.918
2026-09-13 16:23:39.399,sensor-02,30.16,78.38,1019.44,0.781
2026-09-13 16:23:40.399,sensor-04,33.61,63.12,1012.42,1.056
2026-09-13 16:23:41.399,sensor-01,32.83,64.29,1004.12,0.517
2026-09-13 16:23:42.399,sensor-05,29.52,65.44,1001.8,1.457
2026-09-13 16:23:43.399,sensor-03,24.64,67.92,1020.83,1.201
2026-09-13 16:23:44.399,sensor-01,29.55,52.85,1012.45,1.243
2026-09-13 16:23:45.399,sensor-02,30.87,57.78,1020.41,0.301
2026-09-13 16:23:46.399,sensor-04,24.02,67.91,1018.98,0.738
2026-09-13 16:23:47.399,sensor-01,30.53,79.69,1019.45,0.412
2026-09-13 16:23:48.399,sensor-04,24.42,41.21,1004.5,0.244
2026-09-13 16:23:49.399,sensor-04,24.39,70.28,1023.72,0.904
2026-09-13 16:23:50.399,sensor-03,31.25,43.88,1010.71,0.798
2026-09-13 16:23:51.399,sensor-05,32.72,67.91,1013.26,1.259
2026-09-13 16:23:52.399,sensor-04,27.21,79.43,1021.87,0.815
2026-09-13 16:23:53.399,sensor-02,31.65,44.45,1011.75,0.947
2026-09-13 16:23:54.399,sensor-04,32.71,70.57,1010.19,0.299
2026-09-13 16:23:55.399,sensor-01,28.42,79.23,1013.76,1.004
2026-09-13 16:23:56.399,sensor-04,32.46,57.4,1012.44,0.346
2026-09-13 16:23:57.399,sensor-02,27.61,70.66,1000.44,0.889
2026-09-13 16:23:58.399,sensor-01,24.19,41.39,1004.24,1.481
2026-09-13 16:23:59.399,sensor-05,29.18,71.08,1022.41,12.094
2026-09-13 16:24:00.399,sensor-05,23.87,58.54,1009.03,0.647
2026-09-13 16:24:01.399,sensor-05,25.68,77.64,1019.74,0.139
2026-09-13 16:24:02.399,sensor-04,27.75,59.87,1020.89,0.695
2026-09-13 16:24:03.399,sensor-03,24.69,50.61,1017.03,0.35
2026-09-13 16:24:04.399,sensor-03,32.59,59.4,1023.25,1.361
2026-09-13 16:24:05.399,sensor-03,30.29,48.58,1020.58,0.99
2026-09-13 16:24:06.399,sensor-02,26.44,72.03,1019.9,0.147
2026-09-13 16:24:07.399,sensor-01,26.34,63.42,1003.74,0.569
2026-09-13 16:24:08.399,sensor-03,31.16,59.39,1011.62,0.971
2026-09-13 16:24:09.399,sensor-01,23.75,79.57,1021.72,1.133
2026-09-13 16:24:10.399,sensor-01,22.63,77.51,1020.41,0.832
2026-09-13 16:24:11.399,sensor-02,22.2,62.37,1004.58,0.529
2026-09-13 16:24:12.399,sensor-05,21.53,49.98,1014.86,0.186
2026-09-13 16:24:13.399,sensor-04,28.77,51.64,1007.33,0.421
2026-09-13 16:24:14.399,sensor-02,28.78,52.06,1017.57,0.242
2026-09-13 16:24:15.399,sensor-05,31.16,69.07,1006.63,0.597
2026-09-13 16:24:16.399,sensor-01,22.75,57.2,1007.05,1.009
2026-09-13 16:24:17.399,sensor-02,70.53,64.45,1010.84,1.165
2026-09-13 16:24:18.399,sensor-05,24.94,43.14,1008.63,1.096
2026-09-13 16:24:19.399,sensor-04,31.63,65.41,1006.11,1.227
2026-09-13 16:24:20.399,sensor-02,33.59,68.27,1001.37,1.219
2026-09-13 16:24:21.399,sensor-03,26.31,64.27,1018.11,1.354
2026-09-13 16:24:22.399,sensor-03,29.46,67.45,1016.87,0.79
2026-09-13 16:24:23.399,sensor-02,24.5,48.32,1013.65,5.516
2026-09-13 16:24:24.399,sensor-04,34.6,58.19,1003.68,1.245
2026-09-13 16:24:25.399,sensor-01,34.93,62.53,1005.82,0.794
2026-09-13 16:24:26.399,sensor-04,21.59,74.28,1019.18,1.306
2026-09-13 16:24:27.399,sensor-04,23.45,60.84,1021.25,0.628
2026-09-13 16:24:28.399,sensor-02,23.63,74.8,1011.6,1.057
2026-09-13 16:24:29.399,sensor-03,24.49,70.45,1000.57,0.246
2026-09-13 16:24:30.399,sensor-02,26.04,59.08,1006.13,0.193
2026-09-13 16:24:31.399,sensor-02,20.35,72.38,1023.23,1.095
2026-09-13 16:24:32.399,sensor-04,29.78,77.27,1024.11,0.697
2026-09-13 16:24:33.399,sensor-03,32.04,40.04,1013.18,1.014
2026-09-13 16:24:34.399,sensor-02,24.43,47.29,1013.95,1.387
2026-09-13 16:24:35.399,sensor-05,25.4,50.31,1019.72,1.115
2026-09-13 16:24:36.399,sensor-02,21.86,71.41,1015.44,0.628
2026-09-13 16:24:37.399,sensor-02,29.9,77.17,1011.86,0.736
2026-09-13 16:24:38.399,sensor-05,34.41,72.76,1011.56,0.394
2026-09-13 16:24:39.399,sensor-01,34.07,54.54,1018.92,1.392
2026-09-13 16:24:40.399,sensor-05,28.33,59.68,1024.69,0.405
2026-09-13 16:24:41.399,sensor-03,34.45,67.57,1013.41,0.285
2026-09-13 16:24:42.399,sensor-05,29.04,56.19,1013.78,1.341
2026-09-13 16:24:43.399,sensor-03,26.0,64.32,1006.98,0.732
2026-09-13 16:24:44.399,sensor-03,28.67,53.51,1006.8,0.311
2026-09-13 16:24:45.399,sensor-02,30.67,48.87,1002.95,1.498
2026-09-13 16:24:46.399,sensor-05,29.14,68.6,1014.02,0.353
2026-09-13 16:24:47.399,sensor-01,32.42,53.99,1019.1,0.86
2026-09-13 16:24:48.399,sensor-05,20.61,75.17,1024.21,1.139
2026-09-13 16:24:49.399,sensor-03,32.11,65.9,1008.47,1.338
2026-09-13 16:24:50.399,sensor-05,30.05,51.54,1024.38,0.899
2026-09-13 16:24:51.399,sensor-04,26.05,45.45,1017.16,0.703
2026-09-13 16:24:52.399,sensor-05,31.51,49.7,1017.9,0.129
2026-09-13 16:24:53.399,sensor-05,27.4,77.47,1009.44,0.468
2026-09-13 16:24:54.399,sensor-03,32.95,76.44,1012.96,0.738
2026-09-13 16:24:55.399,sensor-05,32.72,78.59,1008.21,1.134
2026-09-13 16:24:56.399,sensor-04,32.07,75.46,1011.22,0.618
2026-09-13 16:24:57.399,sensor-05,22.0,54.6,1021.8,0.686
2026-09-13 16:24:58.399,sensor-04,23.23,50.25,1023.4,0.214
2026-09-13 16:24:59.399,sensor-02,28.65,49.21,1007.03,0.411
2026-09-13 16:25:00.399,sensor-05,26.47,56.71,1009.66,1.45
2026-09-13 16:25:01.399,sensor-05,33.08,53.09,1023.91,0.541
2026-09-13 16:25:02.399,sensor-03,23.42,70.12,1016.43,1.061
2026-09-13 16:25:03.399,sensor-03,30.63,52.45,1024.97,1.124
2026-09-13 16:25:04.399,sensor-05,28.84,62.11,1005.93,1.049
2026-09-13 16:25:05.399,sensor-05,20.65,72.64,1001.3,1.041
2026-09-13 16:25:06.399,sensor-03,32.89,43.78,1016.68,0.958
2026-09-13 16:25:07.399,sensor-01,22.59,71.99,1011.25,0.7
2026-09-13 16:25:08.399,sensor-02,27.8,44.27,1010.63,1.013
2026-09-13 16:25:09.399,sensor-01,22.49,54.52,1011.07,1.036
2026-09-13 16:25:10.399,sensor-03,30.15,43.09,1023.86,0.541
2026-09-13 16:25:11.399,sensor-03,23.34,43.39,1019.75,0.437
2026-09-13 16:25:12.399,sensor-01,34.62,71.24,1023.25,1.306
2026-09-13 16:25:13.399,sensor-01,27.19,46.82,1008.17,0.509
2026-09-13 16:25:14.399,sensor-01,22.13,67.32,1003.09,0.168
2026-09-13 16:25:15.399,sensor-05,30.36,45.57,1003.66,0.422
2026-09-13 16:25:16.399,sensor-02,20.53,76.23,1021.91,0.359
2026-09-13 16:25:17.399,sensor-05,22.83,68.78,1006.25,1.404
2026-09-13 16:25:18.399,sensor-03,20.13,75.35,1018.19,1.203
2026-09-13 16:25:19.399,sensor-04,30.63,72.18,1023.92,0.913
2026-09-13 16:25:20.399,sensor-02,30.52,76.83,968.57,0.418
2026-09-13 16:25:21.399,sensor-05,20.99,55.9,1023.5,0.802
2026-09-13 16:25:22.399,sensor-02,25.3,56.33,1002.93,1.025
2026-09-13 16:25:23.399,sensor-04,29.16,40.67,1004.36,0.332
2026-09-13 16:25:24.399,sensor-03,31.03,44.81,1016.7,0.35
2026-09-13 16:25:25.399,sensor-01,27.63,65.82,1020.3,0.28
2026-09-13 16:25:26.399,sensor-02,31.61,52.5,1001.99,0.318
2026-09-13 16:25:27.399,sensor-05,25.65,60.93,1019.22,0.62
2026-09-13 16:25:28.399,sensor-05,21.15,59.24,1002.41,0.448
2026-09-13 16:25:29.399,sensor-04,30.11,69.88,1001.54,1.491
2026-09-13 16:25:30.399,sensor-04,32.39,69.61,1014.79,0.714
2026-09-13 16:25:31.399,sensor-04,22.06,71.71,1001.96,0.801
2026-09-13 16:25:32.399,sensor-05,32.33,58.52,1005.92,0.787
2026-09-13 16:25:33.399,sensor-03,26.94,71.22,1006.0,0.38
2026-09-13 16:25:34.399,sensor-04,20.76,49.17,1008.84,0.783
2026-09-13 16:25:35.399,sensor-03,33.18,61.75,1007.17,0.187
2026-09-13 16:25:36.399,sensor-04,28.42,67.35,1001.24,0.36
2026-09-13 16:25:37.399,sensor-02,34.38,48.15,1001.56,0.594
2026-09-13 16:25:38.399,sensor-03,21.9,56.3,1007.66,0.228
2026-09-13 16:25:39.399,sensor-03,21.16,74.51,1007.12,1.446
2026-09-13 16:25:40.399,sensor-04,26.51,49.14,1020.87,0.606
2026-09-13 16:25:41.399,sensor-03,27.34,74.0,1018.23,1.327
2026-09-13 16:25:42.399,sensor-01,29.63,60.01,1024.69,1.443
2026-09-13 16:25:43.399,sensor-04,28.66,50.39,1021.89,0.115
2026-09-13 16:25:44.399,sensor-05,26.06,63.45,1014.02,0.346
2026-09-13 16:25:45.399,sensor-02,25.23,40.56,1017.31,0.447
2026-09-13 16:25:46.399,sensor-01,25.02,60.47,1021.49,0.309
2026-09-13 16:25:47.399,sensor-04,20.66,73.2,1024.05,0.951
2026-09-13 16:25:48.399,sensor-03,26.2,56.6,1002.66,0.15
2026-09-13 16:25:49.399,sensor-03,27.62,48.7,1015.32,0.354
2026-09-13 16:25:50.399,sensor-03,22.94,67.87,1012.91,1.131
2026-09-13 16:25:51.399,sensor-03,34.5,42.14,1010.46,0.157
2026-09-13 16:25:52.399,sensor-04,26.94,46.3,1012.97,1.392
2026-09-13 16:25:53.399,sensor-01,32.38,58.41,1022.07,0.529
2026-09-13 16:25:54.399,sensor-02,33.85,46.87,1020.02,0.984
2026-09-13 16:25:55.399,sensor-01,26.51,45.15,1024.0,0.188
2026-09-13 16:25:56.399,sensor-03,33.47,52.03,1014.93,0.502
2026-09-13 16:25:57.399,sensor-01,26.88,61.34,1008.34,0.452
2026-09-13 16:25:58.399,sensor-04,30.59,46.73,1007.3,0.572
2026-09-13 16:25:59.399,sensor-04,26.42,74.84,1016.99,1.274
2026-09-13 16:26:00.399,sensor-02,22.23,79.12,1019.66,0.902
2026-09-13 16:26:01.399,sensor-01,29.21,56.65,1016.9,0.621
2026-09-13 16:26:02.399,sensor-01,22.82,46.21,1001.89,1.247
2026-09-13 16:26:03.399,sensor-05,31.24,70.75,1012.73,1.242
2026-09-13 16:26:04.399,sensor-02,30.83,44.22,1016.28,0.269
2026-09-13 16:26:05.399,sensor-04,32.52,46.35,1001.85,1.341
2026-09-13 16:26:06.399,sensor-03,20.53,68.84,1021.19,0.82
2026-09-13 16:26:07.399,sensor-02,23.58,70.21,1021.23,0.55
2026-09-13 16:26:08.399,sensor-05,24.02,42.02,1007.03,0.136
2026-09-13 16:26:09.399,sensor-02,30.35,61.73,1020.94,1.445
2026-09-13 16:26:10.399,sensor-01,21.33,69.99,1000.53,0.412
2026-09-13 16:26:11.399,sensor-05,20.08,59.71,1010.6,1.014
2026-09-13 16:26:12.399,sensor-02,33.11,69.37,1010.81,0.601
2026-09-13 16:26:13.399,sensor-04,25.99,53.65,1000.97,0.214
2026-09-13 16:26:14.399,sensor-03,20.37,46.11,1021.43,1.217
2026-09-13 16:26:15.399,sensor-04,29.36,44.96,1017.47,0.492
2026-09-13 16:26:16.399,sensor-04,34.32,74.82,1005.83,1.131
2026-09-13 16:26:17.399,sensor-02,79.64,46.81,1017.37,0.609
2026-09-13 16:26:18.399,sensor-03,25.91,60.75,1013.0,0.758
2026-09-13 16:26:19.399,sensor-04,33.28,52.07,1012.17,0.105
2026-09-13 16:26:20.399,sensor-02,24.07,79.9,1014.61,0.272
2026-09-13 16:26:21.399,sensor-01,25.3,79.44,1010.77,0.422
2026-09-13 16:26:22.399,sensor-03,20.82,74.44,1000.39,1.358
2026-09-13 16:26:23.399,sensor-04,21.14,68.94,1019.27,0.943
2026-09-13 16:26:24.399,sensor-01,20.89,69.09,1002.64,0.439
2026-09-13 16:26:25.399,sensor-03,22.46,17.7,1020.18,1.279
2026-09-13 16:26:26.399,sensor-02,25.45,67.83,1014.73,0.586
2026-09-13 16:26:27.399,sensor-04,22.0,74.4,1014.41,0.256
2026-09-13 16:26:28.399,sensor-02,26.47,48.16,1024.03,1.108
2026-09-13 16:26:29.399,sensor-05,28.16,57.66,1004.74,0.315
2026-09-13 16:26:30.399,sensor-01,26.84,69.33,1011.05,0.93
2026-09-13 16:26:31.399,sensor-05,24.84,76.08,1020.15,0.195
2026-09-13 16:26:32.399,sensor-05,23.29,66.58,1013.88,0.793
2026-09-13 16:26:33.399,sensor-02,25.74,74.63,1024.31,1.187
2026-09-13 16:26:34.399,sensor-04,21.69,48.37,1010.57,0.431
2026-09-13 16:26:35.399,sensor-04,26.25,50.95,1009.52,0.766
2026-09-13 16:26:36.399,sensor-04,21.34,73.95,1003.19,0.467
2026-09-13 16:26:37.399,sensor-02,52.37,65.54,1009.83,0.229
2026-09-13 16:26:38.399,sensor-03,23.46,71.1,1021.44,0.303
2026-09-13 16:26:39.399,sensor-04,22.2,51.47,1005.98,1.202
2026-09-13 16:26:40.399,sensor-03,30.11,72.89,1007.53,0.393
2026-09-13 16:26:41.399,sensor-04,24.8,66.84,1016.95,0.82
2026-09-13 16:26:42.399,sensor-01,27.31,60.44,1019.33,1.094
2026-09-13 16:26:43.399,sensor-01,34.56,69.11,1001.91,0.667
2026-09-13 16:26:44.399,sensor-03,22.72,63.32,1008.74,0.574
2026-09-13 16:26:45.399,sensor-02,26.33,61.1,1014.07,0.888
2026-09-13 16:26:46.399,sensor-03,25.02,66.2,1003.64,1.492
2026-09-13 16:26:47.399,sensor-05,26.26,52.05,1009.7,1.11
2026-09-13 16:26:48.399,sensor-04,33.33,58.25,1016.74,0.718
2026-09-13 16:26:49.399,sensor-01,27.12,71.07,1000.13,0.402
2026-09-13 16:26:50.399,sensor-05,27.61,54.57,1010.11,0.733
2026-09-13 16:26:51.399,sensor-02,34.44,73.77,1021.04,0.379
2026-09-13 16:26:52.399,sensor-03,29.84,48.11,1018.66,0.38
2026-09-13 16:26:53.399,sensor-02,24.6,73.84,1018.3,0.843
2026-09-13 16:26:54.399,sensor-05,25.85,71.26,1005.16,0.805
2026-09-13 16:26:55.399,sensor-01,26.4,60.81,1002.0,0.748
2026-09-13 16:26:56.399,sensor-04,20.82,43.81,1008.78,1.28
2026-09-13 16:26:57.399,sensor-01,24.64,68.76,1014.43,1.477
2026-09-13 16:26:58.399,sensor-03,28.89,52.31,1001.17,0.173
2026-09-13 16:26:59.399,sensor-02,30.39,68.01,1004.52,1.301
2026-09-13 16:27:00.399,sensor-05,21.77,73.46,1022.71,1.252
2026-09-13 16:27:01.399,sensor-03,25.42,68.53,1014.48,0.694
2026-09-13 16:27:02.399,sensor-02,26.2,76.11,1007.23,0.314
2026-09-13 16:27:03.399,sensor-03,31.39,74.39,1002.86,0.97
2026-09-13 16:27:04.399,sensor-04,30.07,78.38,1008.66,0.52
2026-09-13 16:27:05.399,sensor-03,26.44,58.95,1001.73,0.308
2026-09-13 16:27:06.399,sensor-01,28.85,70.18,1000.3,0.412
2026-09-13 16:27:07.399,sensor-01,60.37,10.42,978.46,5.448
2026-09-13 16:27:08.399,sensor-04,59.67,63.11,1017.48,0.994
2026-09-13 16:27:09.399,sensor-05,31.59,47.53,1017.91,0.976
2026-09-13 16:27:10.399,sensor-01,30.04,69.48,1012.24,0.577
2026-09-13 16:27:11.399,sensor-03,24.35,70.55,1010.24,1.084
2026-09-13 16:27:12.399,sensor-04,30.1,64.43,1012.96,0.377
2026-09-13 16:27:13.399,sensor-05,34.46,58.66,1023.33,1.497
2026-09-13 16:27:14.399,sensor-04,29.66,49.49,1001.18,0.735
2026-09-13 16:27:15.399,sensor-05,24.88,71.38,1016.37,1.074
2026-09-13 16:27:16.399,sensor-03,22.73,49.86,1002.25,0.277
2026-09-13 16:27:17.399,sensor-05,28.7,57.65,1006.67,1.306
2026-09-13 16:27:18.399,sensor-05,29.52,40.63,1022.84,1.3
2026-09-13 16:27:19.399,sensor-02,28.02,58.12,1012.05,1.177
2026-09-13 16:27:20.399,sensor-01,20.87,45.05,1006.29,0.615
2026-09-13 16:27:21.399,sensor-04,23.59,52.78,1005.58,0.864
2026-09-13 16:27:22.399,sensor-03,34.28,79.82,1020.93,1.227
2026-09-13 16:27:23.399,sensor-05,28.7,54.06,1019.61,0.341
2026-09-13 16:27:24.399,sensor-01,29.13,67.54,1000.08,0.815
2026-09-13 16:27:25.399,sensor-05,31.89,41.56,1001.21,0.968
2026-09-13 16:27:26.399,sensor-05,28.88,77.97,1007.86,0.657
2026-09-13 16:27:27.399,sensor-02,21.61,71.84,1000.29,0.781
2026-09-13 16:27:28.399,sensor-03,31.97,41.32,1004.09,0.58
2026-09-13 16:27:29.399,sensor-02,25.75,78.07,1002.53,0.693
2026-09-13 16:27:30.399,sensor-02,24.18,68.59,1015.45,1.238
2026-09-13 16:27:31.399,sensor-02,29.1,75.74,1021.28,1.388
2026-09-13 16:27:32.399,sensor-05,32.25,71.79,1016.69,1.477
2026-09-13 16:27:33.399,sensor-05,31.12,67.95,1018.3,1.152
2026-09-13 16:27:34.399,sensor-02,25.88,69.92,1017.91,1.267
2026-09-13 16:27:35.399,sensor-01,28.94,45.6,1015.89,1.342
2026-09-13 16:27:36.399,sensor-05,34.99,54.37,1018.08,0.856
2026-09-13 16:27:37.399,sensor-05,23.6,49.84,1004.62,0.984
2026-09-13 16:27:38.399,sensor-03,27.85,57.53,1021.37,0.72
2026-09-13 16:27:39.399,sensor-01,34.88,73.8,1016.5,1.159
2026-09-13 16:27:40.399,sensor-04,23.12,59.56,1004.45,1.155
2026-09-13 16:27:41.399,sensor-01,23.8,44.37,1018.02,0.514
2026-09-13 16:27:42.399,sensor-02,31.62,49.06,1023.52,0.55
2026-09-13 16:27:43.399,sensor-04,23.6,42.96,1011.72,0.45
2026-09-13 16:27:44.399,sensor-03,23.5,58.05,1004.9,0.35
2026-09-13 16:27:45.399,sensor-04,21.62,47.55,1023.45,1.034
2026-09-13 16:27:46.399,sensor-02,32.86,54.49,1003.6,1.227
2026-09-13 16:27:47.399,sensor-05,26.07,72.77,1015.43,0.825
2026-09-13 16:27:48.399,sensor-01,34.86,46.99,1006.38,0.43
2026-09-13 16:27:49.399,sensor-03,31.46,58.29,1023.89,0.174
2026-09-13 16:27:50.399,sensor-01,25.87,42.16,1024.97,1.38
2026-09-13 16:27:51.399,sensor-04,23.27,51.07,1011.24,11.134
2026-09-13 16:27:52.399,sensor-03,33.56,59.07,1008.62,0.816
2026-09-13 16:27:53.399,sensor-04,31.55,46.14,1007.96,1.315
2026-09-13 16:27:54.399,sensor-03,27.98,68.9,1014.45,0.197
2026-09-13 16:27:55.399,sensor-05,20.8,44.85,1017.55,0.946
2026-09-13 16:27:56.399,sensor-01,28.09,68.13,1012.61,0.296
2026-09-13 16:27:57.399,sensor-03,33.84,62.31,1008.96,1.372
2026-09-13 16:27:58.399,sensor-01,27.64,44.66,1018.44,1.08
2026-09-13 16:27:59.399,sensor-02,26.54,46.73,1024.11,0.221
2026-09-13 16:28:00.399,sensor-05,30.58,46.31,1009.13,0.16
2026-09-13 16:28:01.399,sensor-05,26.45,79.6,1003.16,0.649
2026-09-13 16:28:02.399,sensor-01,33.15,52.94,1016.97,1.341
2026-09-13 16:28:03.399,sensor-04,22.29,42.92,1015.37,0.8
2026-09-13 16:28:04.399,sensor-04,24.39,55.68,1012.39,0.646
2026-09-13 16:28:05.399,sensor-01,32.98,64.37,1003.65,0.693
2026-09-13 16:28:06.399,sensor-02,29.01,64.35,1016.13,1.077
2026-09-13 16:28:07.399,sensor-02,20.26,58.19,1010.74,1.128
2026-09-13 16:28:08.399,sensor-03,29.47,52.27,1009.55,1.107
2026-09-13 16:28:09.399,sensor-02,25.87,68.63,1004.98,1.426
2026-09-13 16:28:10.399,sensor-01,32.28,51.99,1016.6,0.216
2026-09-13 16:28:11.399,sensor-03,22.65,53.1,1020.02,1.318
2026-09-13 16:28:12.399,sensor-03,27.2,70.03,1020.65,1.171
2026-09-13 16:28:13.399,sensor-04,32.86,46.07,1009.7,0.179
2026-09-13 16:28:14.399,sensor-01,31.58,47.88,1013.55,0.151
2026-09-13 16:28:15.399,sensor-05,27.87,68.23,1002.6,1.283
2026-09-13 16:28:16.399,sensor-04,21.8,79.23,1000.56,0.98
2026-09-13 16:28:17.399,sensor-04,21.06,43.24,1011.66,1.492
2026-09-13 16:28:18.399,sensor-01,29.19,60.74,1021.05,0.504
2026-09-13 16:28:19.399,sensor-05,24.99,57.58,1022.22,0.565
2026-09-13 16:28:20.399,sensor-05,24.56,72.38,1023.26,0.984
2026-09-13 16:28:21.399,sensor-02,20.19,46.96,1003.69,0.262
2026-09-13 16:28:22.399,sensor-03,22.05,43.43,1009.56,0.449
2026-09-13 16:28:23.399,sensor-01,23.84,61.47,1018.95,1.294
2026-09-13 16:28:24.399,sensor-01,29.42,76.3,1012.99,0.987
2026-09-13 16:28:25.399,sensor-02,24.98,45.93,1019.91,0.178
2026-09-13 16:28:26.399,sensor-02,32.97,59.9,1001.76,0.7
2026-09-13 16:28:27.399,sensor-05,30.37,68.85,1012.9,1.093
2026-09-13 16:28:28.399,sensor-04,21.0,48.9,1000.32,0.814
2026-09-13 16:28:29.399,sensor-04,27.5,77.04,1004.31,0.204
2026-09-13 16:28:30.399,sensor-03,33.54,67.32,1006.15,1.458
2026-09-13 16:28:31.399,sensor-04,23.34,60.52,1020.56,1.304
2026-09-13 16:28:32.399,sensor-05,27.84,67.91,1013.21,0.685
2026-09-13 16:28:33.399,sensor-01,31.4,40.99,1001.31,1.367
2026-09-13 16:28:34.399,sensor-04,20.06,52.48,1019.08,0.685
2026-09-13 16:28:35.399,sensor-03,23.03,68.86,1002.58,0.81
2026-09-13 16:28:36.399,sensor-01,20.7,45.73,1021.73,0.347
2026-09-13 16:28:37.399,sensor-01,31.03,57.82,1023.59,1.03
2026-09-13 16:28:38.399,sensor-04,29.85,41.62,1023.77,1.439
2026-09-13 16:28:39.399,sensor-04,23.03,61.9,1019.27,1.416
2026-09-13 16:28:40.399,sensor-03,30.4,68.66,1005.53,0.981
2026-09-13 16:28:41.399,sensor-04,35.0,41.61,1005.06,0.303
2026-09-13 16:28:42.399,sensor-05,26.81,75.14,1011.22,1.036
2026-09-13 16:28:43.399,sensor-02,32.51,66.22,1008.77,1.38
2026-09-13 16:28:44.399,sensor-04,22.82,59.33,1016.87,0.614
2026-09-13 16:28:45.399,sensor-03,27.02,74.35,1011.57,0.68
2026-09-13 16:28:46.399,sensor-03,25.44,55.88,1004.52,0.923
2026-09-13 16:28:47.399,sensor-02,28.42,50.76,1015.99,1.067
2026-09-13 16:28:48.399,sensor-01,21.31,59.58,1002.32,0.821
2026-09-13 16:28:49.399,sensor-04,26.72,77.83,1002.54,1.332
2026-09-13 16:28:50.399,sensor-04,26.3,46.11,1003.9,1.391
2026-09-13 16:28:51.399,sensor-05,27.55,58.47,1015.49,0.401
2026-09-13 16:28:52.399,sensor-02,34.08,49.53,1023.04,1.492
2026-09-13 16:28:53.399,sensor-03,22.58,64.87,1024.74,1.356
2026-09-13 16:28:54.399,sensor-04,23.2,61.69,1005.87,1.359
2026-09-13 16:28:55.399,sensor-01,20.18,47.28,1004.74,0.208
2026-09-13 16:28:56.399,sensor-05,31.7,50.18,1019.58,0.691
2026-09-13 16:28:57.399,sensor-02,28.47,55.26,1004.69,0.92
2026-09-13 16:28:58.399,sensor-03,31.3,54.25,1012.97,1.169
2026-09-13 16:28:59.399,sensor-01,25.64,48.94,1009.37,0.231
2026-09-13 16:29:00.399,sensor-05,30.08,71.67,1016.26,0.655
2026-09-13 16:29:01.399,sensor-04,27.92,48.27,1016.22,0.928
2026-09-13 16:29:02.399,sensor-03,31.72,76.6,1023.73,0.982
2026-09-13 16:29:03.399,sensor-05,20.04,65.5,1004.46,0.513
2026-09-13 16:29:04.399,sensor-02,27.25,40.43,1005.89,0.141
2026-09-13 16:29:05.399,sensor-05,34.97,57.94,1006.5,1.294
2026-09-13 16:29:06.399,sensor-03,62.42,17.64,969.27,9.319
2026-09-13 16:29:07.399,sensor-03,23.39,59.22,1004.07,1.034
2026-09-13 16:29:08.399,sensor-05,26.74,51.15,1020.91,1.067
2026-09-13 16:29:09.399,sensor-04,27.92,75.04,1005.69,0.662
2026-09-13 16:29:10.399,sensor-01,32.12,54.1,1003.14,0.211
2026-09-13 16:29:11.399,sensor-01,31.68,51.52,1002.91,0.446
2026-09-13 16:29:12.399,sensor-04,23.23,48.64,1000.81,0.936
2026-09-13 16:29:13.399,sensor-05,29.8,62.74,1024.15,0.762
2026-09-13 16:29:14.399,sensor-04,21.26,72.4,1014.61,1.015
2026-09-13 16:29:15.399,sensor-04,26.56,75.22,1005.39,0.1
2026-09-13 16:29:16.399,sensor-03,32.32,65.73,1022.98,0.738
2026-09-13 16:29:17.399,sensor-03,23.47,48.72,1018.4,0.213
2026-09-13 16:29:18.399,sensor-05,28.65,41.86,1017.61,0.809
2026-09-13 16:29:19.399,sensor-03,30.24,40.18,1005.14,0.461
2026-09-13 16:29:20.399,sensor-03,31.21,60.51,1008.18,0.245
2026-09-13 16:29:21.399,sensor-01,26.01,62.06,1023.47,0.436
2026-09-13 16:29:22.399,sensor-01,30.71,40.45,1016.4,0.329
2026-09-13 16:29:23.399,sensor-02,28.38,55.02,1011.78,0.532
2026-09-13 16:29:24.399,sensor-02,28.13,74.17,1016.6,0.552
2026-09-13 16:29:25.399,sensor-02,21.24,61.83,1010.78,1.161
2026-09-13 16:29:26.399,sensor-01,21.22,55.62,1013.35,0.628
2026-09-13 16:29:27.399,sensor-04,27.58,77.47,1010.23,0.215
2026-09-13 16:29:28.399,sensor-04,23.84,50.76,1008.49,1.145
2026-09-13 16:29:29.399,sensor-05,25.26,47.82,1010.52,0.593
2026-09-13 16:29:30.399,sensor-03,30.19,76.55,1015.73,0.449
2026-09-13 16:29:31.399,sensor-05,26.03,56.89,1024.48,0.49
2026-09-13 16:29:32.399,sensor-01,22.68,64.14,1018.78,0.991
2026-09-13 16:29:33.399,sensor-05,20.89,58.81,1012.61,1.179
2026-09-13 16:29:34.399,sensor-05,31.74,54.64,1015.81,1.146
2026-09-13 16:29:35.399,sensor-01,26.34,65.93,1009.82,1.133
2026-09-13 16:29:36.399,sensor-05,22.36,48.16,1018.87,0.983
2026-09-13 16:29:37.399,sensor-04,24.71,73.92,1017.09,0.374
2026-09-13 16:29:38.399,sensor-04,22.38,71.77,1013.93,0.768
2026-09-13 16:29:39.399,sensor-02,34.76,68.89,1019.45,1.176
2026-09-13 16:29:40.399,sensor-05,28.76,60.8,1006.84,0.494
2026-09-13 16:29:41.399,sensor-03,25.02,69.15,1023.82,0.715
2026-09-13 16:29:42.399,sensor-04,20.14,71.48,1013.14,0.786
2026-09-13 16:29:43.399,sensor-04,27.75,52.95,1007.04,0.681
2026-09-13 16:29:44.399,sensor-01,24.87,47.69,1010.68,0.287
2026-09-13 16:29:45.399,sensor-01,21.55,66.61,1006.69,0.761
2026-09-13 16:29:46.399,sensor-04,34.22,48.87,1023.83,0.555
2026-09-13 16:29:47.399,sensor-02,30.52,47.97,1011.12,0.195
2026-09-13 16:29:48.399,sensor-03,33.37,50.96,1023.09,0.297
2026-09-13 16:29:49.399,sensor-03,24.62,47.27,1002.35,1.018
2026-09-13 16:29:50.399,sensor-03,34.69,52.64,1000.87,0.3
2026-09-13 16:29:51.399,sensor-02,26.95,69.79,1007.41,0.304
2026-09-13 16:29:52.399,sensor-02,28.63,77.35,1007.28,0.817
2026-09-13 16:29:53.399,sensor-03,30.38,70.06,1019.31,0.856
2026-09-13 16:29:54.399,sensor-04,30.46,66.8,1009.55,1.26
2026-09-13 16:29:55.399,sensor-05,22.34,53.81,1006.35,1.028
2026-09-13 16:29:56.399,sensor-04,27.7,46.1,1006.46,0.83
2026-09-13 16:29:57.399,sensor-05,52.89,6.87,976.13,11.635
2026-09-13 16:29:58.399,sensor-04,26.54,65.96,1023.37,0.239
2026-09-13 16:29:59.399,sensor-05,31.71,79.77,1007.85,1.423
2026-09-13 16:30:00.399,sensor-05,30.73,75.31,1004.27,0.388
2026-09-13 16:30:01.399,sensor-05,21.18,74.04,1008.58,0.669
2026-09-13 16:30:02.399,sensor-01,33.67,45.23,1014.36,0.307
2026-09-13 16:30:03.399,sensor-04,23.51,51.91,1009.54,0.668
2026-09-13 16:30:04.399,sensor-01,28.47,57.12,1017.99,0.741
2026-09-13 16:30:05.399,sensor-01,24.89,64.11,1003.37,0.87
2026-09-13 16:30:06.399,sensor-02,30.43,41.13,1011.73,0.173
2026-09-13 16:30:07.399,sensor-01,27.04,70.68,1002.51,1.129
2026-09-13 16:30:08.399,sensor-04,27.57,63.98,1008.4,1.094
2026-09-13 16:30:09.399,sensor-02,24.04,66.16,1003.7,6.936
2026-09-13 16:30:10.399,sensor-04,33.12,41.96,1013.96,0.991
2026-09-13 16:30:11.399,sensor-02,29.83,44.12,1003.67,0.99
2026-09-13 16:30:12.399,sensor-05,33.81,77.95,1007.32,1.104
2026-09-13 16:30:13.399,sensor-04,20.53,50.62,1005.17,0.619
2026-09-13 16:30:14.399,sensor-05,24.4,61.2,1004.81,0.488
2026-09-13 16:30:15.399,sensor-02,29.64,66.28,1020.96,1.32
2026-09-13 16:30:16.399,sensor-04,22.02,54.95,1012.89,0.169
2026-09-13 16:30:17.399,sensor-02,24.07,45.1,1023.35,0.504
2026-09-13 16:30:18.399,sensor-05,28.5,56.46,1023.24,0.411
2026-09-13 16:30:19.399,sensor-04,28.03,57.09,1019.92,0.159
2026-09-13 16:30:20.399,sensor-04,34.58,45.83,1006.16,1.405
2026-09-13 16:30:21.399,sensor-05,20.57,43.09,1019.64,0.894
2026-09-13 16:30:22.399,sensor-05,23.62,46.42,1015.35,1.335
2026-09-13 16:30:23.399,sensor-04,30.22,46.1,1004.3,1.362
2026-09-13 16:30:24.399,sensor-01,31.62,54.5,1009.92,1.22
2026-09-13 16:30:25.399,sensor-03,29.75,52.54,1002.61,1.062
2026-09-13 16:30:26.399,sensor-05,33.79,73.96,1008.06,0.431
2026-09-13 16:30:27.399,sensor-01,26.79,68.31,1020.68,0.489
2026-09-13 16:30:28.399,sensor-04,28.85,50.81,1014.62,1.207
2026-09-13 16:30:29.399,sensor-01,23.63,69.0,1019.65,1.436
2026-09-13 16:30:30.399,sensor-05,31.48,68.08,1007.83,0.131
2026-09-13 16:30:31.399,sensor-01,24.29,51.59,1023.18,0.314
2026-09-13 16:30:32.399,sensor-03,32.57,51.34,1015.85,0.879
2026-09-13 16:30:33.399,sensor-03,22.69,48.18,1023.72,0.237
2026-09-13 16:30:34.399,sensor-01,21.15,63.89,1013.78,0.902
2026-09-13 16:30:35.399,sensor-03,31.14,79.69,1006.89,0.553
2026-09-13 16:30:36.399,sensor-04,25.22,67.07,1011.15,0.951
2026-09-13 16:30:37.399,sensor-03,27.71,59.01,1006.67,0.822
2026-09-13 16:30:38.399,sensor-05,25.83,45.16,1006.0,0.848
2026-09-13 16:30:39.399,sensor-01,24.51,50.58,1010.16,1.455
2026-09-13 16:30:40.399,sensor-01,29.21,71.67,1019.2,0.784
2026-09-13 16:30:41.399,sensor-02,28.75,48.06,1001.4,0.617
2026-09-13 16:30:42.399,sensor-02,32.43,73.77,1000.85,0.197
2026-09-13 16:30:43.399,sensor-02,27.5,45.97,1020.14,0.403
2026-09-13 16:30:44.399,sensor-04,29.12,55.78,1017.32,11.277
2026-09-13 16:30:45.399,sensor-02,27.11,56.96,1009.75,0.366
2026-09-13 16:30:46.399,sensor-02,25.69,75.49,1008.87,1.276
2026-09-13 16:30:47.399,sensor-02,30.56,71.47,1012.07,0.696
2026-09-13 16:30:48.399,sensor-05,28.78,57.02,1018.94,0.66
2026-09-13 16:30:49.399,sensor-04,34.8,50.43,1005.8,0.348
2026-09-13 16:30:50.399,sensor-05,26.74,55.54,1005.1,1.348
2026-09-13 16:30:51.399,sensor-04,21.69,44.32,1001.68,0.614
2026-09-13 16:30:52.399,sensor-05,23.67,53.99,1000.16,0.592
2026-09-13 16:30:53.399,sensor-01,20.07,67.86,1023.28,0.97
2026-09-13 16:30:54.399,sensor-03,34.84,79.02,1011.71,0.251
2026-09-13 16:30:55.399,sensor-05,31.68,64.97,1015.27,1.469
2026-09-13 16:30:56.399,sensor-03,22.24,73.23,1003.63,0.637
2026-09-13 16:30:57.399,sensor-02,20.39,62.65,1010.03,0.872
2026-09-13 16:30:58.399,sensor-04,74.82,63.65,1024.03,0.59
2026-09-13 16:30:59.399,sensor-05,20.88,65.01,1016.53,0.304
2026-09-13 16:31:00.399,sensor-02,20.25,74.68,1012.29,1.194
2026-09-13 16:31:01.399,sensor-01,34.91,57.52,1010.69,0.494
2026-09-13 16:31:02.399,sensor-03,30.93,54.26,1003.27,1.307
2026-09-13 16:31:03.399,sensor-03,25.27,67.61,1012.31,1.165
2026-09-13 16:31:04.399,sensor-05,20.87,47.0,955.03,0.634
2026-09-13 16:31:05.399,sensor-03,30.77,54.54,1018.63,1.301
2026-09-13 16:31:06.399,sensor-05,32.01,45.08,1010.38,0.237
2026-09-13 16:31:07.399,sensor-01,21.57,73.43,1013.59,1.426
2026-09-13 16:31:08.399,sensor-05,29.43,47.38,1013.51,0.639
2026-09-13 16:31:09.399,sensor-05,22.98,64.81,1015.95,0.888
2026-09-13 16:31:10.399,sensor-03,29.81,71.96,1008.63,0.82
2026-09-13 16:31:11.399,sensor-05,21.64,48.34,1007.46,1.256
2026-09-13 16:31:12.399,sensor-05,20.11,47.34,954.54,0.665
2026-09-13 16:31:13.399,sensor-02,27.66,49.93,1018.44,1.187
2026-09-13 16:31:14.399,sensor-04,33.64,72.59,1010.37,0.718
2026-09-13 16:31:15.399,sensor-01,20.52,40.91,1005.14,1.259
2026-09-13 16:31:16.399,sensor-02,29.44,47.37,1007.58,0.754
2026-09-13 16:31:17.399,sensor-01,34.89,46.54,1021.25,0.758
2026-09-13 16:31:18.399,sensor-01,27.5,54.14,1005.87,1.443
2026-09-13 16:31:19.399,sensor-04,33.93,46.56,1004.59,0.934
2026-09-13 16:31:20.399,sensor-01,21.42,43.05,1018.83,0.495
2026-09-13 16:31:21.399,sensor-03,22.75,54.18,1009.37,0.8
2026-09-13 16:31:22.399,sensor-05,20.15,56.37,1020.7,0.1
2026-09-13 16:31:23.399,sensor-01,23.89,56.51,1010.51,0.648
2026-09-13 16:31:24.399,sensor-03,33.56,69.07,1008.78,0.791
2026-09-13 16:31:25.399,sensor-04,32.43,47.5,1023.41,0.913
2026-09-13 16:31:26.399,sensor-03,28.32,66.71,1016.38,0.4
2026-09-13 16:31:27.399,sensor-04,25.32,65.48,1013.7,0.352
2026-09-13 16:31:28.399,sensor-03,28.27,66.91,1016.32,1.149
2026-09-13 16:31:29.399,sensor-02,21.66,66.77,1005.9,0.26
2026-09-13 16:31:30.399,sensor-02,34.88,46.29,1007.46,1.389
2026-09-13 16:31:31.399,sensor-03,23.43,75.22,957.42,1.166
2026-09-13 16:31:32.399,sensor-05,30.56,40.64,1011.62,8.612
2026-09-13 16:31:33.399,sensor-05,22.48,49.02,1008.47,0.378
2026-09-13 16:31:34.399,sensor-04,26.5,57.08,1019.54,0.521
2026-09-13 16:31:35.399,sensor-05,33.39,48.86,1015.5,1.427
2026-09-13 16:31:36.399,sensor-05,24.65,62.57,1007.78,0.105
2026-09-13 16:31:37.399,sensor-05,23.6,78.92,1016.33,1.366
2026-09-13 16:31:38.399,sensor-03,35.0,70.69,1013.1,1.017
2026-09-13 16:31:39.399,sensor-03,20.17,50.27,1010.87,0.419
2026-09-13 16:31:40.399,sensor-04,29.84,75.75,1024.16,1.347
2026-09-13 16:31:41.399,sensor-04,23.09,77.74,1004.37,0.312
2026-09-13 16:31:42.399,sensor-03,30.22,40.53,1019.45,0.345
2026-09-13 16:31:43.399,sensor-05,24.83,53.3,1019.01,0.157
2026-09-13 16:31:44.399,sensor-01,31.67,79.35,1016.49,0.926
2026-09-13 16:31:45.399,sensor-03,23.82,42.66,1012.75,0.464
2026-09-13 16:31:46.399,sensor-03,24.78,59.45,1009.5,0.258
2026-09-13 16:31:47.399,sensor-05,30.52,41.65,1002.89,0.235
2026-09-13 16:31:48.399,sensor-01,22.36,73.91,1020.71,1.196
2026-09-13 16:31:49.399,sensor-01,30.85,69.54,1022.23,1.125
2026-09-13 16:31:50.399,sensor-05,28.35,48.52,1002.11,0.687
2026-09-13 16:31:51.399,sensor-05,22.54,40.95,1007.51,1.458
2026-09-13 16:31:52.399,sensor-04,26.05,12.67,1016.85,0.988
2026-09-13 16:31:53.399,sensor-01,30.16,77.43,1022.69,0.388
2026-09-13 16:31:54.399,sensor-04,31.9,74.57,1006.49,0.731
2026-09-13 16:31:55.399,sensor-01,29.89,57.26,1006.2,1.286
2026-09-13 16:31:56.399,sensor-01,34.92,71.73,1021.73,1.183
2026-09-13 16:31:57.399,sensor-01,33.73,45.53,1009.78,0.954
2026-09-13 16:31:58.399,sensor-01,23.38,58.65,1009.02,1.047
2026-09-13 16:31:59.399,sensor-03,22.61,64.27,1002.91,0.377
2026-09-13 16:32:00.399,sensor-01,23.53,69.48,1006.83,0.429
2026-09-13 16:32:01.399,sensor-05,25.96,49.75,1013.42,0.64
2026-09-13 16:32:02.399,sensor-01,34.86,61.06,1011.29,0.58
2026-09-13 16:32:03.399,sensor-03,22.67,78.77,1024.02,0.71
2026-09-13 16:32:04.399,sensor-02,30.21,73.16,1012.46,0.563
2026-09-13 16:32:05.399,sensor-02,21.77,71.14,1002.62,0.658
2026-09-13 16:32:06.399,sensor-03,26.06,51.79,1023.71,0.277
2026-09-13 16:32:07.399,sensor-01,26.2,65.27,1009.25,0.848
2026-09-13 16:32:08.399,sensor-02,28.54,45.38,1019.9,0.917
2026-09-13 16:32:09.399,sensor-01,27.5,62.54,1006.64,1.049
2026-09-13 16:32:10.399,sensor-05,23.13,69.5,1003.68,0.444
2026-09-13 16:32:11.399,sensor-04,20.77,45.06,1011.15,0.93
2026-09-13 16:32:12.399,sensor-05,29.71,70.24,1023.74,0.59
2026-09-13 16:32:13.399,sensor-02,22.22,55.77,1021.81,0.586
2026-09-13 16:32:14.399,sensor-05,27.84,79.68,1004.7,1.189
2026-09-13 16:32:15.399,sensor-03,29.29,57.29,1006.56,0.697
2026-09-13 16:32:16.399,sensor-01,30.6,73.17,1007.68,0.893
2026-09-13 16:32:17.399,sensor-01,29.95,45.36,1019.55,0.48
2026-09-13 16:32:18.399,sensor-01,25.53,54.75,1018.76,0.814
2026-09-13 16:32:19.399,sensor-05,25.1,44.11,1010.4,0.904
2026-09-13 16:32:20.399,sensor-04,32.53,61.66,1005.59,0.466
2026-09-13 16:32:21.399,sensor-04,21.59,64.23,1014.92,1.2
2026-09-13 16:32:22.399,sensor-01,23.04,76.38,1014.31,0.741
2026-09-13 16:32:23.399,sensor-05,23.95,76.06,1002.72,1.469
2026-09-13 16:32:24.399,sensor-01,23.99,43.86,1020.09,1.478
2026-09-13 16:32:25.399,sensor-02,24.18,46.19,1019.69,0.185
2026-09-13 16:32:26.399,sensor-02,33.91,44.74,1013.24,1.49
2026-09-13 16:32:27.399,sensor-04,20.34,42.74,1019.85,0.627
2026-09-13 16:32:28.399,sensor-01,31.09,56.89,1003.58,0.641
2026-09-13 16:32:29.399,sensor-02,20.94,78.37,1017.02,0.857
2026-09-13 16:32:30.399,sensor-02,26.17,79.4,1021.44,0.493
2026-09-13 16:32:31.399,sensor-02,29.89,65.57,1013.06,1.452
2026-09-13 16:32:32.399,sensor-03,31.76,66.32,1012.95,0.159
2026-09-13 16:32:33.399,sensor-04,21.87,71.84,1011.67,0.554
2026-09-13 16:32:34.399,sensor-02,25.15,64.87,1015.45,0.174
2026-09-13 16:32:35.399,sensor-02,22.99,66.2,1000.29,1.457
2026-09-13 16:32:36.399,sensor-05,24.48,76.8,1012.17,0.96
2026-09-13 16:32:37.399,sensor-05,21.95,43.27,1024.84,0.112
2026-09-13 16:32:38.399,sensor-04,29.17,15.75,1019.65,1.489
2026-09-13 16:32:39.399,sensor-02,24.59,75.71,1011.42,0.33
2026-09-13 16:32:40.399,sensor-05,21.49,70.07,1005.38,0.109
2026-09-13 16:32:41.399,sensor-03,32.82,45.65,1003.27,1.135
2026-09-13 16:32:42.399,sensor-01,23.45,71.78,1015.58,1.165
2026-09-13 16:32:43.399,sensor-04,26.87,71.88,1006.64,0.337
2026-09-13 16:32:44.399,sensor-02,22.78,78.16,1012.08,0.951
2026-09-13 16:32:45.399,sensor-03,29.15,62.21,1023.3,0.677
2026-09-13 16:32:46.399,sensor-02,28.68,77.08,1015.63,1.096
2026-09-13 16:32:47.399,sensor-04,33.88,48.33,1004.9,0.871
2026-09-13 16:32:48.399,sensor-03,24.96,61.49,1001.61,0.348
2026-09-13 16:32:49.399,sensor-04,20.42,68.89,1008.14,0.336
2026-09-13 16:32:50.399,sensor-02,25.9,52.62,1000.1,1.064
2026-09-13 16:32:51.399,sensor-03,23.29,47.61,1008.28,0.324
2026-09-13 16:32:52.399,sensor-02,20.92,74.82,1007.64,0.233
2026-09-13 16:32:53.399,sensor-03,21.85,70.92,1001.54,0.75
2026-09-13 16:32:54.399,sensor-01,23.02,64.02,1024.5,0.64
2026-09-13 16:32:55.399,sensor-04,22.28,65.66,1006.32,0.959
2026-09-13 16:32:56.399,sensor-03,23.56,67.27,1018.69,1.287
2026-09-13 16:32:57.399,sensor-02,26.89,66.82,1000.46,1.367
2026-09-13 16:32:58.399,sensor-03,26.51,70.32,1020.84,1.231
2026-09-13 16:32:59.399,sensor-03,25.57,77.82,1015.85,0.861
2026-09-13 16:33:00.399,sensor-04,30.7,62.13,1021.88,1.304
2026-09-13 16:33:01.399,sensor-04,22.53,63.07,1015.52,0.833
2026-09-13 16:33:02.399,sensor-01,24.31,74.63,1023.49,0.696
2026-09-13 16:33:03.399,sensor-02,26.3,58.25,1012.99,0.484
2026-09-13 16:33:04.399,sensor-04,29.33,66.48,1009.43,0.571
2026-09-13 16:33:05.399,sensor-04,34.27,55.81,1015.15,0.832
2026-09-13 16:33:06.399,sensor-02,26.51,73.71,1004.02,0.932
2026-09-13 16:33:07.399,sensor-04,34.79,68.86,1000.26,1.275
2026-09-13 16:33:08.399,sensor-03,23.54,45.97,1015.71,0.716
2026-09-13 16:33:09.399,sensor-02,23.94,65.5,1006.22,6.727
2026-09-13 16:33:10.399,sensor-04,29.09,52.67,1019.29,0.26
2026-09-13 16:33:11.399,sensor-03,20.33,41.44,1007.71,0.953
2026-09-13 16:33:12.399,sensor-04,21.36,68.13,1017.32,1.037
2026-09-13 16:33:13.399,sensor-05,27.53,73.53,1006.56,1.229
2026-09-13 16:33:14.399,sensor-01,33.65,52.16,1021.15,0.233
2026-09-13 16:33:15.399,sensor-05,29.88,11.41,1000.23,0.424
2026-09-13 16:33:16.399,sensor-05,31.07,71.56,1020.18,0.621
2026-09-13 16:33:17.399,sensor-03,27.63,44.53,1014.95,1.108
2026-09-13 16:33:18.399,sensor-04,21.78,70.46,1005.2,1.328
2026-09-13 16:33:19.399,sensor-01,27.38,59.49,1006.72,0.606
2026-09-13 16:33:20.399,sensor-03,33.7,52.66,1012.7,1.307
2026-09-13 16:33:21.399,sensor-02,32.47,57.86,1011.01,0.32
2026-09-13 16:33:22.399,sensor-04,32.41,45.42,1022.75,0.602
2026-09-13 16:33:23.399,sensor-05,33.42,75.85,1013.12,0.487
2026-09-13 16:33:24.399,sensor-02,31.71,52.98,1017.36,0.373
2026-09-13 16:33:25.399,sensor-02,25.28,60.14,1014.25,1.487
2026-09-13 16:33:26.399,sensor-04,22.31,76.76,1022.31,1.341
2026-09-13 16:33:27.399,sensor-03,22.56,70.18,1009.71,0.582
2026-09-13 16:33:28.399,sensor-03,25.0,67.6,1016.19,0.812
2026-09-13 16:33:29.399,sensor-02,34.05,56.47,1011.24,0.738
2026-09-13 16:33:30.399,sensor-04,20.21,74.94,1002.56,1.5
2026-09-13 16:33:31.399,sensor-03,20.99,62.5,1008.28,1.434
2026-09-13 16:33:32.399,sensor-03,26.45,79.83,1016.68,0.82
2026-09-13 16:33:33.399,sensor-01,24.87,68.22,1014.7,1.287
2026-09-13 16:33:34.399,sensor-03,27.16,70.5,1010.37,1.293
2026-09-13 16:33:35.399,sensor-03,30.39,75.72,1019.23,0.58
2026-09-13 16:33:36.399,sensor-02,20.87,71.66,1020.2,0.132
2026-09-13 16:33:37.399,sensor-05,26.69,76.21,1019.7,1.361
2026-09-13 16:33:38.399,sensor-05,29.44,49.09,1009.74,1.153
2026-09-13 16:33:39.399,sensor-03,33.95,48.21,1021.9,0.777
2026-09-13 16:33:40.399,sensor-05,26.33,67.86,1005.67,1.221
2026-09-13 16:33:41.399,sensor-01,24.43,40.97,1010.78,0.338
2026-09-13 16:33:42.399,sensor-02,34.16,78.87,1022.72,0.939
2026-09-13 16:33:43.399,sensor-01,32.11,68.06,1024.43,0.628
2026-09-13 16:33:44.399,sensor-05,32.57,48.86,1018.14,0.101
2026-09-13 16:33:45.399,sensor-01,25.44,55.25,1006.11,0.485
2026-09-13 16:33:46.399,sensor-02,27.0,63.09,1017.78,1.048
2026-09-13 16:33:47.399,sensor-02,20.59,73.31,1021.81,1.47
2026-09-13 16:33:48.399,sensor-04,33.41,57.92,1019.68,1.437
2026-09-13 16:33:49.399,sensor-04,26.24,55.11,1007.29,0.614
2026-09-13 16:33:50.399,sensor-04,23.75,68.46,1009.48,0.881
2026-09-13 16:33:51.399,sensor-02,27.82,69.19,1018.28,1.154
2026-09-13 16:33:52.399,sensor-04,23.58,59.1,1014.58,1.061
2026-09-13 16:33:53.399,sensor-04,24.57,73.81,1007.78,0.873
2026-09-13 16:33:54.399,sensor-04,32.94,72.6,1006.91,1.49
2026-09-13 16:33:55.399,sensor-03,26.45,41.89,1007.59,1.271
2026-09-13 16:33:56.399,sensor-05,25.95,42.26,1012.94,0.627
2026-09-13 16:33:57.399,sensor-03,21.59,46.12,1005.15,1.155
2026-09-13 16:33:58.399,sensor-03,28.98,78.41,1018.91,1.004
2026-09-13 16:33:59.399,sensor-01,30.79,67.61,1012.41,0.894
2026-09-13 16:34:00.399,sensor-02,24.06,54.21,1010.71,0.911
2026-09-13 16:34:01.399,sensor-04,21.62,53.6,1009.4,1.09
2026-09-13 16:34:02.399,sensor-01,21.27,59.88,1004.71,0.792
2026-09-13 16:34:03.399,sensor-01,34.0,66.22,1000.78,0.633
2026-09-13 16:34:04.399,sensor-02,33.87,61.16,1002.31,0.438
2026-09-13 16:34:05.399,sensor-01,34.87,74.52,1008.02,1.176
2026-09-13 16:34:06.399,sensor-02,30.46,78.76,1010.98,0.794
2026-09-13 16:34:07.399,sensor-02,26.05,42.52,1021.46,0.133
2026-09-13 16:34:08.399,sensor-02,27.14,51.26,1010.0,0.865
2026-09-13 16:34:09.399,sensor-02,34.1,53.29,1014.62,1.362
2026-09-13 16:34:10.399,sensor-05,34.36,73.9,1014.25,1.111
2026-09-13 16:34:11.399,sensor-01,28.96,78.98,1006.28,1.21
2026-09-13 16:34:12.399,sensor-01,29.65,71.7,1014.22,1.272
2026-09-13 16:34:13.399,sensor-02,33.71,65.93,1020.08,0.482
2026-09-13 16:34:14.399,sensor-05,20.76,56.16,1019.51,1.141
2026-09-13 16:34:15.399,sensor-03,31.09,77.88,1012.46,0.974
2026-09-13 16:34:16.399,sensor-04,21.53,54.68,1013.81,1.157
2026-09-13 16:34:17.399,sensor-05,31.66,73.5,1006.63,0.963
2026-09-13 16:34:18.399,sensor-02,27.35,61.94,1020.43,0.745
2026-09-13 16:34:19.399,sensor-03,27.31,73.52,1014.28,0.546
2026-09-13 16:34:20.399,sensor-01,24.9,57.49,1018.45,1.27
2026-09-13 16:34:21.399,sensor-03,31.88,68.82,1022.37,1.361
2026-09-13 16:34:22.399,sensor-01,24.71,77.45,1014.95,0.854
2026-09-13 16:34:23.399,sensor-01,33.11,69.1,1022.06,0.259
2026-09-13 16:34:24.399,sensor-05,20.73,48.92,1019.85,0.828
2026-09-13 16:34:25.399,sensor-05,24.02,52.96,1008.03,1.329
2026-09-13 16:34:26.399,sensor-04,20.2,57.1,1007.95,1.293
2026-09-13 16:34:27.399,sensor-01,26.35,78.92,1000.36,0.556
2026-09-13 16:34:28.399,sensor-02,33.81,48.74,1019.89,0.382
2026-09-13 16:34:29.399,sensor-01,26.69,6.0,1014.64,0.989
2026-09-13 16:34:30.399,sensor-01,32.29,49.47,1008.22,0.954
2026-09-13 16:34:31.399,sensor-03,20.06,57.98,1018.47,0.429
2026-09-13 16:34:32.399,sensor-04,20.23,76.32,1023.75,0.103
2026-09-13 16:34:33.399,sensor-03,32.63,61.63,1015.28,0.384
2026-09-13 16:34:34.399,sensor-02,30.38,64.83,1020.81,1.283
2026-09-13 16:34:35.399,sensor-03,33.71,72.05,1022.06,1.494
2026-09-13 16:34:36.399,sensor-05,30.75,67.52,1004.35,0.991
2026-09-13 16:34:37.399,sensor-03,22.7,69.79,1017.45,0.845
2026-09-13 16:34:38.399,sensor-03,28.35,44.01,1008.48,0.621
2026-09-13 16:34:39.399,sensor-03,28.98,74.99,1010.64,1.337
2026-09-13 16:34:40.399,sensor-02,25.47,43.79,1014.02,1.44
2026-09-13 16:34:41.399,sensor-04,24.17,77.24,1011.79,0.474
2026-09-13 16:34:42.399,sensor-02,26.35,54.86,1000.87,0.35
2026-09-13 16:34:43.399,sensor-03,34.32,43.36,1015.4,1.108
2026-09-13 16:34:44.399,sensor-05,27.95,63.13,1017.24,1.309
2026-09-13 16:34:45.399,sensor-03,29.54,52.57,1004.47,1.453
2026-09-13 16:34:46.399,sensor-03,23.49,64.75,1001.93,0.148
2026-09-13 16:34:47.399,sensor-01,26.44,73.17,1008.55,0.699
2026-09-13 16:34:48.399,sensor-04,24.53,57.3,1009.66,0.579
2026-09-13 16:34:49.399,sensor-01,33.29,79.09,1021.56,0.108
2026-09-13 16:34:50.399,sensor-03,28.6,43.77,1023.32,1.187
2026-09-13 16:34:51.399,sensor-05,21.89,58.19,1003.97,0.31
2026-09-13 16:34:52.399,sensor-05,28.58,50.37,1019.41,1.325
2026-09-13 16:34:53.399,sensor-05,33.58,65.56,1008.56,1.396
2026-09-13 16:34:54.399,sensor-01,22.53,57.35,1007.09,0.962
2026-09-13 16:34:55.399,sensor-04,28.31,56.93,969.24,0.241
2026-09-13 16:34:56.399,sensor-03,26.11,53.36,1001.3,1.053
2026-09-13 16:34:57.399,sensor-04,26.68,75.74,1018.44,0.407
2026-09-13 16:34:58.399,sensor-01,22.91,68.57,1003.15,0.492
2026-09-13 16:34:59.399,sensor-04,31.07,77.18,1022.05,0.538
2026-09-13 16:35:00.399,sensor-02,30.46,53.94,1000.03,0.232
2026-09-13 16:35:01.399,sensor-03,21.26,63.98,1021.44,1.138
2026-09-13 16:35:02.399,sensor-02,33.84,62.66,1010.14,1.419
2026-09-13 16:35:03.399,sensor-05,26.63,44.35,1003.12,0.658
2026-09-13 16:35:04.399,sensor-02,30.34,72.21,1021.94,0.163
2026-09-13 16:35:05.399,sensor-05,22.21,67.93,1009.29,1.091
2026-09-13 16:35:06.399,sensor-04,21.88,46.79,1015.36,0.571
2026-09-13 16:35:07.399,sensor-03,30.28,64.87,1018.26,1.212
2026-09-13 16:35:08.399,sensor-01,28.57,69.95,1005.42,0.469
2026-09-13 16:35:09.399,sensor-03,28.58,54.65,1016.65,0.954
2026-09-13 16:35:10.399,sensor-02,31.51,66.56,1003.27,0.38
2026-09-13 16:35:11.399,sensor-03,73.91,53.05,1000.5,0.298
2026-09-13 16:35:12.399,sensor-04,26.76,73.56,1001.19,0.758
2026-09-13 16:35:13.399,sensor-04,32.79,50.95,1012.52,1.048
2026-09-13 16:35:14.399,sensor-03,32.24,52.46,1002.33,1.172
2026-09-13 16:35:15.399,sensor-05,33.38,51.14,1016.03,1.499
2026-09-13 16:35:16.399,sensor-05,27.09,76.41,1002.58,1.4
2026-09-13 16:35:17.399,sensor-05,29.32,66.86,1019.32,0.194
2026-09-13 16:35:18.399,sensor-05,33.86,78.24,1024.21,1.004
2026-09-13 16:35:19.399,sensor-03,29.11,64.48,1001.06,0.224
2026-09-13 16:35:20.399,sensor-03,24.71,52.06,1004.84,1.221
2026-09-13 16:35:21.399,sensor-04,34.18,75.36,1005.45,0.315
2026-09-13 16:35:22.399,sensor-02,21.44,63.32,1007.07,1.378
2026-09-13 16:35:23.399,sensor-02,34.77,78.13,1019.47,1.208
2026-09-13 16:35:24.399,sensor-03,29.01,75.2,1001.62,0.876
2026-09-13 16:35:25.399,sensor-01,21.3,40.87,1007.35,0.175
2026-09-13 16:35:26.399,sensor-03,32.19,64.55,1016.84,0.144
2026-09-13 16:35:27.399,sensor-01,24.54,60.67,1023.25,1.497
2026-09-13 16:35:28.399,sensor-05,30.94,61.11,1016.64,0.302
2026-09-13 16:35:29.399,sensor-05,34.69,52.92,1006.03,0.421
2026-09-13 16:35:30.399,sensor-05,23.36,65.94,1001.87,0.245
2026-09-13 16:35:31.399,sensor-04,24.85,58.83,1016.42,1.204
2026-09-13 16:35:32.399,sensor-03,30.96,51.44,1016.11,0.731
2026-09-13 16:35:33.399,sensor-05,31.61,76.62,1003.41,1.016
2026-09-13 16:35:34.399,sensor-02,24.15,60.91,1018.55,1.11
2026-09-13 16:35:35.399,sensor-03,33.9,75.52,1021.23,0.421
2026-09-13 16:35:36.399,sensor-05,31.04,79.04,1000.29,0.558
2026-09-13 16:35:37.399,sensor-02,32.26,41.8,1008.99,1.096
2026-09-13 16:35:38.399,sensor-05,22.16,64.43,1013.07,1.475
2026-09-13 16:35:39.399,sensor-05,22.8,70.46,1013.79,1.098
2026-09-13 16:35:40.399,sensor-03,23.19,41.83,1020.96,1.241
2026-09-13 16:35:41.399,sensor-04,31.07,62.3,1007.93,1.333
2026-09-13 16:35:42.399,sensor-01,30.8,66.08,1018.03,0.303
2026-09-13 16:35:43.399,sensor-02,32.55,75.74,1016.28,0.938
2026-09-13 16:35:44.399,sensor-05,26.54,64.47,1002.05,0.256
2026-09-13 16:35:45.399,sensor-02,25.25,50.06,1016.15,0.762
2026-09-13 16:35:46.399,sensor-05,27.69,40.62,1012.07,0.177
2026-09-13 16:35:47.399,sensor-01,23.25,58.4,1004.88,0.855
2026-09-13 16:35:48.399,sensor-05,34.29,43.53,1014.42,1.109
2026-09-13 16:35:49.399,sensor-04,32.96,71.5,1023.38,1.109
2026-09-13 16:35:50.399,sensor-03,33.81,49.01,1014.59,1.172
2026-09-13 16:35:51.399,sensor-05,21.27,69.04,1005.1,1.191
2026-09-13 16:35:52.399,sensor-01,22.72,73.31,1011.54,0.861
2026-09-13 16:35:53.399,sensor-04,28.83,40.67,1004.98,0.137
2026-09-13 16:35:54.399,sensor-02,25.17,61.21,1017.24,0.351
2026-09-13 16:35:55.399,sensor-05,22.78,66.36,1001.14,0.844
2026-09-13 16:35:56.399,sensor-05,20.51,53.35,1021.95,0.416
2026-09-13 16:35:57.399,sensor-04,22.46,69.67,1013.3,0.257
2026-09-13 16:35:58.399,sensor-01,27.38,69.8,1005.44,0.292
2026-09-13 16:35:59.399,sensor-04,24.11,69.85,1012.62,0.588
2026-09-13 16:36:00.399,sensor-05,29.25,60.29,1019.33,0.863
2026-09-13 16:36:01.399,sensor-05,25.37,58.6,1023.93,1.353
2026-09-13 16:36:02.399,sensor-01,24.11,54.58,1022.0,1.398
2026-09-13 16:36:03.399,sensor-02,33.31,41.32,1010.57,0.629
2026-09-13 16:36:04.399,sensor-05,28.41,49.02,1005.11,1.225
2026-09-13 16:36:05.399,sensor-03,22.87,52.78,1006.93,1.092
2026-09-13 16:36:06.399,sensor-02,24.49,73.25,1002.14,1.173
2026-09-13 16:36:07.399,sensor-05,20.08,62.27,1015.56,0.908
2026-09-13 16:36:08.399,sensor-03,21.68,56.62,1021.59,1.344
2026-09-13 16:36:09.399,sensor-03,31.46,71.18,1022.2,1.281
2026-09-13 16:36:10.399,sensor-02,29.75,59.33,1002.95,1.25
2026-09-13 16:36:11.399,sensor-01,30.15,51.32,1001.73,0.949
2026-09-13 16:36:12.399,sensor-03,27.76,40.23,1014.42,0.109
2026-09-13 16:36:13.399,sensor-02,33.07,40.48,1002.43,0.732
2026-09-13 16:36:14.399,sensor-03,34.14,60.84,1008.89,0.162
2026-09-13 16:36:15.399,sensor-02,33.64,59.2,1019.14,1.287
2026-09-13 16:36:16.399,sensor-01,26.61,75.75,1010.61,0.891
2026-09-13 16:36:17.399,sensor-02,33.42,55.88,1014.83,0.559
2026-09-13 16:36:18.399,sensor-04,20.74,42.61,1010.37,0.569
2026-09-13 16:36:19.399,sensor-01,22.52,48.38,1011.01,0.446
2026-09-13 16:36:20.399,sensor-04,28.96,69.75,1017.13,0.487
2026-09-13 16:36:21.399,sensor-04,29.22,48.51,1006.06,0.765
2026-09-13 16:36:22.399,sensor-03,30.32,52.34,1003.8,0.312
2026-09-13 16:36:23.399,sensor-03,20.05,61.69,1007.46,0.873
2026-09-13 16:36:24.399,sensor-04,33.04,63.06,1010.45,1.078
2026-09-13 16:36:25.399,sensor-03,21.49,70.64,1000.26,1.17
2026-09-13 16:36:26.399,sensor-03,21.6,71.27,1017.24,0.887
2026-09-13 16:36:27.399,sensor-05,26.86,79.85,1008.94,0.34
2026-09-13 16:36:28.399,sensor-04,26.23,17.48,1001.53,0.255
2026-09-13 16:36:29.399,sensor-04,26.04,43.63,1009.34,0.587
2026-09-13 16:36:30.399,sensor-04,21.55,56.81,1016.06,0.462
2026-09-13 16:36:31.399,sensor-01,29.21,56.11,1000.77,0.412
2026-09-13 16:36:32.399,sensor-02,32.27,58.68,1011.82,1.179
2026-09-13 16:36:33.399,sensor-03,23.58,44.2,1016.8,0.758
2026-09-13 16:36:34.399,sensor-03,26.22,51.95,1004.99,1.263
2026-09-13 16:36:35.399,sensor-01,33.53,41.08,1013.06,0.182
2026-09-13 16:36:36.399,sensor-02,28.49,76.66,1016.23,0.35
2026-09-13 16:36:37.399,sensor-01,26.62,40.53,1012.17,1.237
2026-09-13 16:36:38.399,sensor-04,30.58,58.28,1008.08,1.117
2026-09-13 16:36:39.399,sensor-03,22.55,52.83,1021.92,0.497
2026-09-13 16:36:40.399,sensor-01,20.83,79.07,1013.42,1.122
2026-09-13 16:36:41.399,sensor-03,25.28,71.96,1024.04,1.138
2026-09-13 16:36:42.399,sensor-03,32.62,43.55,1018.74,0.607
2026-09-13 16:36:43.399,sensor-04,33.39,64.2,1000.64,1.112
2026-09-13 16:36:44.399,sensor-04,32.92,73.01,1021.53,0.582
2026-09-13 16:36:45.399,sensor-02,32.72,76.42,1003.67,0.354
2026-09-13 16:36:46.399,sensor-04,33.12,63.21,1002.83,0.525
2026-09-13 16:36:47.399,sensor-05,25.21,44.11,1007.55,1.229
2026-09-13 16:36:48.399,sensor-01,24.69,78.14,1010.8,0.718
2026-09-13 16:36:49.399,sensor-04,24.57,72.59,1019.65,0.71
2026-09-13 16:36:50.399,sensor-02,32.96,41.26,1008.68,1.297
2026-09-13 16:36:51.399,sensor-04,31.35,66.79,1020.39,1.091
2026-09-13 16:36:52.399,sensor-03,29.91,63.51,1022.13,0.763
2026-09-13 16:36:53.399,sensor-04,23.22,73.84,1000.22,1.317
2026-09-13 16:36:54.399,sensor-02,32.0,56.3,1020.56,0.24
2026-09-13 16:36:55.399,sensor-05,28.74,75.63,1002.34,0.574
2026-09-13 16:36:56.399,sensor-05,32.72,73.86,1012.93,0.89
2026-09-13 16:36:57.399,sensor-02,33.04,72.09,1020.46,1.331
2026-09-13 16:36:58.399,sensor-02,34.64,61.79,1004.41,0.804
2026-09-13 16:36:59.399,sensor-05,55.22,14.37,967.12,11.255
2026-09-13 16:37:00.399,sensor-03,28.45,68.62,1015.65,0.226
2026-09-13 16:37:01.399,sensor-03,24.88,70.41,1007.95,1.26
2026-09-13 16:37:02.399,sensor-05,31.54,47.34,1013.2,0.549
2026-09-13 16:37:03.399,sensor-02,31.93,62.94,1023.93,1.096
2026-09-13 16:37:04.399,sensor-03,32.44,48.79,1015.82,0.647
2026-09-13 16:37:05.399,sensor-01,26.42,66.07,1011.52,0.433
2026-09-13 16:37:06.399,sensor-03,32.75,48.27,1009.18,1.486
2026-09-13 16:37:07.399,sensor-01,27.95,42.62,1023.1,0.718
2026-09-13 16:37:08.399,sensor-03,24.09,62.75,1003.62,1.219
2026-09-13 16:37:09.399,sensor-03,32.61,47.41,1004.38,0.689
2026-09-13 16:37:10.399,sensor-04,20.88,71.81,1012.52,0.886
2026-09-13 16:37:11.399,sensor-01,23.75,70.21,1010.31,0.885
2026-09-13 16:37:12.399,sensor-02,20.69,57.99,1009.03,0.249
2026-09-13 16:37:13.399,sensor-05,24.67,77.87,1000.88,1.473
2026-09-13 16:37:14.399,sensor-02,23.21,63.98,1019.96,0.547
2026-09-13 16:37:15.399,sensor-04,22.21,44.73,1006.25,1.138
2026-09-13 16:37:16.399,sensor-02,27.61,47.82,1004.85,1.011
2026-09-13 16:37:17.399,sensor-04,26.01,66.85,1009.54,1.284
2026-09-13 16:37:18.399,sensor-02,33.4,50.75,1001.06,0.887
2026-09-13 16:37:19.399,sensor-03,32.03,71.66,1015.01,1.469
2026-09-13 16:37:20.399,sensor-02,20.59,72.78,1005.53,0.347
2026-09-13 16:37:21.399,sensor-02,24.89,52.11,1014.83,1.152
2026-09-13 16:37:22.399,sensor-05,21.41,46.02,1014.75,0.237
2026-09-13 16:37:23.399,sensor-04,31.71,48.7,1016.7,1.004
2026-09-13 16:37:24.399,sensor-01,24.71,70.0,1018.8,0.435
2026-09-13 16:37:25.399,sensor-03,24.12,58.07,1010.89,10.01
2026-09-13 16:37:26.399,sensor-01,29.7,67.21,1012.53,0.859
2026-09-13 16:37:27.399,sensor-04,24.7,69.8,1003.29,1.18
2026-09-13 16:37:28.399,sensor-05,23.9,60.25,1000.97,1.378
2026-09-13 16:37:29.399,sensor-01,29.34,69.31,1007.11,0.945
2026-09-13 16:37:30.399,sensor-01,34.38,75.68,1024.08,1.232
2026-09-13 16:37:31.399,sensor-05,28.72,44.81,1018.85,0.315
2026-09-13 16:37:32.399,sensor-02,22.41,42.84,1017.78,0.361
2026-09-13 16:37:33.399,sensor-03,22.55,52.23,1023.53,0.781
2026-09-13 16:37:34.399,sensor-01,20.28,54.6,1002.75,0.138
2026-09-13 16:37:35.399,sensor-05,24.78,70.03,1001.67,1.05
2026-09-13 16:37:36.399,sensor-05,22.76,71.77,1021.62,1.467
2026-09-13 16:37:37.399,sensor-03,21.86,77.89,1020.37,0.397
2026-09-13 16:37:38.399,sensor-05,22.34,71.08,1010.13,1.113
2026-09-13 16:37:39.399,sensor-05,30.88,60.48,1022.51,0.364
2026-09-13 16:37:40.399,sensor-01,21.18,79.21,1003.07,0.381
2026-09-13 16:37:41.399,sensor-04,23.7,48.89,1016.81,0.658
2026-09-13 16:37:42.399,sensor-04,24.32,63.92,1021.66,0.61
2026-09-13 16:37:43.399,sensor-02,26.24,61.72,1018.34,0.185
2026-09-13 16:37:44.399,sensor-01,30.88,64.31,1008.17,0.207
2026-09-13 16:37:45.399,sensor-03,24.73,51.02,1002.53,0.908
2026-09-13 16:37:46.399,sensor-01,68.58,8.07,976.99,10.734
2026-09-13 16:37:47.399,sensor-02,34.69,61.86,1004.14,0.824
2026-09-13 16:37:48.399,sensor-04,26.36,57.01,1011.53,0.492
2026-09-13 16:37:49.399,sensor-05,33.41,69.43,959.24,0.661
2026-09-13 16:37:50.399,sensor-04,24.35,73.62,1011.93,1.037
2026-09-13 16:37:51.399,sensor-03,30.24,75.89,1020.2,0.894
2026-09-13 16:37:52.399,sensor-02,33.13,42.16,1023.54,0.558
2026-09-13 16:37:53.399,sensor-05,24.95,78.13,1000.91,0.595
2026-09-13 16:37:54.399,sensor-02,24.13,75.95,1020.76,0.248
2026-09-13 16:37:55.399,sensor-02,23.35,48.61,1015.39,0.273
2026-09-13 16:37:56.399,sensor-02,32.81,62.18,1005.38,1.397
2026-09-13 16:37:57.399,sensor-01,23.98,78.44,1006.69,0.51
2026-09-13 16:37:58.399,sensor-01,30.31,62.29,1022.36,0.437
2026-09-13 16:37:59.399,sensor-02,25.38,45.84,1023.65,1.104
2026-09-13 16:38:00.399,sensor-04,23.64,45.63,1010.74,1.261
2026-09-13 16:38:01.399,sensor-03,20.14,66.4,961.81,0.86
2026-09-13 16:38:02.399,sensor-05,33.21,68.87,1000.9,1.205
2026-09-13 16:38:03.399,sensor-04,33.94,72.13,1005.47,0.634
2026-09-13 16:38:04.399,sensor-01,27.57,78.15,1015.39,0.538
2026-09-13 16:38:05.399,sensor-04,23.99,76.26,1008.61,0.823
2026-09-13 16:38:06.399,sensor-02,33.85,50.63,1008.33,1.024
2026-09-13 16:38:07.399,sensor-01,23.15,77.92,1019.43,0.584
2026-09-13 16:38:08.399,sensor-01,27.04,66.95,1014.03,1.187
2026-09-13 16:38:09.399,sensor-05,20.87,75.24,1001.08,0.279
2026-09-13 16:38:10.399,sensor-02,23.35,56.07,1016.39,1.35
2026-09-13 16:38:11.399,sensor-03,24.79,72.03,1002.76,0.522
2026-09-13 16:38:12.399,sensor-02,23.21,63.46,1003.15,0.241
2026-09-13 16:38:13.399,sensor-01,29.12,54.08,1022.41,1.091
2026-09-13 16:38:14.399,sensor-01,33.43,56.56,1007.46,1.042
2026-09-13 16:38:15.399,sensor-02,25.27,46.25,1014.84,1.44
2026-09-13 16:38:16.399,sensor-01,34.94,47.06,1019.9,1.399
2026-09-13 16:38:17.399,sensor-01,24.9,43.43,1015.04,1.497
2026-09-13 16:38:18.399,sensor-03,22.44,50.75,1014.27,0.897
2026-09-13 16:38:19.399,sensor-04,21.32,64.92,1010.64,0.278
2026-09-13 16:38:20.399,sensor-01,30.1,57.6,1019.95,0.813
2026-09-13 16:38:21.399,sensor-05,34.16,43.82,1023.65,1.186
2026-09-13 16:38:22.399,sensor-03,27.79,41.4,1014.72,1.406
2026-09-13 16:38:23.399,sensor-03,23.41,61.64,1020.06,0.401
2026-09-13 16:38:24.399,sensor-03,25.32,69.91,1017.55,1.078
2026-09-13 16:38:25.399,sensor-03,29.77,67.23,1014.38,1.314
2026-09-13 16:38:26.399,sensor-03,20.84,78.5,1001.52,1.364
2026-09-13 16:38:27.399,sensor-05,28.47,72.84,1018.03,0.835
2026-09-13 16:38:28.399,sensor-03,20.04,50.04,1023.79,0.486
2026-09-13 16:38:29.399,sensor-03,24.63,79.64,1001.17,0.915
2026-09-13 16:38:30.399,sensor-01,21.15,48.56,1017.36,0.252
2026-09-13 16:38:31.399,sensor-04,21.51,51.47,1003.43,1.217
2026-09-13 16:38:32.399,sensor-01,20.04,61.72,1012.07,8.494
2026-09-13 16:38:33.399,sensor-05,30.33,66.66,1006.96,0.402
2026-09-13 16:38:34.399,sensor-01,28.35,56.96,1005.98,0.828
2026-09-13 16:38:35.399,sensor-04,72.51,19.34,956.09,7.087
2026-09-13 16:38:36.399,sensor-02,24.57,75.63,1010.17,0.523
2026-09-13 16:38:37.399,sensor-01,28.23,58.01,1015.62,1.124
2026-09-13 16:38:38.399,sensor-04,29.55,60.97,1003.35,1.334
2026-09-13 16:38:39.399,sensor-01,62.32,10.18,950.12,13.471
2026-09-13 16:38:40.399,sensor-01,27.51,71.39,1015.11,0.337
2026-09-13 16:38:41.399,sensor-03,31.36,74.19,1007.97,0.147
2026-09-13 16:38:42.399,sensor-02,31.71,67.2,1019.33,1.455
2026-09-13 16:38:43.399,sensor-03,33.56,65.68,1004.54,1.219
2026-09-13 16:38:44.399,sensor-05,23.65,53.33,1020.54,0.188
2026-09-13 16:38:45.399,sensor-04,28.03,46.75,971.98,1.234
2026-09-13 16:38:46.399,sensor-03,29.75,56.38,1000.71,1.222
2026-09-13 16:38:47.399,sensor-02,34.2,52.07,1006.38,1.463
2026-09-13 16:38:48.399,sensor-05,22.41,57.53,1019.69,1.338
2026-09-13 16:38:49.399,sensor-05,20.25,64.78,1002.91,1.375
2026-09-13 16:38:50.399,sensor-01,24.55,73.11,1015.76,0.241
2026-09-13 16:38:51.399,sensor-05,24.62,40.05,1024.42,0.68
2026-09-13 16:38:52.399,sensor-01,30.69,64.18,1007.55,0.24
2026-09-13 16:38:53.399,sensor-03,30.09,74.42,1000.44,1.303
2026-09-13 16:38:54.399,sensor-01,34.2,49.34,1008.06,1.026
2026-09-13 16:38:55.399,sensor-05,26.25,61.57,1004.26,1.072
2026-09-13 16:38:56.399,sensor-04,31.98,53.83,1024.08,0.268
2026-09-13 16:38:57.399,sensor-03,28.05,70.32,1015.24,0.208
2026-09-13 16:38:58.399,sensor-01,27.98,67.78,1012.85,0.598
2026-09-13 16:38:59.399,sensor-04,27.46,61.55,1011.72,0.471
2026-09-13 16:39:00.399,sensor-04,20.95,68.3,1006.8,0.518
2026-09-13 16:39:01.399,sensor-02,27.66,55.46,1007.25,0.108
2026-09-13 16:39:02.399,sensor-05,27.1,68.8,1023.97,0.104
2026-09-13 16:39:03.399,sensor-01,26.87,73.87,1001.79,1.485
2026-09-13 16:39:04.399,sensor-01,25.92,40.78,1014.67,0.793
2026-09-13 16:39:05.399,sensor-03,20.19,79.98,1008.3,0.772
2026-09-13 16:39:06.399,sensor-05,30.69,75.54,1023.53,0.365
2026-09-13 16:39:07.399,sensor-04,20.68,68.68,1000.12,1.38
2026-09-13 16:39:08.399,sensor-04,28.48,57.16,1024.7,1.131
2026-09-13 16:39:09.399,sensor-05,20.33,42.19,1004.96,1.017
2026-09-13 16:39:10.399,sensor-02,24.88,78.92,1002.33,1.187
2026-09-13 16:39:11.399,sensor-03,20.38,69.11,1019.29,0.547
2026-09-13 16:39:12.399,sensor-02,29.1,54.71,1015.39,0.708
2026-09-13 16:39:13.399,sensor-04,21.66,71.98,1008.44,1.41
2026-09-13 16:39:14.399,sensor-01,20.41,69.37,1003.27,1.328
2026-09-13 16:39:15.399,sensor-04,27.99,64.08,1010.72,0.217
2026-09-13 16:39:16.399,sensor-04,24.94,52.51,1004.78,1.489
2026-09-13 16:39:17.399,sensor-02,23.9,72.21,1010.57,1.455
2026-09-13 16:39:18.399,sensor-02,31.39,43.6,1017.55,1.482
2026-09-13 16:39:19.399,sensor-05,26.12,78.85,1016.34,0.235
2026-09-13 16:39:20.399,sensor-05,20.75,55.8,1022.88,0.425
2026-09-13 16:39:21.399,sensor-01,29.97,78.63,1016.35,1.359
2026-09-13 16:39:22.399,sensor-02,29.63,71.29,1000.8,0.698
2026-09-13 16:39:23.399,sensor-05,30.16,64.58,1023.29,0.224
2026-09-13 16:39:24.399,sensor-01,21.51,53.88,1015.76,0.578
2026-09-13 16:39:25.399,sensor-04,32.43,47.17,1004.55,0.173
2026-09-13 16:39:26.399,sensor-03,22.06,52.74,1021.01,1.428
2026-09-13 16:39:27.399,sensor-01,28.52,46.67,1009.39,0.699
2026-09-13 16:39:28.399,sensor-02,29.51,50.71,1016.07,1.433
2026-09-13 16:39:29.399,sensor-05,23.25,46.12,1022.47,0.103
2026-09-13 16:39:30.399,sensor-05,21.31,64.72,1015.52,1.308
2026-09-13 16:39:31.399,sensor-04,25.71,46.66,1015.89,0.796
2026-09-13 16:39:32.399,sensor-05,34.33,52.58,1000.05,1.362
2026-09-13 16:39:33.399,sensor-04,22.29,56.18,1016.13,0.451
2026-09-13 16:39:34.399,sensor-03,23.5,48.37,1000.29,0.495
2026-09-13 16:39:35.399,sensor-04,28.55,47.11,1014.2,0.416
2026-09-13 16:39:36.399,sensor-01,33.32,68.77,1016.28,0.494
2026-09-13 16:39:37.399,sensor-04,28.52,64.91,1024.38,0.588
2026-09-13 16:39:38.399,sensor-02,28.38,49.41,1001.32,0.962
2026-09-13 16:39:39.399,sensor-04,30.51,58.22,1013.41,0.977
2026-09-13 16:39:40.399,sensor-02,33.16,43.04,1024.5,0.147
2026-09-13 16:39:41.399,sensor-04,21.27,50.49,1003.85,1.113
2026-09-13 16:39:42.399,sensor-02,20.97,58.41,1005.21,1.455
2026-09-13 16:39:43.399,sensor-03,27.23,63.12,1023.91,0.578
2026-09-13 16:39:44.399,sensor-04,26.71,66.43,1009.14,0.418
2026-09-13 16:39:45.399,sensor-01,34.39,71.54,1006.12,0.841
2026-09-13 16:39:46.399,sensor-04,25.29,57.6,1017.96,0.418
2026-09-13 16:39:47.399,sensor-02,20.05,67.61,1017.68,1.494
2026-09-13 16:39:48.399,sensor-02,31.09,77.92,1016.11,1.448
2026-09-13 16:39:49.399,sensor-05,34.99,65.03,1012.43,1.385
2026-09-13 16:39:50.399,sensor-02,21.65,52.11,1006.52,1.297
2026-09-13 16:39:51.399,sensor-02,27.78,43.04,1024.03,0.787
2026-09-13 16:39:52.399,sensor-01,24.06,71.92,1015.85,0.75
2026-09-13 16:39:53.399,sensor-05,31.59,68.72,1011.15,1.474
2026-09-13 16:39:54.399,sensor-05,26.35,78.42,1022.39,1.136
2026-09-13 16:39:55.399,sensor-03,27.61,47.66,1014.88,0.618
2026-09-13 16:39:56.399,sensor-01,34.22,46.59,962.88,0.494
2026-09-13 16:39:57.399,sensor-05,26.82,52.81,1016.72,0.779
2026-09-13 16:39:58.399,sensor-02,21.53,42.52,1005.21,1.081
2026-09-13 16:39:59.399,sensor-04,58.69,70.26,1013.39,0.538
2026-09-13 16:40:00.399,sensor-03,23.75,78.99,1004.36,0.145
2026-09-13 16:40:01.399,sensor-02,25.9,43.24,1010.1,1.461
2026-09-13 16:40:02.399,sensor-04,27.11,52.3,1009.15,0.956
2026-09-13 16:40:03.399,sensor-01,30.44,74.78,1022.54,1.278
2026-09-13 16:40:04.399,sensor-01,31.83,77.05,1000.58,0.677
2026-09-13 16:40:05.399,sensor-01,55.64,14.25,973.79,13.836
2026-09-13 16:40:06.399,sensor-02,25.86,58.19,1000.67,1.31
2026-09-13 16:40:07.399,sensor-02,22.99,56.37,1017.76,1.319
2026-09-13 16:40:08.399,sensor-01,34.16,62.04,1009.14,0.379
2026-09-13 16:40:09.399,sensor-04,30.79,48.72,1002.28,0.379
2026-09-13 16:40:10.399,sensor-01,23.44,44.67,1009.44,0.781
2026-09-13 16:40:11.399,sensor-04,32.44,50.16,1022.18,1.371
2026-09-13 16:40:12.399,sensor-01,23.69,64.95,1003.52,0.22
2026-09-13 16:40:13.399,sensor-04,29.09,72.19,1006.47,1.407
2026-09-13 16:40:14.399,sensor-01,26.11,42.72,1022.88,1.14
2026-09-13 16:40:15.399,sensor-03,30.24,51.41,1023.34,1.392
2026-09-13 16:40:16.399,sensor-03,20.71,41.13,1003.45,0.934
2026-09-13 16:40:17.399,sensor-01,34.23,47.01,1006.89,0.176
2026-09-13 16:40:18.399,sensor-04,27.21,63.02,1014.05,0.456
2026-09-13 16:40:19.399,sensor-04,24.45,49.89,1013.94,0.531
2026-09-13 16:40:20.399,sensor-05,27.98,78.05,972.11,0.989
2026-09-13 16:40:21.399,sensor-03,23.13,40.06,1017.67,1.028
2026-09-13 16:40:22.399,sensor-04,26.56,65.57,1014.28,0.434
2026-09-13 16:40:23.399,sensor-03,32.35,57.34,1010.9,1.478
2026-09-13 16:40:24.399,sensor-03,23.63,76.41,1003.45,1.295
2026-09-13 16:40:25.399,sensor-03,34.76,43.88,1020.99,0.793
2026-09-13 16:40:26.399,sensor-02,34.29,61.97,960.11,1.317
2026-09-13 16:40:27.399,sensor-04,28.02,42.87,1009.72,1.24
2026-09-13 16:40:28.399,sensor-04,26.9,42.83,1004.43,0.297
2026-09-13 16:40:29.399,sensor-05,21.31,72.92,1020.17,0.212
2026-09-13 16:40:30.399,sensor-05,20.65,78.01,1006.99,1.031
2026-09-13 16:40:31.399,sensor-03,32.26,73.68,1024.46,1.49
2026-09-13 16:40:32.399,sensor-04,24.1,45.02,1003.72,1.411
2026-09-13 16:40:33.399,sensor-04,20.76,79.37,1020.2,0.533
2026-09-13 16:40:34.399,sensor-04,30.14,58.52,1012.81,0.16
2026-09-13 16:40:35.399,sensor-04,25.1,51.4,1006.74,1.009
2026-09-13 16:40:36.399,sensor-03,22.39,78.47,1005.6,0.669
2026-09-13 16:40:37.399,sensor-01,30.55,57.45,1010.34,1.325
2026-09-13 16:40:38.399,sensor-03,27.03,78.4,1023.91,1.087
2026-09-13 16:40:39.399,sensor-04,33.49,78.57,1002.06,1.496
2026-09-13 16:40:40.399,sensor-03,26.2,53.46,1020.11,1.016
2026-09-13 16:40:41.399,sensor-02,29.15,45.65,1012.42,0.917
2026-09-13 16:40:42.399,sensor-01,21.43,50.35,1015.18,1.404
2026-09-13 16:40:43.399,sensor-02,31.19,53.21,1002.79,1.349
2026-09-13 16:40:44.399,sensor-01,28.02,67.02,1008.0,0.113
2026-09-13 16:40:45.399,sensor-01,20.6,57.31,1020.62,1.498
2026-09-13 16:40:46.399,sensor-01,27.39,51.05,1022.32,1.096
2026-09-13 16:40:47.399,sensor-05,31.43,53.65,1013.04,1.392
2026-09-13 16:40:48.399,sensor-02,33.28,58.48,1007.95,0.152
2026-09-13 16:40:49.399,sensor-05,27.51,56.25,1006.94,0.617
2026-09-13 16:40:50.399,sensor-05,29.75,65.85,1020.42,0.331
2026-09-13 16:40:51.399,sensor-01,20.76,53.99,1024.97,0.561
2026-09-13 16:40:52.399,sensor-01,26.9,54.06,1005.04,0.622
2026-09-13 16:40:53.399,sensor-01,27.35,73.77,1022.62,0.775
2026-09-13 16:40:54.399,sensor-01,24.15,56.67,1014.57,0.864
2026-09-13 16:40:55.399,sensor-01,33.44,51.1,1020.42,0.881
2026-09-13 16:40:56.399,sensor-02,24.56,55.54,1019.09,0.767
2026-09-13 16:40:57.399,sensor-03,31.4,66.54,1023.73,0.841
2026-09-13 16:40:58.399,sensor-03,30.21,57.44,1003.45,1.481
2026-09-13 16:40:59.399,sensor-02,29.13,59.26,1017.79,0.277
2026-09-13 16:41:00.399,sensor-01,21.89,40.85,1018.9,0.418
2026-09-13 16:41:01.399,sensor-05,33.57,46.74,1017.72,0.744
2026-09-13 16:41:02.399,sensor-03,25.68,51.78,1022.59,0.417
2026-09-13 16:41:03.399,sensor-03,22.91,65.74,1011.28,0.246
2026-09-13 16:41:04.399,sensor-02,31.5,69.16,1005.13,0.767
2026-09-13 16:41:05.399,sensor-02,30.74,71.73,1022.34,1.34
2026-09-13 16:41:06.399,sensor-02,33.45,45.84,1001.48,0.54
2026-09-13 16:41:07.399,sensor-05,30.41,79.48,1008.99,0.486
2026-09-13 16:41:08.399,sensor-04,23.21,77.91,1012.81,1.196
2026-09-13 16:41:09.399,sensor-02,27.18,69.65,1009.12,1.235
2026-09-13 16:41:10.399,sensor-03,23.27,78.81,1023.67,0.968
2026-09-13 16:41:11.399,sensor-04,27.54,55.02,1011.51,0.164
2026-09-13 16:41:12.399,sensor-04,21.64,50.22,1018.03,1.211
2026-09-13 16:41:13.399,sensor-03,23.8,73.66,1004.3,0.283
2026-09-13 16:41:14.399,sensor-03,31.91,51.3,1005.33,0.868
2026-09-13 16:41:15.399,sensor-02,24.18,46.65,1008.0,1.172
2026-09-13 16:41:16.399,sensor-04,28.77,61.53,1012.11,1.029
2026-09-13 16:41:17.399,sensor-05,22.43,72.57,1001.54,0.775
2026-09-13 16:41:18.399,sensor-01,21.35,43.0,1000.93,0.903
2026-09-13 16:41:19.399,sensor-04,32.13,75.96,1007.31,0.33
2026-09-13 16:41:20.399,sensor-05,26.0,44.33,1024.62,0.8
2026-09-13 16:41:21.399,sensor-05,33.4,77.1,1012.42,0.529
2026-09-13 16:41:22.399,sensor-02,27.17,49.18,1015.56,1.164
2026-09-13 16:41:23.399,sensor-04,32.64,43.45,1005.29,0.844
2026-09-13 16:41:24.399,sensor-01,31.32,54.31,1001.65,0.812
2026-09-13 16:41:25.399,sensor-04,30.18,46.35,1012.86,1.362
2026-09-13 16:41:26.399,sensor-04,30.82,68.16,1003.75,1.37
2026-09-13 16:41:27.399,sensor-02,20.78,43.33,1011.44,0.156
2026-09-13 16:41:28.399,sensor-05,20.2,72.4,1024.53,0.143
2026-09-13 16:41:29.399,sensor-02,34.99,71.88,1012.63,1.339
2026-09-13 16:41:30.399,sensor-02,23.36,60.5,1009.32,0.561
2026-09-13 16:41:31.399,sensor-04,32.68,68.2,1008.28,0.433
2026-09-13 16:41:32.399,sensor-03,75.66,44.35,1024.01,0.491
2026-09-13 16:41:33.399,sensor-02,25.14,44.74,1016.51,0.602
2026-09-13 16:41:34.399,sensor-02,29.46,75.2,1015.56,1.191
2026-09-13 16:41:35.399,sensor-03,30.33,66.54,1000.17,1.078
2026-09-13 16:41:36.399,sensor-02,28.13,44.45,1000.58,0.121
2026-09-13 16:41:37.399,sensor-01,21.99,62.37,1010.01,1.473
2026-09-13 16:41:38.399,sensor-01,22.2,56.67,1010.77,0.607
2026-09-13 16:41:39.399,sensor-04,29.61,54.28,1017.63,0.505
2026-09-13 16:41:40.399,sensor-05,34.47,51.79,1019.62,1.239
2026-09-13 16:41:41.399,sensor-01,31.79,56.3,1005.2,0.977
2026-09-13 16:41:42.399,sensor-02,21.31,79.35,1006.12,0.815
2026-09-13 16:41:43.399,sensor-01,31.09,65.93,1012.34,0.84
2026-09-13 16:41:44.399,sensor-01,33.66,44.48,1009.22,0.823
2026-09-13 16:41:45.399,sensor-05,25.8,75.45,1009.45,0.48
2026-09-13 16:41:46.399,sensor-01,25.34,64.9,1010.24,1.214
2026-09-13 16:41:47.399,sensor-02,27.65,68.98,1003.96,1.214
2026-09-13 16:41:48.399,sensor-04,22.25,74.73,1010.67,0.347
2026-09-13 16:41:49.399,sensor-04,34.04,55.13,1001.97,0.241
2026-09-13 16:41:50.399,sensor-03,25.56,57.05,1008.43,0.752
2026-09-13 16:41:51.399,sensor-03,22.46,59.65,1011.52,0.864
2026-09-13 16:41:52.399,sensor-02,22.3,61.21,1006.89,0.981
2026-09-13 16:41:53.399,sensor-02,29.85,55.76,1003.94,1.232
2026-09-13 16:41:54.399,sensor-04,33.73,47.74,1021.91,1.242
2026-09-13 16:41:55.399,sensor-03,29.81,59.82,1009.76,1.421
2026-09-13 16:41:56.399,sensor-02,34.49,73.85,1020.43,1.116
2026-09-13 16:41:57.399,sensor-05,29.2,43.01,1014.56,0.244
2026-09-13 16:41:58.399,sensor-04,29.7,62.23,1004.95,0.822
2026-09-13 16:41:59.399,sensor-04,29.07,59.97,1006.32,0.836
2026-09-13 16:42:00.399,sensor-05,32.77,75.77,1018.98,14.92
2026-09-13 16:42:01.399,sensor-03,21.91,67.42,1010.63,0.308
2026-09-13 16:42:02.399,sensor-05,34.74,45.76,1012.3,1.354
2026-09-13 16:42:03.399,sensor-04,26.52,60.67,1000.97,0.956
2026-09-13 16:42:04.399,sensor-02,72.31,60.72,1014.02,0.581
2026-09-13 16:42:05.399,sensor-02,29.67,62.37,1010.77,0.926
2026-09-13 16:42:06.399,sensor-05,28.58,62.3,1010.9,0.702
2026-09-13 16:42:07.399,sensor-03,26.59,48.41,1018.12,0.286
2026-09-13 16:42:08.399,sensor-01,29.37,41.96,1016.47,0.606
2026-09-13 16:42:09.399,sensor-05,32.69,62.71,1022.98,1.01
2026-09-13 16:42:10.399,sensor-05,22.4,76.17,1016.54,0.525
2026-09-13 16:42:11.399,sensor-04,33.63,40.22,1013.81,12.626
2026-09-13 16:42:12.399,sensor-04,24.12,67.56,1003.27,1.254
2026-09-13 16:42:13.399,sensor-03,27.28,60.3,1010.05,0.583
2026-09-13 16:42:14.399,sensor-02,26.04,52.0,1016.42,1.24
2026-09-13 16:42:15.399,sensor-04,23.82,44.16,1004.0,0.67
2026-09-13 16:42:16.399,sensor-03,20.8,65.0,1019.88,0.651
2026-09-13 16:42:17.399,sensor-04,31.46,40.96,1020.39,1.226
2026-09-13 16:42:18.399,sensor-01,21.62,74.91,1011.88,0.649
2026-09-13 16:42:19.399,sensor-03,20.88,65.75,1023.63,1.046
2026-09-13 16:42:20.399,sensor-05,30.33,42.28,1016.75,0.184
2026-09-13 16:42:21.399,sensor-03,29.24,48.62,1000.95,0.965
2026-09-13 16:42:22.399,sensor-03,23.92,67.46,1022.39,0.221
2026-09-13 16:42:23.399,sensor-01,22.34,53.18,1008.93,0.389
2026-09-13 16:42:24.399,sensor-04,31.9,79.87,1023.37,0.708
2026-09-13 16:42:25.399,sensor-02,20.16,61.26,1021.51,0.475
2026-09-13 16:42:26.399,sensor-03,33.4,58.07,1018.07,0.748
2026-09-13 16:42:27.399,sensor-05,26.61,70.74,1018.86,0.704
2026-09-13 16:42:28.399,sensor-01,20.02,44.53,1004.12,1.066
2026-09-13 16:42:29.399,sensor-05,31.05,68.93,1024.86,1.448
2026-09-13 16:42:30.399,sensor-01,22.3,75.82,1002.56,0.576
2026-09-13 16:42:31.399,sensor-04,29.2,63.83,1019.66,0.9
2026-09-13 16:42:32.399,sensor-01,32.88,63.6,1005.57,1.469
2026-09-13 16:42:33.399,sensor-02,32.69,76.46,1009.55,0.419
2026-09-13 16:42:34.399,sensor-05,32.4,79.24,1021.21,0.985
2026-09-13 16:42:35.399,sensor-04,22.47,58.95,1019.19,0.343
2026-09-13 16:42:36.399,sensor-04,24.68,75.43,1014.97,1.126
2026-09-13 16:42:37.399,sensor-02,25.9,40.5,1013.45,1.165
2026-09-13 16:42:38.399,sensor-05,21.3,79.22,1003.74,0.158
2026-09-13 16:42:39.399,sensor-04,33.59,77.99,1020.62,0.387
2026-09-13 16:42:40.399,sensor-01,28.73,59.49,1002.73,0.751
2026-09-13 16:42:41.399,sensor-05,30.84,56.57,1007.96,1.032
2026-09-13 16:42:42.399,sensor-02,20.3,77.83,1018.88,0.382
2026-09-13 16:42:43.399,sensor-02,28.92,45.04,1004.79,1.439
2026-09-13 16:42:44.399,sensor-01,31.96,58.82,1015.96,0.517
2026-09-13 16:42:45.399,sensor-04,22.47,78.92,1015.59,9.85
2026-09-13 16:42:46.399,sensor-04,29.98,6.87,1015.52,0.15
2026-09-13 16:42:47.399,sensor-05,20.21,76.5,1006.64,0.915
2026-09-13 16:42:48.399,sensor-04,20.7,62.44,1013.54,0.59
2026-09-13 16:42:49.399,sensor-05,34.46,45.89,1003.63,1.129
2026-09-13 16:42:50.399,sensor-04,22.12,41.59,1017.45,1.493
2026-09-13 16:42:51.399,sensor-04,32.97,55.41,1000.42,0.814
2026-09-13 16:42:52.399,sensor-04,24.32,59.27,1005.01,1.259
2026-09-13 16:42:53.399,sensor-05,26.05,57.96,1024.57,0.299
2026-09-13 16:42:54.399,sensor-04,33.21,51.7,955.1,0.556
2026-09-13 16:42:55.399,sensor-05,23.73,40.8,1006.96,0.672
2026-09-13 16:42:56.399,sensor-02,21.03,71.62,1020.64,0.398
2026-09-13 16:42:57.399,sensor-02,26.35,77.46,1022.3,0.625
2026-09-13 16:42:58.399,sensor-01,24.3,60.62,1017.05,0.23
2026-09-13 16:42:59.399,sensor-04,21.45,74.76,1018.59,0.538
2026-09-13 16:43:00.399,sensor-04,32.9,78.73,1007.03,1.011
2026-09-13 16:43:01.399,sensor-05,21.06,60.14,1021.84,0.104
2026-09-13 16:43:02.399,sensor-05,28.76,61.06,1018.32,0.192
2026-09-13 16:43:03.399,sensor-02,32.36,56.78,1001.07,1.449
2026-09-13 16:43:04.399,sensor-01,25.22,50.8,1014.72,1.482
2026-09-13 16:43:05.399,sensor-05,24.96,68.16,1009.54,0.219
2026-09-13 16:43:06.399,sensor-02,22.46,77.79,1002.58,0.474
2026-09-13 16:43:07.399,sensor-01,22.84,63.68,1004.51,10.298
2026-09-13 16:43:08.399,sensor-01,30.43,77.43,1020.78,0.62
2026-09-13 16:43:09.399,sensor-03,21.82,74.94,1002.03,0.98
2026-09-13 16:43:10.399,sensor-05,27.63,61.95,1022.95,1.457
2026-09-13 16:43:11.399,sensor-05,31.94,65.39,1010.69,0.18
2026-09-13 16:43:12.399,sensor-04,21.75,49.2,1018.3,0.31
2026-09-13 16:43:13.399,sensor-03,30.77,54.13,1006.45,0.622
2026-09-13 16:43:14.399,sensor-04,31.16,74.47,1000.75,1.117
2026-09-13 16:43:15.399,sensor-04,32.58,43.03,1013.78,0.868
2026-09-13 16:43:16.399,sensor-05,21.6,45.46,1016.11,0.82
2026-09-13 16:43:17.399,sensor-05,24.56,46.28,1021.69,0.897
2026-09-13 16:43:18.399,sensor-02,33.6,75.47,1001.73,1.016
2026-09-13 16:43:19.399,sensor-05,23.16,74.57,1022.38,0.216
2026-09-13 16:43:20.399,sensor-04,31.64,71.67,1012.68,1.426
2026-09-13 16:43:21.399,sensor-04,27.57,52.74,1020.56,0.216
2026-09-13 16:43:22.399,sensor-04,24.69,49.62,1006.56,1.099
2026-09-13 16:43:23.399,sensor-02,26.04,61.83,1023.52,1.212
2026-09-13 16:43:24.399,sensor-05,32.67,69.81,1012.92,0.198
2026-09-13 16:43:25.399,sensor-03,27.78,52.39,1000.25,0.423
2026-09-13 16:43:26.399,sensor-01,29.83,72.79,1007.95,0.215
2026-09-13 16:43:27.399,sensor-04,25.37,72.54,1015.86,1.315
2026-09-13 16:43:28.399,sensor-02,30.42,58.66,1012.34,0.556
2026-09-13 16:43:29.399,sensor-03,30.14,64.83,1007.96,0.266
2026-09-13 16:43:30.399,sensor-04,28.38,40.15,1007.06,1.19
2026-09-13 16:43:31.399,sensor-03,20.16,58.81,1010.93,1.013
2026-09-13 16:43:32.399,sensor-04,34.2,54.87,1008.43,0.14
2026-09-13 16:43:33.399,sensor-05,33.97,79.02,1000.14,1.361
2026-09-13 16:43:34.399,sensor-03,30.17,54.36,1013.22,0.979
2026-09-13 16:43:35.399,sensor-02,34.91,48.16,1000.26,1.422
2026-09-13 16:43:36.399,sensor-02,24.14,41.03,1006.61,0.651
2026-09-13 16:43:37.399,sensor-03,26.86,75.16,1022.78,0.544
2026-09-13 16:43:38.399,sensor-05,33.91,68.25,1004.96,0.373
2026-09-13 16:43:39.399,sensor-04,27.61,75.62,1018.01,0.398
2026-09-13 16:43:40.399,sensor-05,20.29,68.58,1024.47,0.246
2026-09-13 16:43:41.399,sensor-02,28.21,73.75,1012.66,0.183
2026-09-13 16:43:42.399,sensor-02,24.84,48.79,1021.0,0.138
2026-09-13 16:43:43.399,sensor-02,33.83,65.2,1015.63,0.309
2026-09-13 16:43:44.399,sensor-02,23.44,63.33,1000.03,0.487
2026-09-13 16:43:45.399,sensor-02,26.83,45.83,1000.03,0.479
2026-09-13 16:43:46.399,sensor-03,21.97,64.55,1024.97,0.919
2026-09-13 16:43:47.399,sensor-05,29.34,75.19,1023.65,0.157
2026-09-13 16:43:48.399,sensor-01,31.59,41.82,1022.57,0.129
2026-09-13 16:43:49.399,sensor-04,24.13,58.82,1011.05,1.148
2026-09-13 16:43:50.399,sensor-03,30.95,77.03,1019.85,1.131
2026-09-13 16:43:51.399,sensor-01,33.5,59.45,1023.26,1.224
2026-09-13 16:43:52.399,sensor-01,31.11,67.43,1015.05,1.467
2026-09-13 16:43:53.399,sensor-04,25.22,62.6,1000.71,0.911
2026-09-13 16:43:54.399,sensor-01,32.68,72.08,1002.65,1.286
2026-09-13 16:43:55.399,sensor-03,27.37,49.81,1007.2,0.957
2026-09-13 16:43:56.399,sensor-03,33.96,8.67,1018.4,1.438
2026-09-13 16:43:57.399,sensor-04,26.57,44.51,1019.53,0.166
2026-09-13 16:43:58.399,sensor-01,28.44,65.44,1007.89,0.133
2026-09-13 16:43:59.399,sensor-05,27.23,40.83,1014.52,0.542
2026-09-13 16:44:00.399,sensor-03,22.53,47.17,1008.27,0.493
2026-09-13 16:44:01.399,sensor-03,26.41,45.83,1021.9,0.177
2026-09-13 16:44:02.399,sensor-02,29.32,68.09,1020.03,0.674
2026-09-13 16:44:03.399,sensor-02,28.52,53.95,1008.2,0.124
2026-09-13 16:44:04.399,sensor-05,20.91,50.83,1023.04,1.129
2026-09-13 16:44:05.399,sensor-04,21.46,72.35,1006.25,1.439
2026-09-13 16:44:06.399,sensor-02,29.38,61.81,1003.58,0.608
2026-09-13 16:44:07.399,sensor-02,34.44,51.82,1015.67,0.966
2026-09-13 16:44:08.399,sensor-03,29.83,69.74,1015.48,0.884
2026-09-13 16:44:09.399,sensor-02,21.06,46.39,966.32,1.398
2026-09-13 16:44:10.399,sensor-02,28.43,69.99,1018.39,1.115
2026-09-13 16:44:11.399,sensor-02,21.09,60.38,1006.54,1.39
2026-09-13 16:44:12.399,sensor-01,23.65,58.21,1024.07,0.254
2026-09-13 16:44:13.399,sensor-04,25.12,65.85,1016.22,0.437
2026-09-13 16:44:14.399,sensor-01,32.27,48.48,1014.74,0.586
2026-09-13 16:44:15.399,sensor-05,24.01,62.76,1000.2,0.624
2026-09-13 16:44:16.399,sensor-03,27.49,64.86,1010.86,1.314
2026-09-13 16:44:17.399,sensor-01,34.14,75.08,1010.53,0.612
2026-09-13 16:44:18.399,sensor-04,22.79,49.64,1003.66,1.165
2026-09-13 16:44:19.399,sensor-05,22.84,61.47,1019.11,1.426
2026-09-13 16:44:20.399,sensor-02,25.23,65.0,1003.41,0.371
2026-09-13 16:44:21.399,sensor-05,28.13,46.42,1009.71,0.288
2026-09-13 16:44:22.399,sensor-04,21.68,42.39,969.24,1.343
2026-09-13 16:44:23.399,sensor-01,32.15,75.18,1015.42,0.958
2026-09-13 16:44:24.399,sensor-01,23.74,59.97,1003.34,1.041
2026-09-13 16:44:25.399,sensor-01,28.82,71.81,1014.72,0.842
2026-09-13 16:44:26.399,sensor-05,20.16,64.67,1010.24,0.371
2026-09-13 16:44:27.399,sensor-03,25.03,46.76,1024.94,1.298
2026-09-13 16:44:28.399,sensor-03,28.49,45.9,1017.89,0.778
2026-09-13 16:44:29.399,sensor-03,33.66,53.65,1001.27,1.423
2026-09-13 16:44:30.399,sensor-05,27.13,61.79,1005.93,0.348
2026-09-13 16:44:31.399,sensor-01,27.62,73.68,1003.17,1.081
2026-09-13 16:44:32.399,sensor-02,20.53,61.44,1006.3,0.947
2026-09-13 16:44:33.399,sensor-04,33.78,49.78,1023.5,0.386
2026-09-13 16:44:34.399,sensor-04,22.89,72.6,1016.94,1.459
2026-09-13 16:44:35.399,sensor-03,33.39,78.33,1019.79,0.879
2026-09-13 16:44:36.399,sensor-03,22.69,76.01,1024.99,1.031
2026-09-13 16:44:37.399,sensor-01,34.39,74.85,1018.72,1.429
2026-09-13 16:44:38.399,sensor-01,33.32,46.51,1004.57,0.817
2026-09-13 16:44:39.399,sensor-03,31.97,42.14,1018.02,0.224
2026-09-13 16:44:40.399,sensor-02,23.03,69.4,1014.8,0.64
2026-09-13 16:44:41.399,sensor-01,25.3,48.02,1003.4,1.134
2026-09-13 16:44:42.399,sensor-03,23.35,53.62,1011.57,0.819
2026-09-13 16:44:43.399,sensor-03,27.23,55.76,1006.64,1.094
2026-09-13 16:44:44.399,sensor-02,32.74,63.45,1015.85,0.812
2026-09-13 16:44:45.399,sensor-03,26.4,75.72,1015.12,0.729
2026-09-13 16:44:46.399,sensor-05,66.8,72.06,1006.99,0.108
2026-09-13 16:44:47.399,sensor-04,27.34,76.72,1008.79,1.213
2026-09-13 16:44:48.399,sensor-03,31.62,78.63,1005.02,0.125
2026-09-13 16:44:49.399,sensor-01,26.05,61.78,1005.56,1.279
2026-09-13 16:44:50.399,sensor-05,27.13,79.06,1012.77,0.97
2026-09-13 16:44:51.399,sensor-01,27.35,62.51,1005.58,0.607
2026-09-13 16:44:52.399,sensor-01,30.51,52.15,1006.8,1.071
2026-09-13 16:44:53.399,sensor-01,34.43,79.63,1011.45,0.662
2026-09-13 16:44:54.399,sensor-04,22.44,77.32,1024.76,0.271
2026-09-13 16:44:55.399,sensor-03,26.99,61.65,1004.49,1.113
2026-09-13 16:44:56.399,sensor-05,26.81,65.39,1023.04,1.133
2026-09-13 16:44:57.399,sensor-03,26.04,58.49,1008.54,1.425
2026-09-13 16:44:58.399,sensor-01,31.67,54.57,968.86,0.44
2026-09-13 16:44:59.399,sensor-03,34.0,56.93,1003.39,0.562
2026-09-13 16:45:00.399,sensor-03,28.75,50.98,1013.76,1.371
2026-09-13 16:45:01.399,sensor-04,23.43,72.05,1006.74,0.912
2026-09-13 16:45:02.399,sensor-01,21.01,52.79,1005.3,1.35
2026-09-13 16:45:03.399,sensor-05,27.39,48.84,1009.78,0.357
2026-09-13 16:45:04.399,sensor-05,21.8,74.94,1001.15,0.519
2026-09-13 16:45:05.399,sensor-04,27.68,77.57,1009.15,0.157
2026-09-13 16:45:06.399,sensor-03,28.69,73.1,1010.65,1.133
2026-09-13 16:45:07.399,sensor-05,22.6,73.19,1005.31,1.196
2026-09-13 16:45:08.399,sensor-01,33.15,59.03,1010.72,1.267
2026-09-13 16:45:09.399,sensor-04,23.54,57.85,1009.24,1.031
2026-09-13 16:45:10.399,sensor-01,26.09,73.95,1013.66,1.354
2026-09-13 16:45:11.399,sensor-03,27.51,56.02,1017.11,0.308
2026-09-13 16:45:12.399,sensor-03,22.08,65.17,1020.76,0.128
2026-09-13 16:45:13.399,sensor-03,30.8,42.99,1010.15,1.2
2026-09-13 16:45:14.399,sensor-05,31.25,54.56,1023.0,0.208
2026-09-13 16:45:15.399,sensor-03,27.06,65.54,1005.73,0.416
2026-09-13 16:45:16.399,sensor-02,24.38,69.09,1016.02,0.217
2026-09-13 16:45:17.399,sensor-05,32.25,40.35,1013.49,1.379
2026-09-13 16:45:18.399,sensor-04,24.35,47.78,1017.12,1.18
2026-09-13 16:45:19.399,sensor-05,25.09,64.16,1002.54,0.232
2026-09-13 16:45:20.399,sensor-05,33.91,46.1,1012.06,0.706
2026-09-13 16:45:21.399,sensor-03,20.04,55.21,1011.98,1.225
2026-09-13 16:45:22.399,sensor-01,32.75,55.05,1003.52,0.661
2026-09-13 16:45:23.399,sensor-02,22.62,77.77,1023.75,0.309
2026-09-13 16:45:24.399,sensor-04,26.45,59.69,1012.47,1.456
2026-09-13 16:45:25.399,sensor-04,20.09,65.14,1016.32,1.155
2026-09-13 16:45:26.399,sensor-01,31.31,69.29,1006.34,1.49
2026-09-13 16:45:27.399,sensor-03,27.53,55.76,1014.84,0.589
2026-09-13 16:45:28.399,sensor-02,33.92,77.11,1012.41,1.447
2026-09-13 16:45:29.399,sensor-02,33.75,65.32,1019.06,0.678
2026-09-13 16:45:30.399,sensor-02,21.25,78.67,1005.7,0.792
2026-09-13 16:45:31.399,sensor-02,25.86,70.71,1013.21,7.124
2026-09-13 16:45:32.399,sensor-04,32.43,53.65,1013.4,0.436
2026-09-13 16:45:33.399,sensor-01,34.48,70.12,1002.22,0.712
2026-09-13 16:45:34.399,sensor-02,30.06,77.54,1019.33,0.952
2026-09-13 16:45:35.399,sensor-05,33.93,55.79,1022.53,0.703
2026-09-13 16:45:36.399,sensor-05,28.26,52.4,1001.27,1.233
2026-09-13 16:45:37.399,sensor-04,23.95,75.1,1023.01,1.342
2026-09-13 16:45:38.399,sensor-05,33.12,44.17,1024.53,0.868
2026-09-13 16:45:39.399,sensor-04,31.41,65.9,1008.17,0.138
2026-09-13 16:45:40.399,sensor-04,32.95,40.09,1005.2,1.042
2026-09-13 16:45:41.399,sensor-02,22.13,43.28,1015.95,0.933
2026-09-13 16:45:42.399,sensor-02,22.05,71.97,1024.7,0.605
2026-09-13 16:45:43.399,sensor-02,31.44,76.46,1010.61,0.242
2026-09-13 16:45:44.399,sensor-04,32.95,58.28,1001.49,0.193
2026-09-13 16:45:45.399,sensor-03,33.78,55.98,1016.27,0.859
2026-09-13 16:45:46.399,sensor-05,22.99,67.1,1021.19,1.402
2026-09-13 16:45:47.399,sensor-03,22.64,62.33,1016.65,0.481
2026-09-13 16:45:48.399,sensor-02,33.67,57.01,1000.01,0.861
2026-09-13 16:45:49.399,sensor-02,33.04,61.62,1002.35,1.398
2026-09-13 16:45:50.399,sensor-02,33.48,44.84,1002.44,0.849
2026-09-13 16:45:51.399,sensor-01,27.66,77.16,955.57,1.486
2026-09-13 16:45:52.399,sensor-05,21.19,57.53,1021.63,1.249
2026-09-13 16:45:53.399,sensor-01,32.99,55.86,1018.29,1.118
2026-09-13 16:45:54.399,sensor-02,27.73,77.05,1006.58,1.101
2026-09-13 16:45:55.399,sensor-02,25.81,58.1,1020.23,0.715
2026-09-13 16:45:56.399,sensor-04,23.33,79.53,1022.31,0.94
2026-09-13 16:45:57.399,sensor-04,34.39,46.46,1005.64,1.339
2026-09-13 16:45:58.399,sensor-01,25.57,70.17,1015.76,0.582
2026-09-13 16:45:59.399,sensor-03,21.89,49.18,1013.44,1.195
2026-09-13 16:46:00.399,sensor-05,25.75,66.02,1003.93,0.633
2026-09-13 16:46:01.399,sensor-04,21.69,57.91,1014.9,1.267
2026-09-13 16:46:02.399,sensor-03,34.14,67.2,1008.73,0.424
2026-09-13 16:46:03.399,sensor-02,22.05,54.77,1017.56,1.069
2026-09-13 16:46:04.399,sensor-02,27.63,48.67,1012.57,0.814
2026-09-13 16:46:05.399,sensor-02,34.69,61.48,1014.05,0.111
2026-09-13 16:46:06.399,sensor-04,25.35,78.64,1004.38,0.525
2026-09-13 16:46:07.399,sensor-03,24.78,65.37,1012.41,1.44
2026-09-13 16:46:08.399,sensor-02,31.86,51.16,1020.17,1.287
2026-09-13 16:46:09.399,sensor-05,30.77,45.7,1001.3,0.577
2026-09-13 16:46:10.399,sensor-04,24.54,69.69,1018.06,1.461
2026-09-13 16:46:11.399,sensor-05,31.12,79.55,1019.34,14.682
2026-09-13 16:46:12.399,sensor-04,32.19,71.73,1018.39,1.152
2026-09-13 16:46:13.399,sensor-04,33.71,55.17,1000.77,0.154
2026-09-13 16:46:14.399,sensor-05,32.71,56.18,1007.54,0.809
2026-09-13 16:46:15.399,sensor-02,29.55,45.59,1009.06,0.878
2026-09-13 16:46:16.399,sensor-05,33.98,44.02,1005.61,0.649
2026-09-13 16:46:17.399,sensor-03,26.12,41.63,1001.65,1.274
2026-09-13 16:46:18.399,sensor-05,24.6,52.37,1002.52,0.119
2026-09-13 16:46:19.399,sensor-03,32.53,76.8,1001.54,0.143
2026-09-13 16:46:20.399,sensor-04,23.07,49.23,1022.22,1.325
2026-09-13 16:46:21.399,sensor-04,22.46,55.25,1005.9,1.041
2026-09-13 16:46:22.399,sensor-01,33.47,58.51,1019.88,0.172
2026-09-13 16:46:23.399,sensor-04,20.22,68.74,1001.99,0.574
2026-09-13 16:46:24.399,sensor-04,29.6,67.76,1016.28,0.998
2026-09-13 16:46:25.399,sensor-04,20.42,57.67,1001.14,0.756
2026-09-13 16:46:26.399,sensor-01,31.76,68.17,1013.99,1.396
2026-09-13 16:46:27.399,sensor-01,23.93,47.34,1013.61,0.388
2026-09-13 16:46:28.399,sensor-02,27.36,61.18,1007.69,1.134
2026-09-13 16:46:29.399,sensor-04,31.41,64.24,1011.5,0.728
2026-09-13 16:46:30.399,sensor-02,26.56,46.55,1016.99,0.208
2026-09-13 16:46:31.399,sensor-02,22.16,55.32,1005.94,0.507
2026-09-13 16:46:32.399,sensor-04,22.65,50.55,1002.53,0.564
2026-09-13 16:46:33.399,sensor-05,25.7,71.09,1011.54,0.729
2026-09-13 16:46:34.399,sensor-01,32.97,59.41,1008.78,1.37
2026-09-13 16:46:35.399,sensor-01,34.67,77.45,1006.7,0.577
2026-09-13 16:46:36.399,sensor-01,30.98,45.17,1005.14,0.801
2026-09-13 16:46:37.399,sensor-05,31.09,64.36,1006.8,0.682
2026-09-13 16:46:38.399,sensor-02,24.85,63.95,1005.19,0.16
2026-09-13 16:46:39.399,sensor-04,20.33,78.83,1008.76,0.109
2026-09-13 16:46:40.399,sensor-03,32.26,57.4,1008.85,1.017
2026-09-13 16:46:41.399,sensor-01,28.34,51.11,1008.32,0.215
2026-09-13 16:46:42.399,sensor-02,34.62,50.39,1011.88,0.528
2026-09-13 16:46:43.399,sensor-04,32.13,59.48,1009.17,1.143
2026-09-13 16:46:44.399,sensor-03,31.0,50.77,1016.39,1.129
2026-09-13 16:46:45.399,sensor-05,24.86,56.25,1019.4,0.895
2026-09-13 16:46:46.399,sensor-02,20.06,40.81,1006.01,0.263
2026-09-13 16:46:47.399,sensor-02,29.04,64.22,1001.12,0.932
2026-09-13 16:46:48.399,sensor-02,34.85,60.88,1000.85,0.587
2026-09-13 16:46:49.399,sensor-03,23.37,78.58,1010.63,0.13
2026-09-13 16:46:50.399,sensor-04,26.84,77.13,1022.55,0.295
2026-09-13 16:46:51.399,sensor-02,24.68,64.33,1015.04,0.48
2026-09-13 16:46:52.399,sensor-02,32.06,73.28,1002.46,0.426
2026-09-13 16:46:53.399,sensor-02,33.79,54.04,1020.91,0.769
2026-09-13 16:46:54.399,sensor-05,26.61,69.79,1010.61,0.243
2026-09-13 16:46:55.399,sensor-02,23.12,68.89,1009.34,0.736
2026-09-13 16:46:56.399,sensor-02,32.05,64.99,1024.62,10.0
2026-09-13 16:46:57.399,sensor-02,30.3,15.33,1002.56,1.384
2026-09-13 16:46:58.399,sensor-02,30.01,43.91,1023.43,1.412
2026-09-13 16:46:59.399,sensor-05,27.64,65.39,1014.5,0.861
2026-09-13 16:47:00.399,sensor-05,29.17,47.83,1022.85,0.402
2026-09-13 16:47:01.399,sensor-01,34.96,48.54,1002.5,0.887
2026-09-13 16:47:02.399,sensor-01,27.35,42.74,1010.72,0.582
2026-09-13 16:47:03.399,sensor-05,33.97,65.4,1021.08,1.368
2026-09-13 16:47:04.399,sensor-04,24.6,73.16,1013.0,0.48
2026-09-13 16:47:05.399,sensor-02,24.52,58.65,1019.53,0.779
2026-09-13 16:47:06.399,sensor-01,32.84,56.69,1011.05,1.169
2026-09-13 16:47:07.399,sensor-04,27.67,65.29,1005.98,1.409
2026-09-13 16:47:08.399,sensor-04,21.71,65.48,1009.22,0.73
2026-09-13 16:47:09.399,sensor-01,31.94,53.97,1021.83,0.407
2026-09-13 16:47:10.399,sensor-01,24.34,75.82,1000.29,1.382
2026-09-13 16:47:11.399,sensor-02,30.44,43.67,1016.03,1.373
2026-09-13 16:47:12.399,sensor-02,31.9,68.51,1002.94,1.032
2026-09-13 16:47:13.399,sensor-03,31.28,52.65,1010.03,1.444
2026-09-13 16:47:14.399,sensor-03,34.8,49.18,1009.95,1.164
2026-09-13 16:47:15.399,sensor-01,34.5,66.17,1007.83,0.657
2026-09-13 16:47:16.399,sensor-05,21.93,61.83,1010.03,0.288
2026-09-13 16:47:17.399,sensor-03,29.5,41.25,1024.15,1.373
2026-09-13 16:47:18.399,sensor-05,24.93,42.7,1007.65,1.232
2026-09-13 16:47:19.399,sensor-01,23.58,68.77,1017.7,1.14
2026-09-13 16:47:20.399,sensor-05,29.62,45.02,1020.26,0.553
2026-09-13 16:47:21.399,sensor-04,30.13,53.44,1004.04,1.073
2026-09-13 16:47:22.399,sensor-05,29.4,49.1,1007.91,1.156
2026-09-13 16:47:23.399,sensor-05,30.99,52.38,1000.16,0.945
2026-09-13 16:47:24.399,sensor-04,24.02,72.44,1012.19,1.167
2026-09-13 16:47:25.399,sensor-05,26.24,67.19,1014.37,0.815
2026-09-13 16:47:26.399,sensor-01,33.65,53.4,1005.62,1.181
2026-09-13 16:47:27.399,sensor-01,34.94,56.82,1007.42,5.05
2026-09-13 16:47:28.399,sensor-02,24.91,52.42,1010.75,0.426
2026-09-13 16:47:29.399,sensor-01,22.73,52.66,1003.7,0.611
2026-09-13 16:47:30.399,sensor-04,71.46,19.66,978.15,10.842
2026-09-13 16:47:31.399,sensor-02,30.29,56.38,1022.21,0.874
2026-09-13 16:47:32.399,sensor-01,28.8,61.02,1020.3,0.362
2026-09-13 16:47:33.399,sensor-05,20.23,63.49,1009.92,0.564
2026-09-13 16:47:34.399,sensor-02,22.75,72.2,1005.69,1.132
2026-09-13 16:47:35.399,sensor-01,20.5,75.24,1019.73,1.214
2026-09-13 16:47:36.399,sensor-03,34.9,47.17,1001.81,1.086
2026-09-13 16:47:37.399,sensor-01,29.12,55.67,1008.34,1.351
2026-09-13 16:47:38.399,sensor-01,30.02,71.3,1020.81,0.424
2026-09-13 16:47:39.399,sensor-01,29.14,72.93,1001.71,0.6
2026-09-13 16:47:40.399,sensor-03,21.49,61.55,1016.64,0.606
2026-09-13 16:47:41.399,sensor-01,24.39,74.82,1014.98,0.872
2026-09-13 16:47:42.399,sensor-04,24.2,65.67,1024.04,0.133
2026-09-13 16:47:43.399,sensor-05,22.35,72.66,1016.02,1.412
2026-09-13 16:47:44.399,sensor-01,27.66,76.15,1005.81,0.216
2026-09-13 16:47:45.399,sensor-04,27.54,41.9,1007.0,0.557
2026-09-13 16:47:46.399,sensor-03,27.31,72.26,1006.96,1.042
2026-09-13 16:47:47.399,sensor-03,26.28,62.24,1017.39,1.423
2026-09-13 16:47:48.399,sensor-01,26.43,61.87,1005.7,1.347
2026-09-13 16:47:49.399,sensor-03,27.4,58.0,1001.02,0.852
2026-09-13 16:47:50.399,sensor-05,27.52,46.3,1004.5,0.324
2026-09-13 16:47:51.399,sensor-04,31.9,72.99,1021.01,0.234
2026-09-13 16:47:52.399,sensor-04,23.37,59.63,1016.56,1.356
2026-09-13 16:47:53.399,sensor-02,33.38,76.9,1023.09,0.107
2026-09-13 16:47:54.399,sensor-04,24.83,42.44,1019.07,0.14
2026-09-13 16:47:55.399,sensor-02,34.21,57.61,1022.8,0.673
2026-09-13 16:47:56.399,sensor-01,52.95,53.48,1021.16,1.388
2026-09-13 16:47:57.399,sensor-04,27.27,51.88,1006.5,0.415
2026-09-13 16:47:58.399,sensor-03,20.26,69.56,1007.51,0.698
2026-09-13 16:47:59.399,sensor-02,33.26,67.28,1021.76,0.766
2026-09-13 16:48:00.399,sensor-05,23.56,61.79,1014.83,0.688
2026-09-13 16:48:01.399,sensor-02,20.21,52.77,1014.52,1.438
2026-09-13 16:48:02.399,sensor-05,75.67,51.85,1003.92,1.074
2026-09-13 16:48:03.399,sensor-04,27.36,76.84,1015.7,1.491
2026-09-13 16:48:04.399,sensor-05,22.7,54.14,1023.38,0.619
2026-09-13 16:48:05.399,sensor-05,20.89,45.96,1008.88,0.69
2026-09-13 16:48:06.399,sensor-05,20.2,73.64,1014.43,1.159
2026-09-13 16:48:07.399,sensor-01,33.55,43.74,1014.29,1.373
2026-09-13 16:48:08.399,sensor-01,29.21,72.0,1006.87,0.985
2026-09-13 16:48:09.399,sensor-01,27.86,47.77,1013.74,0.923
2026-09-13 16:48:10.399,sensor-04,26.5,75.1,1019.79,1.227
2026-09-13 16:48:11.399,sensor-04,22.95,68.98,1001.72,0.825
2026-09-13 16:48:12.399,sensor-03,30.29,56.77,1010.42,0.272
2026-09-13 16:48:13.399,sensor-01,26.66,74.54,1022.45,1.435
2026-09-13 16:48:14.399,sensor-02,26.94,65.67,1017.57,1.2
2026-09-13 16:48:15.399,sensor-02,28.35,78.42,1006.0,1.225
2026-09-13 16:48:16.399,sensor-01,33.9,74.21,1019.49,0.277
2026-09-13 16:48:17.399,sensor-04,30.25,44.29,1002.83,10.402
2026-09-13 16:48:18.399,sensor-04,21.17,61.74,1001.35,0.199
2026-09-13 16:48:19.399,sensor-03,25.08,64.87,1009.68,0.922
2026-09-13 16:48:20.399,sensor-03,30.72,63.17,1004.0,1.061
2026-09-13 16:48:21.399,sensor-01,29.15,71.62,1002.87,1.362
2026-09-13 16:48:22.399,sensor-04,31.07,75.96,1024.74,0.917
2026-09-13 16:48:23.399,sensor-02,24.35,74.03,1009.96,1.251
2026-09-13 16:48:24.399,sensor-04,23.27,46.8,1013.18,0.213
2026-09-13 16:48:25.399,sensor-05,31.91,70.42,1003.38,0.61
2026-09-13 16:48:26.399,sensor-04,20.32,57.36,1023.21,0.215
2026-09-13 16:48:27.399,sensor-01,22.84,47.82,1023.28,0.945
2026-09-13 16:48:28.399,sensor-01,25.5,74.93,1014.55,0.94
2026-09-13 16:48:29.399,sensor-04,30.23,44.76,1021.67,0.465
2026-09-13 16:48:30.399,sensor-05,25.78,44.8,1007.9,0.903
2026-09-13 16:48:31.399,sensor-05,30.23,48.54,1013.47,1.203
2026-09-13 16:48:32.399,sensor-01,25.92,76.98,1000.9,1.047
2026-09-13 16:48:33.399,sensor-03,20.16,67.48,1008.56,0.313
2026-09-13 16:48:34.399,sensor-05,31.54,47.5,1012.1,1.459
2026-09-13 16:48:35.399,sensor-03,27.92,46.69,1011.16,0.303
2026-09-13 16:48:36.399,sensor-04,21.64,64.26,1004.84,0.309
2026-09-13 16:48:37.399,sensor-05,74.52,56.68,1014.48,0.133
2026-09-13 16:48:38.399,sensor-03,21.07,53.74,1012.66,0.29
2026-09-13 16:48:39.399,sensor-01,27.93,64.11,1020.26,0.678
2026-09-13 16:48:40.399,sensor-03,26.86,66.23,1015.44,0.116
2026-09-13 16:48:41.399,sensor-05,34.14,51.25,1013.96,1.179
2026-09-13 16:48:42.399,sensor-03,20.28,67.23,1002.33,1.04
2026-09-13 16:48:43.399,sensor-01,29.61,47.57,1012.34,0.965
2026-09-13 16:48:44.399,sensor-01,23.34,74.32,1011.61,1.026
2026-09-13 16:48:45.399,sensor-05,32.51,60.34,969.9,0.377
2026-09-13 16:48:46.399,sensor-04,31.39,68.6,1020.61,1.482
2026-09-13 16:48:47.399,sensor-02,21.52,63.59,1019.27,0.886
2026-09-13 16:48:48.399,sensor-01,30.8,57.92,1007.16,1.278
2026-09-13 16:48:49.399,sensor-02,24.93,62.87,1010.57,0.325
2026-09-13 16:48:50.399,sensor-04,30.34,40.0,1013.42,0.908
2026-09-13 16:48:51.399,sensor-02,24.76,57.81,1020.3,0.757
2026-09-13 16:48:52.399,sensor-05,25.64,67.97,1013.72,1.167
2026-09-13 16:48:53.399,sensor-03,27.42,77.71,1023.34,1.496
2026-09-13 16:48:54.399,sensor-04,20.05,57.49,1018.33,0.202
2026-09-13 16:48:55.399,sensor-03,23.19,69.25,1005.74,1.277
2026-09-13 16:48:56.399,sensor-04,28.98,61.77,1007.41,0.715
2026-09-13 16:48:57.399,sensor-03,20.83,68.52,1004.56,0.78
2026-09-13 16:48:58.399,sensor-03,27.3,41.24,1006.81,0.171
2026-09-13 16:48:59.399,sensor-04,29.81,42.58,1002.97,1.026
2026-09-13 16:49:00.399,sensor-03,32.5,48.21,1003.01,0.607
2026-09-13 16:49:01.399,sensor-03,21.48,42.85,1016.94,0.516
2026-09-13 16:49:02.399,sensor-01,24.42,52.59,1005.25,13.363
2026-09-13 16:49:03.399,sensor-04,22.07,51.23,1006.57,1.076
2026-09-13 16:49:04.399,sensor-05,31.21,61.24,1006.23,1.209
2026-09-13 16:49:05.399,sensor-02,32.54,42.07,1017.45,1.086
2026-09-13 16:49:06.399,sensor-02,31.8,67.56,1021.97,1.071
2026-09-13 16:49:07.399,sensor-04,25.39,46.3,1009.08,1.241
2026-09-13 16:49:08.399,sensor-04,34.81,75.8,1016.78,1.21
2026-09-13 16:49:09.399,sensor-04,27.48,61.28,1019.57,0.496
2026-09-13 16:49:10.399,sensor-04,27.39,73.69,1012.04,1.285
2026-09-13 16:49:11.399,sensor-02,31.74,68.83,1006.65,0.533
2026-09-13 16:49:12.399,sensor-02,30.46,45.8,1018.88,0.413
2026-09-13 16:49:13.399,sensor-02,28.46,48.14,1012.29,1.331
2026-09-13 16:49:14.399,sensor-05,31.77,65.74,1014.08,1.412
2026-09-13 16:49:15.399,sensor-05,26.04,73.38,1023.51,0.77
2026-09-13 16:49:16.399,sensor-04,31.11,54.95,1018.7,0.843
2026-09-13 16:49:17.399,sensor-04,29.44,55.56,1019.67,0.104
2026-09-13 16:49:18.399,sensor-02,34.39,70.37,1006.03,1.47
2026-09-13 16:49:19.399,sensor-02,27.84,76.38,1022.96,1.076
2026-09-13 16:49:20.399,sensor-02,23.49,41.17,1008.66,0.944
2026-09-13 16:49:21.399,sensor-05,28.69,41.94,1008.85,1.147
2026-09-13 16:49:22.399,sensor-03,31.45,62.75,1022.15,11.791
2026-09-13 16:49:23.399,sensor-02,26.12,64.93,1017.81,1.276
2026-09-13 16:49:24.399,sensor-05,31.66,63.96,1002.93,0.13
2026-09-13 16:49:25.399,sensor-04,21.63,57.17,1006.4,0.894
2026-09-13 16:49:26.399,sensor-03,23.02,40.18,1008.04,0.823
2026-09-13 16:49:27.399,sensor-02,27.68,62.66,1016.23,0.56
2026-09-13 16:49:28.399,sensor-01,33.82,78.11,952.3,0.913
2026-09-13 16:49:29.399,sensor-03,31.08,49.09,1004.61,10.417
2026-09-13 16:49:30.399,sensor-01,28.69,58.32,1011.49,1.154
2026-09-13 16:49:31.399,sensor-02,32.81,67.57,1011.92,0.486
2026-09-13 16:49:32.399,sensor-05,20.56,74.09,1014.83,0.164
2026-09-13 16:49:33.399,sensor-02,23.95,61.94,1009.99,1.335
2026-09-13 16:49:34.399,sensor-01,33.66,74.51,1023.03,1.472
2026-09-13 16:49:35.399,sensor-02,22.48,65.12,1017.02,0.223
2026-09-13 16:49:36.399,sensor-05,31.75,65.14,1010.89,0.315
2026-09-13 16:49:37.399,sensor-01,29.07,52.4,1006.18,0.717
2026-09-13 16:49:38.399,sensor-02,25.51,19.95,1000.15,1.378
2026-09-13 16:49:39.399,sensor-03,30.92,65.78,1018.15,0.672
2026-09-13 16:49:40.399,sensor-01,31.91,77.58,1021.44,1.136
2026-09-13 16:49:41.399,sensor-03,27.82,55.81,1021.64,1.006
2026-09-13 16:49:42.399,sensor-03,20.81,72.52,1020.27,12.137
2026-09-13 16:49:43.399,sensor-01,34.94,40.37,1005.74,0.159
2026-09-13 16:49:44.399,sensor-02,28.68,73.94,1024.07,0.954
2026-09-13 16:49:45.399,sensor-01,32.99,49.8,1022.34,1.33
2026-09-13 16:49:46.399,sensor-04,29.06,78.03,1018.9,1.057
2026-09-13 16:49:47.399,sensor-01,25.83,77.85,975.57,1.193
2026-09-13 16:49:48.399,sensor-03,31.06,41.6,1022.35,1.024
2026-09-13 16:49:49.399,sensor-01,24.55,52.44,1007.58,0.283
2026-09-13 16:49:50.399,sensor-03,26.18,68.12,1010.5,0.225
2026-09-13 16:49:51.399,sensor-01,26.38,66.21,1023.25,1.174
2026-09-13 16:49:52.399,sensor-03,32.74,72.95,1004.47,0.977
2026-09-13 16:49:53.399,sensor-03,32.05,44.99,1010.89,0.826
2026-09-13 16:49:54.399,sensor-04,27.14,51.9,1008.42,1.299
2026-09-13 16:49:55.399,sensor-05,32.19,76.55,1023.81,0.789
2026-09-13 16:49:56.399,sensor-05,29.5,55.22,1024.39,0.574
2026-09-13 16:49:57.399,sensor-01,28.89,41.47,1021.51,1.167
2026-09-13 16:49:58.399,sensor-04,23.28,48.58,1000.73,0.316
2026-09-13 16:49:59.399,sensor-02,28.11,45.23,1013.94,0.469
2026-09-13 16:50:00.399,sensor-05,34.89,72.46,1001.36,1.12
2026-09-13 16:50:01.399,sensor-01,28.54,75.75,1009.5,1.4
2026-09-13 16:50:02.399,sensor-02,21.42,72.61,1011.45,0.202
2026-09-13 16:50:03.399,sensor-03,34.5,49.72,1024.16,1.054
2026-09-13 16:50:04.399,sensor-02,31.66,57.42,1001.87,0.422
2026-09-13 16:50:05.399,sensor-05,30.44,60.04,1006.14,0.764
2026-09-13 16:50:06.399,sensor-01,34.92,74.39,1007.95,1.319
2026-09-13 16:50:07.399,sensor-05,30.0,45.59,1022.65,0.73
2026-09-13 16:50:08.399,sensor-02,24.62,78.59,1012.42,0.184
2026-09-13 16:50:09.399,sensor-04,23.41,75.15,1022.91,0.202
2026-09-13 16:50:10.399,sensor-05,33.96,61.01,1017.01,0.946
2026-09-13 16:50:11.399,sensor-04,29.79,53.33,1008.45,0.688
2026-09-13 16:50:12.399,sensor-02,23.76,40.29,1003.88,1.47
2026-09-13 16:50:13.399,sensor-02,22.93,78.63,1000.68,0.778
2026-09-13 16:50:14.399,sensor-04,22.84,68.31,1015.56,1.045
2026-09-13 16:50:15.399,sensor-02,32.16,62.37,1018.13,1.415
2026-09-13 16:50:16.399,sensor-04,24.34,42.16,1014.37,0.148
2026-09-13 16:50:17.399,sensor-03,31.05,62.52,1004.2,1.326
2026-09-13 16:50:18.399,sensor-03,28.51,43.32,1018.51,0.185
2026-09-13 16:50:19.399,sensor-02,22.54,48.31,1005.83,0.12
2026-09-13 16:50:20.399,sensor-05,20.47,42.28,1019.57,0.11
2026-09-13 16:50:21.399,sensor-03,21.61,63.67,1024.96,0.341
2026-09-13 16:50:22.399,sensor-05,34.79,70.65,1021.42,0.932
2026-09-13 16:50:23.399,sensor-01,21.67,69.67,1015.72,0.184
2026-09-13 16:50:24.399,sensor-02,26.08,47.93,1006.87,0.514
2026-09-13 16:50:25.399,sensor-05,22.02,49.64,959.01,0.729
2026-09-13 16:50:26.399,sensor-05,24.31,62.19,1021.35,0.74
2026-09-13 16:50:27.399,sensor-03,27.24,56.92,1024.6,1.494
2026-09-13 16:50:28.399,sensor-04,21.02,62.68,1023.81,1.396
2026-09-13 16:50:29.399,sensor-01,22.28,72.79,1012.25,0.573
2026-09-13 16:50:30.399,sensor-05,24.13,75.3,1010.24,0.442
2026-09-13 16:50:31.399,sensor-04,30.73,72.88,1002.53,0.103
2026-09-13 16:50:32.399,sensor-03,30.6,77.38,1008.28,1.194
2026-09-13 16:50:33.399,sensor-05,27.06,46.64,1019.13,1.246
2026-09-13 16:50:34.399,sensor-01,32.95,54.85,1017.26,0.469
2026-09-13 16:50:35.399,sensor-02,22.32,41.44,1016.79,1.325
2026-09-13 16:50:36.399,sensor-01,26.44,40.14,1010.32,0.494
2026-09-13 16:50:37.399,sensor-05,27.59,67.02,1017.64,0.313
2026-09-13 16:50:38.399,sensor-03,21.7,57.63,1022.18,0.773
2026-09-13 16:50:39.399,sensor-05,24.65,6.92,1007.57,1.124
2026-09-13 16:50:40.399,sensor-02,33.52,48.77,1018.17,0.335
2026-09-13 16:50:41.399,sensor-03,28.8,64.88,1007.16,0.327
2026-09-13 16:50:42.399,sensor-03,23.18,56.53,1001.68,0.766
2026-09-13 16:50:43.399,sensor-02,21.99,57.77,1015.99,1.4
2026-09-13 16:50:44.399,sensor-03,31.55,51.2,1016.72,0.107
2026-09-13 16:50:45.399,sensor-05,29.36,47.7,1017.22,0.991
2026-09-13 16:50:46.399,sensor-02,29.2,68.54,1020.4,0.563
2026-09-13 16:50:47.399,sensor-04,25.31,40.28,1015.25,0.438
2026-09-13 16:50:48.399,sensor-02,32.42,76.56,1024.04,0.524
2026-09-13 16:50:49.399,sensor-04,32.04,52.72,1009.63,0.432
2026-09-13 16:50:50.399,sensor-04,24.78,40.97,1018.4,0.963
2026-09-13 16:50:51.399,sensor-04,24.72,78.28,1015.76,0.934
2026-09-13 16:50:52.399,sensor-05,25.1,51.24,1009.42,1.221
2026-09-13 16:50:53.399,sensor-01,23.1,49.13,1015.91,0.998
2026-09-13 16:50:54.399,sensor-02,31.32,41.27,1018.47,0.394
2026-09-13 16:50:55.399,sensor-02,26.21,65.69,1003.02,0.455
2026-09-13 16:50:56.399,sensor-03,31.56,62.54,1014.23,1.302
2026-09-13 16:50:57.399,sensor-01,33.43,6.08,1008.21,1.191
2026-09-13 16:50:58.399,sensor-03,27.68,65.12,1000.26,0.326
2026-09-13 16:50:59.399,sensor-02,21.46,46.91,1021.18,1.081
2026-09-13 16:51:00.399,sensor-05,23.95,43.21,1008.72,0.657
2026-09-13 16:51:01.399,sensor-04,27.19,45.39,1016.4,1.41
2026-09-13 16:51:02.399,sensor-05,32.73,47.2,1017.53,0.357
2026-09-13 16:51:03.399,sensor-02,28.13,64.01,1015.46,1.056
2026-09-13 16:51:04.399,sensor-04,30.55,46.18,1016.93,0.274
2026-09-13 16:51:05.399,sensor-02,34.51,65.23,1002.21,1.081
2026-09-13 16:51:06.399,sensor-03,24.29,55.14,1019.41,1.422
2026-09-13 16:51:07.399,sensor-01,20.91,73.14,1007.21,0.916
2026-09-13 16:51:08.399,sensor-05,22.8,54.99,1021.69,1.01
2026-09-13 16:51:09.399,sensor-04,24.55,72.2,1018.98,1.407
2026-09-13 16:51:10.399,sensor-01,27.54,52.95,1006.72,1.495
2026-09-13 16:51:11.399,sensor-03,34.33,54.25,1021.25,0.989
2026-09-13 16:51:12.399,sensor-04,30.77,65.43,1021.31,0.649
2026-09-13 16:51:13.399,sensor-01,23.0,68.69,1018.75,1.363
2026-09-13 16:51:14.399,sensor-05,20.84,60.3,1021.88,1.46
2026-09-13 16:51:15.399,sensor-03,32.95,48.56,1023.03,0.894
2026-09-13 16:51:16.399,sensor-05,28.72,71.36,1006.0,0.243
2026-09-13 16:51:17.399,sensor-05,29.55,45.7,1016.08,0.263
2026-09-13 16:51:18.399,sensor-04,20.47,59.5,1008.03,0.237
2026-09-13 16:51:19.399,sensor-04,24.34,45.72,1013.62,1.155
2026-09-13 16:51:20.399,sensor-04,27.08,68.44,1020.83,1.042
2026-09-13 16:51:21.399,sensor-01,24.35,52.79,1009.88,1.431
2026-09-13 16:51:22.399,sensor-03,28.12,79.65,1015.47,0.392
2026-09-13 16:51:23.399,sensor-02,20.72,57.25,1006.02,1.246
2026-09-13 16:51:24.399,sensor-04,32.3,41.45,1023.23,0.159
2026-09-13 16:51:25.399,sensor-01,33.09,73.25,1014.86,0.15
2026-09-13 16:51:26.399,sensor-02,29.27,62.29,1015.79,1.455
2026-09-13 16:51:27.399,sensor-03,21.38,45.36,1018.01,1.475
2026-09-13 16:51:28.399,sensor-05,21.47,54.12,1009.63,1.495
2026-09-13 16:51:29.399,sensor-01,25.06,41.94,1016.33,1.042
2026-09-13 16:51:30.399,sensor-01,25.03,76.11,1020.67,0.904
2026-09-13 16:51:31.399,sensor-04,76.04,15.41,955.33,14.742
2026-09-13 16:51:32.399,sensor-05,23.37,65.88,1016.7,0.106
2026-09-13 16:51:33.399,sensor-03,23.32,76.05,1020.96,1.367
2026-09-13 16:51:34.399,sensor-01,25.41,68.36,1008.08,1.094
2026-09-13 16:51:35.399,sensor-04,22.67,60.73,1017.16,0.824
2026-09-13 16:51:36.399,sensor-03,31.67,66.0,1014.37,0.71
2026-09-13 16:51:37.399,sensor-01,20.77,66.67,1005.11,1.304
2026-09-13 16:51:38.399,sensor-03,32.71,66.83,1003.53,1.137
2026-09-13 16:51:39.399,sensor-01,20.61,49.8,1014.94,0.681
2026-09-13 16:51:40.399,sensor-03,31.82,42.84,1011.02,1.304
2026-09-13 16:51:41.399,sensor-02,27.56,40.86,1005.6,0.749
2026-09-13 16:51:42.399,sensor-04,29.18,75.21,1021.37,13.545
2026-09-13 16:51:43.399,sensor-02,25.21,46.34,1017.33,0.492
2026-09-13 16:51:44.399,sensor-02,27.55,70.02,1006.74,1.111
2026-09-13 16:51:45.399,sensor-03,25.39,45.82,1008.32,1.331
2026-09-13 16:51:46.399,sensor-05,34.37,44.3,1009.05,0.949
2026-09-13 16:51:47.399,sensor-01,22.12,65.14,1007.32,1.002
2026-09-13 16:51:48.399,sensor-01,21.15,73.78,1000.94,1.358
2026-09-13 16:51:49.399,sensor-04,34.76,72.88,1001.11,9.519
2026-09-13 16:51:50.399,sensor-04,27.22,67.09,1011.24,0.16
2026-09-13 16:51:51.399,sensor-02,34.89,53.83,1008.12,0.314
2026-09-13 16:51:52.399,sensor-02,29.7,41.68,1001.66,1.103
2026-09-13 16:51:53.399,sensor-05,30.2,49.24,1024.62,0.882
2026-09-13 16:51:54.399,sensor-01,26.08,53.43,1018.88,1.147
2026-09-13 16:51:55.399,sensor-05,20.24,47.01,1001.26,1.286
2026-09-13 16:51:56.399,sensor-01,25.31,43.09,1024.47,0.541
2026-09-13 16:51:57.399,sensor-05,30.24,62.64,1011.89,1.062
2026-09-13 16:51:58.399,sensor-01,33.62,54.72,1008.83,0.669
2026-09-13 16:51:59.399,sensor-05,25.64,54.95,1001.59,0.683
2026-09-13 16:52:00.399,sensor-05,25.02,78.43,1017.11,1.159
2026-09-13 16:52:01.399,sensor-05,23.58,62.69,1001.02,0.241
2026-09-13 16:52:02.399,sensor-05,32.48,50.26,1018.73,5.544
2026-09-13 16:52:03.399,sensor-03,27.46,50.82,1000.16,0.895
2026-09-13 16:52:04.399,sensor-05,64.32,10.99,975.84,13.456
2026-09-13 16:52:05.399,sensor-02,30.91,73.17,1003.11,1.165
2026-09-13 16:52:06.399,sensor-05,25.55,42.17,1010.36,1.159
2026-09-13 16:52:07.399,sensor-03,31.45,41.41,1004.43,0.889
2026-09-13 16:52:08.399,sensor-04,34.44,66.39,1010.43,0.859
2026-09-13 16:52:09.399,sensor-04,30.09,72.13,1007.54,1.142
2026-09-13 16:52:10.399,sensor-04,33.22,76.01,1002.91,1.262
2026-09-13 16:52:11.399,sensor-04,27.18,67.3,1012.11,0.576
2026-09-13 16:52:12.399,sensor-04,28.74,61.14,1017.64,0.664
2026-09-13 16:52:13.399,sensor-01,28.06,68.94,1007.48,0.297
2026-09-13 16:52:14.399,sensor-05,29.28,71.46,1024.22,0.897
2026-09-13 16:52:15.399,sensor-01,29.58,76.58,1017.25,0.137
2026-09-13 16:52:16.399,sensor-04,26.03,79.5,1018.04,1.256
2026-09-13 16:52:17.399,sensor-04,20.59,70.98,1009.66,1.317
2026-09-13 16:52:18.399,sensor-05,31.69,71.77,1007.41,0.669
2026-09-13 16:52:19.399,sensor-05,32.46,65.84,1015.32,0.445
2026-09-13 16:52:20.399,sensor-03,34.93,74.52,1013.15,1.232
2026-09-13 16:52:21.399,sensor-01,21.52,65.23,1018.17,0.174
2026-09-13 16:52:22.399,sensor-03,20.94,56.96,1012.05,1.391
2026-09-13 16:52:23.399,sensor-03,22.53,40.3,1003.04,1.151
2026-09-13 16:52:24.399,sensor-01,34.0,71.5,1002.86,0.477
2026-09-13 16:52:25.399,sensor-04,30.39,77.82,1001.91,1.186
2026-09-13 16:52:26.399,sensor-02,31.26,68.44,1000.05,0.383
2026-09-13 16:52:27.399,sensor-01,21.89,53.06,1004.6,0.256
2026-09-13 16:52:28.399,sensor-01,28.04,67.71,1001.44,0.987
2026-09-13 16:52:29.399,sensor-02,32.5,71.91,1019.85,0.658
2026-09-13 16:52:30.399,sensor-04,25.68,43.23,1001.67,0.452
2026-09-13 16:52:31.399,sensor-04,33.91,80.0,1003.59,1.42
2026-09-13 16:52:32.399,sensor-03,34.32,68.55,1014.84,0.393
2026-09-13 16:52:33.399,sensor-03,33.67,48.6,1000.81,0.473
2026-09-13 16:52:34.399,sensor-02,34.04,56.74,1022.23,0.933
2026-09-13 16:52:35.399,sensor-05,22.4,50.84,1021.68,1.192
2026-09-13 16:52:36.399,sensor-05,32.29,44.48,1015.15,1.218
2026-09-13 16:52:37.399,sensor-01,21.37,48.98,1010.33,0.452
2026-09-13 16:52:38.399,sensor-04,27.61,46.2,1014.66,0.187
2026-09-13 16:52:39.399,sensor-04,31.89,75.6,1006.13,1.303
2026-09-13 16:52:40.399,sensor-04,34.73,49.85,1001.72,1.281
2026-09-13 16:52:41.399,sensor-03,25.2,42.21,1001.62,0.227
2026-09-13 16:52:42.399,sensor-05,24.22,72.68,1000.49,0.551
2026-09-13 16:52:43.399,sensor-02,22.78,51.36,1020.66,0.27
2026-09-13 16:52:44.399,sensor-05,26.07,66.31,1003.18,0.408
2026-09-13 16:52:45.399,sensor-05,30.13,51.73,1022.12,1.194
2026-09-13 16:52:46.399,sensor-03,29.29,69.27,1003.37,1.294
2026-09-13 16:52:47.399,sensor-03,34.03,78.22,1000.77,0.638
2026-09-13 16:52:48.399,sensor-03,32.34,45.64,1015.56,1.42
2026-09-13 16:52:49.399,sensor-01,20.15,78.9,1003.06,0.852
2026-09-13 16:52:50.399,sensor-04,20.56,49.53,1007.51,1.382
2026-09-13 16:52:51.399,sensor-04,30.62,67.04,1009.81,0.12
2026-09-13 16:52:52.399,sensor-03,34.12,49.95,1017.46,1.257
2026-09-13 16:52:53.399,sensor-03,24.4,77.25,1015.2,0.812
2026-09-13 16:52:54.399,sensor-02,32.19,66.0,1019.98,1.298
2026-09-13 16:52:55.399,sensor-04,20.55,51.91,1021.95,0.978
2026-09-13 16:52:56.399,sensor-04,27.57,18.21,1019.05,0.629
2026-09-13 16:52:57.399,sensor-04,26.74,61.85,1005.11,0.677
2026-09-13 16:52:58.399,sensor-04,23.16,73.85,1009.06,1.241
2026-09-13 16:52:59.399,sensor-01,25.42,46.33,1017.34,1.376
2026-09-13 16:53:00.399,sensor-03,31.68,74.47,1019.42,0.896
2026-09-13 16:53:01.399,sensor-03,21.06,68.22,1018.04,0.413
2026-09-13 16:53:02.399,sensor-05,20.79,69.44,1024.21,0.533
2026-09-13 16:53:03.399,sensor-05,31.16,78.15,1016.35,0.793
2026-09-13 16:53:04.399,sensor-01,26.18,53.0,1002.06,0.629
2026-09-13 16:53:05.399,sensor-05,34.63,48.26,1014.29,0.906
2026-09-13 16:53:06.399,sensor-05,28.72,54.51,1023.56,0.457
2026-09-13 16:53:07.399,sensor-05,31.04,48.59,1006.51,1.46
2026-09-13 16:53:08.399,sensor-01,21.76,79.14,1019.42,1.145
2026-09-13 16:53:09.399,sensor-03,32.61,53.15,1004.82,0.115
2026-09-13 16:53:10.399,sensor-03,24.41,74.55,1007.09,0.312
2026-09-13 16:53:11.399,sensor-05,30.28,77.14,1004.05,0.744
2026-09-13 16:53:12.399,sensor-01,27.18,71.65,1021.12,0.106
2026-09-13 16:53:13.399,sensor-05,28.84,51.85,1009.72,0.552
2026-09-13 16:53:14.399,sensor-01,26.67,10.57,1011.61,0.823
2026-09-13 16:53:15.399,sensor-01,33.27,71.63,1002.75,0.793
2026-09-13 16:53:16.399,sensor-03,30.46,79.89,1002.41,0.822
2026-09-13 16:53:17.399,sensor-04,28.44,46.68,1015.96,0.162
2026-09-13 16:53:18.399,sensor-04,24.96,79.56,1020.72,0.855
2026-09-13 16:53:19.399,sensor-02,32.45,45.52,1014.78,0.913
2026-09-13 16:53:20.399,sensor-05,27.38,43.1,1011.98,1.203
2026-09-13 16:53:21.399,sensor-03,20.41,52.13,1017.05,0.22
2026-09-13 16:53:22.399,sensor-01,27.14,45.66,1002.73,1.077
2026-09-13 16:53:23.399,sensor-02,22.32,63.7,1001.09,0.146
2026-09-13 16:53:24.399,sensor-02,28.17,79.74,1010.87,0.906
2026-09-13 16:53:25.399,sensor-05,27.25,71.24,1013.72,0.992
2026-09-13 16:53:26.399,sensor-01,33.51,59.91,1015.17,0.73
2026-09-13 16:53:27.399,sensor-01,20.99,77.81,1015.6,1.323
2026-09-13 16:53:28.399,sensor-02,25.04,49.24,1012.45,1.411
2026-09-13 16:53:29.399,sensor-04,27.43,53.95,1015.29,0.957
2026-09-13 16:53:30.399,sensor-03,20.4,43.04,1024.34,1.145
2026-09-13 16:53:31.399,sensor-04,25.09,61.4,1008.05,1.373
2026-09-13 16:53:32.399,sensor-04,22.63,44.21,1003.89,0.841
2026-09-13 16:53:33.399,sensor-02,34.99,64.91,1013.34,1.202
2026-09-13 16:53:34.399,sensor-05,31.38,61.18,1000.57,0.383
2026-09-13 16:53:35.399,sensor-02,34.12,65.54,1012.75,0.784
2026-09-13 16:53:36.399,sensor-02,21.42,67.08,1008.23,0.556
2026-09-13 16:53:37.399,sensor-04,23.64,76.87,1021.17,1.488
2026-09-13 16:53:38.399,sensor-03,25.71,12.97,1000.4,1.491
2026-09-13 16:53:39.399,sensor-04,33.71,65.77,1014.92,0.521
2026-09-13 16:53:40.399,sensor-01,31.25,60.62,1019.49,0.197
2026-09-13 16:53:41.399,sensor-05,24.85,64.87,1013.0,1.411
2026-09-13 16:53:42.399,sensor-01,24.49,74.5,1016.66,0.86
2026-09-13 16:53:43.399,sensor-03,34.02,66.84,1023.23,1.461
2026-09-13 16:53:44.399,sensor-02,29.15,66.25,1020.98,1.023
2026-09-13 16:53:45.399,sensor-05,29.91,74.8,1010.62,0.765
2026-09-13 16:53:46.399,sensor-01,31.65,43.14,1010.18,1.178
2026-09-13 16:53:47.399,sensor-01,23.97,58.59,1005.57,0.138
2026-09-13 16:53:48.399,sensor-04,29.74,56.64,1009.25,1.48
2026-09-13 16:53:49.399,sensor-04,24.31,73.21,1020.59,0.475
2026-09-13 16:53:50.399,sensor-04,30.23,57.7,1019.34,0.53
2026-09-13 16:53:51.399,sensor-05,22.68,45.91,1003.55,1.497
2026-09-13 16:53:52.399,sensor-03,22.85,67.79,1018.99,0.838
2026-09-13 16:53:53.399,sensor-01,29.31,64.26,1008.03,1.359
2026-09-13 16:53:54.399,sensor-04,23.7,43.53,1002.68,1.356
2026-09-13 16:53:55.399,sensor-05,21.8,79.36,1020.83,0.263
2026-09-13 16:53:56.399,sensor-05,32.05,43.12,1006.55,1.222
2026-09-13 16:53:57.399,sensor-04,33.35,62.4,1019.49,0.582
2026-09-13 16:53:58.399,sensor-01,30.2,62.99,1024.81,0.758
2026-09-13 16:53:59.399,sensor-03,23.91,53.21,1024.47,0.649
2026-09-13 16:54:00.399,sensor-04,28.51,75.59,1018.94,0.213
2026-09-13 16:54:01.399,sensor-04,22.42,60.14,1007.94,0.191
2026-09-13 16:54:02.399,sensor-01,33.94,69.9,1005.03,1.484
2026-09-13 16:54:03.399,sensor-05,20.64,46.94,1016.93,1.37
2026-09-13 16:54:04.399,sensor-03,24.76,63.53,1024.99,1.22
2026-09-13 16:54:05.399,sensor-04,33.16,60.28,1003.1,1.093
2026-09-13 16:54:06.399,sensor-04,27.28,51.0,1019.61,1.249
2026-09-13 16:54:07.399,sensor-05,25.55,44.3,1004.16,0.792
2026-09-13 16:54:08.399,sensor-01,30.78,71.8,1013.74,1.351
2026-09-13 16:54:09.399,sensor-03,21.34,49.25,1016.44,0.668
2026-09-13 16:54:10.399,sensor-05,30.0,64.21,1003.95,0.5
2026-09-13 16:54:11.399,sensor-03,56.03,7.1,951.92,8.195
2026-09-13 16:54:12.399,sensor-04,21.73,44.46,1003.11,0.478
2026-09-13 16:54:13.399,sensor-02,20.21,51.06,1024.91,0.571
2026-09-13 16:54:14.399,sensor-03,23.44,62.39,1010.02,1.356
2026-09-13 16:54:15.399,sensor-04,30.7,48.63,1011.85,0.528
2026-09-13 16:54:16.399,sensor-01,29.94,52.93,1012.03,0.552
2026-09-13 16:54:17.399,sensor-01,30.12,63.82,1006.1,0.161
2026-09-13 16:54:18.399,sensor-03,29.28,59.54,966.0,0.978
2026-09-13 16:54:19.399,sensor-03,21.44,69.84,1005.9,0.176
2026-09-13 16:54:20.399,sensor-01,32.98,49.63,1017.19,0.107
2026-09-13 16:54:21.399,sensor-04,31.89,55.72,955.61,1.277
2026-09-13 16:54:22.399,sensor-03,28.95,40.2,1014.38,0.63
2026-09-13 16:54:23.399,sensor-03,33.6,57.63,1013.86,0.748
2026-09-13 16:54:24.399,sensor-04,33.28,72.46,1023.69,0.755
2026-09-13 16:54:25.399,sensor-05,22.53,79.07,1014.51,0.466
2026-09-13 16:54:26.399,sensor-03,34.25,70.8,1021.93,0.865
2026-09-13 16:54:27.399,sensor-04,31.36,44.2,1001.35,1.477
2026-09-13 16:54:28.399,sensor-05,20.94,50.77,1022.54,0.225
2026-09-13 16:54:29.399,sensor-04,25.12,75.19,1012.95,0.507
2026-09-13 16:54:30.399,sensor-01,30.97,64.73,1015.02,0.713
2026-09-13 16:54:31.399,sensor-04,20.98,77.88,1010.41,0.794
2026-09-13 16:54:32.399,sensor-05,31.94,43.83,1015.2,0.778
2026-09-13 16:54:33.399,sensor-02,34.96,69.77,1021.62,0.804
2026-09-13 16:54:34.399,sensor-04,31.24,49.1,1012.58,0.259
2026-09-13 16:54:35.399,sensor-05,33.23,45.79,1020.28,0.622
2026-09-13 16:54:36.399,sensor-05,31.71,73.04,1006.53,0.606
2026-09-13 16:54:37.399,sensor-05,31.66,71.6,1018.5,0.424
2026-09-13 16:54:38.399,sensor-05,28.31,70.18,1014.98,1.394
2026-09-13 16:54:39.399,sensor-05,23.92,75.39,1007.5,0.717
2026-09-13 16:54:40.399,sensor-02,24.36,66.75,1024.99,0.283
2026-09-13 16:54:41.399,sensor-04,27.9,56.42,1018.75,0.877
2026-09-13 16:54:42.399,sensor-04,34.78,72.43,1001.67,1.191
2026-09-13 16:54:43.399,sensor-03,21.35,64.22,1018.77,0.376
2026-09-13 16:54:44.399,sensor-03,26.2,75.04,1004.22,1.18
2026-09-13 16:54:45.399,sensor-04,26.72,61.58,1003.84,0.373
2026-09-13 16:54:46.399,sensor-02,32.1,64.65,1001.41,0.601
2026-09-13 16:54:47.399,sensor-04,24.16,68.79,1002.35,1.403
2026-09-13 16:54:48.399,sensor-03,28.55,54.54,1018.13,0.12
2026-09-13 16:54:49.399,sensor-02,22.83,65.41,1022.27,0.189
2026-09-13 16:54:50.399,sensor-05,21.15,45.73,1008.75,0.261
2026-09-13 16:54:51.399,sensor-02,27.56,56.43,1018.12,0.51
2026-09-13 16:54:52.399,sensor-04,25.2,61.59,1006.49,1.479
2026-09-13 16:54:53.399,sensor-01,33.45,79.12,1013.39,1.122
2026-09-13 16:54:54.399,sensor-01,34.29,58.27,1022.35,1.018
2026-09-13 16:54:55.399,sensor-05,26.26,47.83,1004.25,9.499
2026-09-13 16:54:56.399,sensor-02,27.35,51.98,1002.14,0.924
2026-09-13 16:54:57.399,sensor-04,28.34,48.68,1011.54,0.531
2026-09-13 16:54:58.399,sensor-05,31.55,40.48,1006.72,0.844
2026-09-13 16:54:59.399,sensor-05,74.65,11.46,959.63,11.066
2026-09-13 16:55:00.399,sensor-04,27.85,45.98,1023.04,0.258
2026-09-13 16:55:01.399,sensor-02,26.64,77.86,1022.87,0.669
2026-09-13 16:55:02.399,sensor-01,21.24,54.24,1015.24,0.113
2026-09-13 16:55:03.399,sensor-02,34.63,74.34,1005.81,0.839
2026-09-13 16:55:04.399,sensor-02,33.85,79.91,1006.06,0.397
2026-09-13 16:55:05.399,sensor-01,26.69,43.57,1003.69,0.695
2026-09-13 16:55:06.399,sensor-05,31.27,61.45,1010.82,1.263
2026-09-13 16:55:07.399,sensor-03,33.31,41.96,1023.08,0.294
2026-09-13 16:55:08.399,sensor-01,32.23,63.36,1000.48,1.184
2026-09-13 16:55:09.399,sensor-03,28.1,53.28,1018.98,1.295
2026-09-13 16:55:10.399,sensor-04,33.75,67.57,1008.05,0.749
2026-09-13 16:55:11.399,sensor-05,26.88,49.84,1020.18,0.954
2026-09-13 16:55:12.399,sensor-01,20.02,71.57,1013.56,1.404
2026-09-13 16:55:13.399,sensor-02,23.22,67.94,1017.52,0.192
2026-09-13 16:55:14.399,sensor-02,23.82,41.26,1015.68,1.124
2026-09-13 16:55:15.399,sensor-03,31.89,70.48,1010.24,0.196
2026-09-13 16:55:16.399,sensor-01,34.38,72.71,1001.96,0.819
2026-09-13 16:55:17.399,sensor-01,20.48,52.89,1003.19,0.412
2026-09-13 16:55:18.399,sensor-03,27.03,60.81,1009.25,0.798
2026-09-13 16:55:19.399,sensor-05,34.47,42.71,1014.65,0.371
2026-09-13 16:55:20.399,sensor-03,31.4,79.11,1012.34,0.46
2026-09-13 16:55:21.399,sensor-01,23.32,60.31,1021.17,0.665
2026-09-13 16:55:22.399,sensor-01,20.84,79.45,1004.47,0.57
2026-09-13 16:55:23.399,sensor-05,25.62,43.89,1004.92,0.791
2026-09-13 16:55:24.399,sensor-04,24.68,77.61,1007.07,0.564
2026-09-13 16:55:25.399,sensor-05,32.61,52.68,1009.88,1.279
2026-09-13 16:55:26.399,sensor-02,27.97,73.16,1014.12,0.786
2026-09-13 16:55:27.399,sensor-02,21.75,71.2,1003.18,1.126
2026-09-13 16:55:28.399,sensor-02,28.15,75.18,1011.8,0.109
2026-09-13 16:55:29.399,sensor-02,29.49,67.12,1010.04,0.44
2026-09-13 16:55:30.399,sensor-02,21.11,56.38,1013.48,1.452
2026-09-13 16:55:31.399,sensor-05,23.12,73.29,1007.29,1.443
2026-09-13 16:55:32.399,sensor-05,33.18,74.56,1000.98,1.29
2026-09-13 16:55:33.399,sensor-03,25.01,59.6,1016.0,1.421
2026-09-13 16:55:34.399,sensor-03,29.68,47.43,1010.6,1.208
2026-09-13 16:55:35.399,sensor-04,31.75,60.39,1009.5,1.14
2026-09-13 16:55:36.399,sensor-05,34.23,75.21,1022.11,0.815
2026-09-13 16:55:37.399,sensor-02,32.3,51.33,1021.25,0.381
2026-09-13 16:55:38.399,sensor-03,32.65,59.73,1015.21,1.398
2026-09-13 16:55:39.399,sensor-01,23.3,43.64,1014.75,0.956
2026-09-13 16:55:40.399,sensor-01,20.41,75.82,1017.39,0.259
2026-09-13 16:55:41.399,sensor-02,22.43,72.28,1018.08,0.994
2026-09-13 16:55:42.399,sensor-05,25.0,52.89,1010.64,1.486
2026-09-13 16:55:43.399,sensor-02,28.2,72.38,1004.45,0.668
2026-09-13 16:55:44.399,sensor-05,22.32,58.08,1022.64,1.116
2026-09-13 16:55:45.399,sensor-03,23.86,47.49,1009.36,0.457
2026-09-13 16:55:46.399,sensor-04,32.53,46.84,1007.75,1.176
2026-09-13 16:55:47.399,sensor-03,22.18,55.32,1004.66,0.21
2026-09-13 16:55:48.399,sensor-05,20.85,62.64,1014.08,0.843
2026-09-13 16:55:49.399,sensor-05,20.26,41.9,1012.78,1.456
2026-09-13 16:55:50.399,sensor-03,34.73,71.16,1019.25,0.807
2026-09-13 16:55:51.399,sensor-02,28.72,66.27,1019.69,0.669
2026-09-13 16:55:52.399,sensor-05,28.81,48.88,1019.37,0.551
2026-09-13 16:55:53.399,sensor-01,21.3,72.3,1023.98,0.232
2026-09-13 16:55:54.399,sensor-05,21.64,49.87,1009.8,1.271
2026-09-13 16:55:55.399,sensor-05,22.05,50.25,1011.68,0.155
2026-09-13 16:55:56.399,sensor-01,31.71,69.35,1021.64,0.321
2026-09-13 16:55:57.399,sensor-04,31.72,60.63,1003.27,0.238
2026-09-13 16:55:58.399,sensor-03,33.94,73.35,1018.09,1.475
2026-09-13 16:55:59.399,sensor-02,21.39,43.1,1020.4,0.605
2026-09-13 16:56:00.399,sensor-01,22.98,70.93,1021.19,1.314
2026-09-13 16:56:01.399,sensor-02,25.73,65.86,1022.97,0.435
2026-09-13 16:56:02.399,sensor-01,31.21,45.1,1025.0,0.229
2026-09-13 16:56:03.399,sensor-03,31.66,50.32,1006.37,0.935
2026-09-13 16:56:04.399,sensor-04,28.7,46.98,1023.1,0.333
2026-09-13 16:56:05.399,sensor-05,33.8,76.52,1004.2,0.434
2026-09-13 16:56:06.399,sensor-02,30.96,60.9,1006.65,0.675
2026-09-13 16:56:07.399,sensor-02,31.78,54.78,1002.62,0.595
2026-09-13 16:56:08.399,sensor-04,33.19,78.48,1013.23,1.332
2026-09-13 16:56:09.399,sensor-01,28.39,61.58,1019.22,1.182
2026-09-13 16:56:10.399,sensor-05,33.37,77.93,1011.44,1.482
2026-09-13 16:56:11.399,sensor-01,29.8,57.29,1021.06,1.17
2026-09-13 16:56:12.399,sensor-05,23.74,65.67,1008.03,0.741
2026-09-13 16:56:13.399,sensor-01,25.02,55.07,1001.42,0.156
2026-09-13 16:56:14.399,sensor-02,20.32,43.26,1004.9,0.167
2026-09-13 16:56:15.399,sensor-02,28.53,55.76,1013.32,0.258
2026-09-13 16:56:16.399,sensor-05,21.96,46.1,1015.72,0.313
2026-09-13 16:56:17.399,sensor-04,30.06,64.75,1005.44,1.252
2026-09-13 16:56:18.399,sensor-02,31.08,64.56,1015.0,1.061
2026-09-13 16:56:19.399,sensor-05,33.11,62.75,1010.03,1.173
2026-09-13 16:56:20.399,sensor-04,24.2,59.22,1018.48,0.979
2026-09-13 16:56:21.399,sensor-03,26.7,72.47,1024.92,0.754
2026-09-13 16:56:22.399,sensor-02,27.35,42.94,1021.61,0.854
2026-09-13 16:56:23.399,sensor-02,25.96,41.13,1012.97,0.766
2026-09-13 16:56:24.399,sensor-04,26.17,62.87,1022.13,0.609
2026-09-13 16:56:25.399,sensor-04,32.99,54.32,1010.98,1.221
2026-09-13 16:56:26.399,sensor-05,27.06,59.16,1001.07,0.376
2026-09-13 16:56:27.399,sensor-01,22.81,58.14,1007.08,0.129
2026-09-13 16:56:28.399,sensor-04,25.07,71.06,1003.65,0.228
2026-09-13 16:56:29.399,sensor-03,33.82,56.26,1010.5,1.291
2026-09-13 16:56:30.399,sensor-01,21.72,45.25,1019.52,0.943
2026-09-13 16:56:31.399,sensor-04,22.43,44.94,1018.53,1.34
2026-09-13 16:56:32.399,sensor-04,24.25,63.43,1010.95,0.223
2026-09-13 16:56:33.399,sensor-05,32.7,42.07,1011.93,1.323
2026-09-13 16:56:34.399,sensor-03,22.57,73.94,1003.83,0.488
2026-09-13 16:56:35.399,sensor-02,26.89,65.17,1020.68,0.746
2026-09-13 16:56:36.399,sensor-03,29.07,47.01,1004.75,0.907
2026-09-13 16:56:37.399,sensor-05,23.07,59.36,1008.91,0.714
2026-09-13 16:56:38.399,sensor-01,24.81,74.76,1020.13,0.242
2026-09-13 16:56:39.399,sensor-03,27.39,51.1,1020.59,0.781
2026-09-13 16:56:40.399,sensor-01,34.55,70.68,1018.3,1.416
2026-09-13 16:56:41.399,sensor-03,22.23,59.88,1020.38,1.303
2026-09-13 16:56:42.399,sensor-04,23.7,49.22,1014.66,0.69
2026-09-13 16:56:43.399,sensor-01,31.42,61.29,1013.01,0.365
2026-09-13 16:56:44.399,sensor-04,32.78,47.09,1020.31,1.203
2026-09-13 16:56:45.399,sensor-02,28.73,54.07,1019.28,0.772
2026-09-13 16:56:46.399,sensor-03,26.87,60.21,1022.44,0.676
2026-09-13 16:56:47.399,sensor-05,34.44,49.68,1000.28,1.29
2026-09-13 16:56:48.399,sensor-04,26.11,61.75,1020.8,1.339
2026-09-13 16:56:49.399,sensor-05,33.02,64.69,962.8,0.252
2026-09-13 16:56:50.399,sensor-03,30.73,40.07,1019.83,0.775
2026-09-13 16:56:51.399,sensor-03,31.83,65.18,1013.01,1.428
2026-09-13 16:56:52.399,sensor-05,33.39,41.44,1016.44,1.376
2026-09-13 16:56:53.399,sensor-03,27.08,72.42,1008.38,1.412
2026-09-13 16:56:54.399,sensor-03,21.12,70.88,1010.12,0.598
2026-09-13 16:56:55.399,sensor-05,28.58,79.68,1008.59,0.68
2026-09-13 16:56:56.399,sensor-01,26.46,42.48,1000.01,0.734
2026-09-13 16:56:57.399,sensor-03,27.77,57.82,1013.17,1.186
2026-09-13 16:56:58.399,sensor-04,32.57,48.5,1011.45,1.263
2026-09-13 16:56:59.399,sensor-03,27.39,70.58,1024.79,0.696
2026-09-13 16:57:00.399,sensor-04,32.51,68.42,1003.63,0.553
2026-09-13 16:57:01.399,sensor-04,31.71,46.23,1005.42,1.142
2026-09-13 16:57:02.399,sensor-03,27.47,61.84,1008.48,1.215
2026-09-13 16:57:03.399,sensor-04,29.69,60.29,1021.81,0.383
2026-09-13 16:57:04.399,sensor-01,22.82,79.62,1000.82,0.874
2026-09-13 16:57:05.399,sensor-03,22.22,47.75,1001.52,0.111
2026-09-13 16:57:06.399,sensor-04,26.8,41.82,1023.47,1.032
2026-09-13 16:57:07.399,sensor-03,27.34,62.8,1021.44,0.926
2026-09-13 16:57:08.399,sensor-02,30.9,79.54,1013.77,1.05
2026-09-13 16:57:09.399,sensor-04,20.37,45.1,1005.69,0.48
2026-09-13 16:57:10.399,sensor-02,30.84,45.73,1010.66,0.44
2026-09-13 16:57:11.399,sensor-05,22.46,56.66,1023.82,1.02
2026-09-13 16:57:12.399,sensor-03,25.37,48.39,1017.28,0.292
2026-09-13 16:57:13.399,sensor-04,24.57,59.95,1019.98,1.409
2026-09-13 16:57:14.399,sensor-05,31.85,47.78,1022.59,1.061
2026-09-13 16:57:15.399,sensor-04,30.86,69.69,1008.62,1.136
2026-09-13 16:57:16.399,sensor-05,25.21,48.32,1022.2,0.969
2026-09-13 16:57:17.399,sensor-05,22.04,72.42,1012.27,0.16
2026-09-13 16:57:18.399,sensor-02,31.67,48.59,1023.09,1.409
2026-09-13 16:57:19.399,sensor-01,22.8,70.16,1022.85,0.401
2026-09-13 16:57:20.399,sensor-01,22.32,59.12,1016.06,0.126
2026-09-13 16:57:21.399,sensor-04,26.83,75.82,1003.37,0.172
2026-09-13 16:57:22.399,sensor-05,28.0,50.67,1024.04,0.455
2026-09-13 16:57:23.399,sensor-05,33.84,61.45,1000.48,0.598
2026-09-13 16:57:24.399,sensor-03,27.67,67.3,1009.81,0.852
2026-09-13 16:57:25.399,sensor-05,22.94,13.33,1000.93,0.311
2026-09-13 16:57:26.399,sensor-04,27.97,56.57,1013.23,0.372
2026-09-13 16:57:27.399,sensor-05,34.71,61.62,1009.36,1.208
2026-09-13 16:57:28.399,sensor-02,34.1,47.45,1002.8,0.865
2026-09-13 16:57:29.399,sensor-04,28.96,46.58,1018.03,0.439
2026-09-13 16:57:30.399,sensor-02,20.26,62.71,1005.07,0.98
2026-09-13 16:57:31.399,sensor-02,26.42,47.18,1010.72,0.291
2026-09-13 16:57:32.399,sensor-02,56.8,69.17,1004.17,0.216
2026-09-13 16:57:33.399,sensor-03,26.0,78.86,1019.81,0.209
2026-09-13 16:57:34.399,sensor-03,20.4,45.53,1013.24,0.207
2026-09-13 16:57:35.399,sensor-01,30.04,40.77,1024.24,0.633
2026-09-13 16:57:36.399,sensor-01,27.12,60.71,1010.5,0.781
2026-09-13 16:57:37.399,sensor-02,20.41,66.87,1015.43,1.036
2026-09-13 16:57:38.399,sensor-03,27.1,75.27,1011.1,0.769
2026-09-13 16:57:39.399,sensor-02,23.26,60.39,1001.72,0.431
2026-09-13 16:57:40.399,sensor-04,26.96,41.06,1001.52,1.387
2026-09-13 16:57:41.399,sensor-04,22.77,54.72,1007.64,1.199
2026-09-13 16:57:42.399,sensor-05,31.69,54.42,1021.74,0.701
2026-09-13 16:57:43.399,sensor-03,28.88,75.76,1011.44,1.402
2026-09-13 16:57:44.399,sensor-02,24.87,51.8,1000.53,1.289
2026-09-13 16:57:45.399,sensor-02,23.76,69.78,1023.31,1.243
2026-09-13 16:57:46.399,sensor-05,26.84,49.88,1023.1,0.266
2026-09-13 16:57:47.399,sensor-05,30.67,70.96,1008.48,0.514
2026-09-13 16:57:48.399,sensor-03,22.72,69.85,1011.88,1.34
2026-09-13 16:57:49.399,sensor-01,23.28,56.43,1002.97,1.065
2026-09-13 16:57:50.399,sensor-04,30.82,58.81,1021.08,0.948
2026-09-13 16:57:51.399,sensor-05,30.83,44.93,1020.82,0.528
2026-09-13 16:57:52.399,sensor-01,26.94,53.25,1002.71,0.379
2026-09-13 16:57:53.399,sensor-04,34.14,72.84,1010.06,1.201
2026-09-13 16:57:54.399,sensor-04,24.29,79.0,1023.21,0.257
2026-09-13 16:57:55.399,sensor-01,33.93,64.97,1004.16,1.244
2026-09-13 16:57:56.399,sensor-01,20.89,71.94,1019.71,0.775
2026-09-13 16:57:57.399,sensor-01,24.77,66.93,1005.77,0.731
2026-09-13 16:57:58.399,sensor-03,32.4,62.32,1014.42,1.342
2026-09-13 16:57:59.399,sensor-01,26.98,47.63,1002.08,0.509
2026-09-13 16:58:00.399,sensor-05,31.92,76.5,1010.57,0.691
2026-09-13 16:58:01.399,sensor-01,21.54,79.04,1003.19,1.159
2026-09-13 16:58:02.399,sensor-04,28.06,74.91,1023.4,0.436
2026-09-13 16:58:03.399,sensor-02,32.07,40.61,1013.38,1.116
2026-09-13 16:58:04.399,sensor-02,32.62,51.95,1021.33,0.553
2026-09-13 16:58:05.399,sensor-01,23.54,44.74,1016.87,0.303
2026-09-13 16:58:06.399,sensor-01,21.9,68.18,1007.14,0.532
2026-09-13 16:58:07.399,sensor-05,34.87,54.29,1023.66,0.957
2026-09-13 16:58:08.399,sensor-05,20.42,41.33,1001.86,1.226
2026-09-13 16:58:09.399,sensor-01,28.78,78.3,1014.18,1.126
2026-09-13 16:58:10.399,sensor-05,33.71,42.24,1007.07,0.735
2026-09-13 16:58:11.399,sensor-01,30.18,48.47,1000.21,14.054
2026-09-13 16:58:12.399,sensor-04,22.08,43.7,1020.44,1.235
2026-09-13 16:58:13.399,sensor-02,22.39,60.89,1003.04,1.214
2026-09-13 16:58:14.399,sensor-04,20.45,71.12,1005.74,1.28
2026-09-13 16:58:15.399,sensor-01,31.85,45.36,1016.59,1.191
2026-09-13 16:58:16.399,sensor-02,25.17,9.32,1015.83,0.162
2026-09-13 16:58:17.399,sensor-02,22.66,68.67,1000.59,1.394
2026-09-13 16:58:18.399,sensor-01,26.04,74.36,1015.45,0.898
2026-09-13 16:58:19.399,sensor-04,22.1,61.0,1002.9,0.723
2026-09-13 16:58:20.399,sensor-05,22.33,48.88,1020.33,0.458
2026-09-13 16:58:21.399,sensor-02,34.03,67.75,1014.39,1.277
2026-09-13 16:58:22.399,sensor-05,32.17,66.29,1021.61,0.974
2026-09-13 16:58:23.399,sensor-01,21.58,60.5,1024.29,1.163
2026-09-13 16:58:24.399,sensor-03,29.96,76.14,1018.39,0.462
2026-09-13 16:58:25.399,sensor-03,22.48,48.9,1007.13,0.343
2026-09-13 16:58:26.399,sensor-01,33.75,53.73,1020.69,0.19
2026-09-13 16:58:27.399,sensor-04,33.6,61.04,1015.86,0.605
2026-09-13 16:58:28.399,sensor-05,31.26,42.0,1000.91,1.325
2026-09-13 16:58:29.399,sensor-04,22.99,54.65,1007.34,0.786
2026-09-13 16:58:30.399,sensor-03,33.13,48.88,1008.44,1.272
2026-09-13 16:58:31.399,sensor-01,27.19,71.61,1008.4,0.197
2026-09-13 16:58:32.399,sensor-04,34.08,66.08,1017.05,1.407
2026-09-13 16:58:33.399,sensor-04,26.95,49.12,1020.81,1.058
2026-09-13 16:58:34.399,sensor-02,29.35,72.66,1006.76,1.175
2026-09-13 16:58:35.399,sensor-04,34.98,74.65,1021.89,1.053
2026-09-13 16:58:36.399,sensor-02,30.16,52.85,1013.82,0.856
2026-09-13 16:58:37.399,sensor-03,25.29,53.21,1005.62,0.714
2026-09-13 16:58:38.399,sensor-05,33.52,42.79,1020.94,0.438
2026-09-13 16:58:39.399,sensor-04,33.81,74.81,1017.53,0.312
2026-09-13 16:58:40.399,sensor-05,25.1,75.43,1021.81,0.54
2026-09-13 16:58:41.399,sensor-02,30.17,64.55,1012.77,1.33
2026-09-13 16:58:42.399,sensor-04,31.96,67.58,1007.03,0.69
2026-09-13 16:58:43.399,sensor-03,33.32,44.71,1003.3,0.764
2026-09-13 16:58:44.399,sensor-04,24.15,65.55,1010.26,1.283
2026-09-13 16:58:45.399,sensor-04,25.97,50.24,1011.78,1.109
2026-09-13 16:58:46.399,sensor-03,20.63,61.27,1015.9,0.22
2026-09-13 16:58:47.399,sensor-02,33.12,62.1,1003.8,1.135
2026-09-13 16:58:48.399,sensor-04,30.81,72.33,1014.39,0.48
2026-09-13 16:58:49.399,sensor-03,29.99,65.36,1010.01,1.161
2026-09-13 16:58:50.399,sensor-02,30.44,50.89,1011.73,0.706
2026-09-13 16:58:51.399,sensor-05,32.99,49.25,1018.71,1.319
2026-09-13 16:58:52.399,sensor-01,20.6,44.22,1015.16,0.69
2026-09-13 16:58:53.399,sensor-03,31.78,74.23,1018.79,1.34
2026-09-13 16:58:54.399,sensor-03,32.56,56.69,1021.31,1.354
2026-09-13 16:58:55.399,sensor-03,24.23,53.01,1003.31,0.166
2026-09-13 16:58:56.399,sensor-05,20.64,75.22,1016.25,1.281
2026-09-13 16:58:57.399,sensor-02,24.35,74.19,1003.05,1.078
2026-09-13 16:58:58.399,sensor-01,25.3,40.12,1011.98,0.28
2026-09-13 16:58:59.399,sensor-01,23.76,40.59,1024.82,0.998
2026-09-13 16:59:00.399,sensor-05,27.78,74.72,1003.6,1.21
2026-09-13 16:59:01.399,sensor-01,21.99,61.89,1002.25,0.495
2026-09-13 16:59:02.399,sensor-03,22.36,68.17,1012.38,0.996
2026-09-13 16:59:03.399,sensor-03,27.39,75.98,1009.9,0.999
2026-09-13 16:59:04.399,sensor-02,29.32,49.04,1003.05,0.927
2026-09-13 16:59:05.399,sensor-04,30.41,40.14,1019.35,0.946
2026-09-13 16:59:06.399,sensor-05,31.47,57.21,1016.9,0.962
2026-09-13 16:59:07.399,sensor-03,23.07,43.51,1018.33,0.638
2026-09-13 16:59:08.399,sensor-02,27.33,72.39,1018.49,1.17
2026-09-13 16:59:09.399,sensor-05,26.08,71.73,1012.24,0.429
2026-09-13 16:59:10.399,sensor-01,27.04,50.56,1009.56,0.324
2026-09-13 16:59:11.399,sensor-04,22.6,70.58,1015.05,1.112
2026-09-13 16:59:12.399,sensor-04,20.91,48.13,1019.22,1.156
2026-09-13 16:59:13.399,sensor-01,32.08,57.57,1017.34,0.481
2026-09-13 16:59:14.399,sensor-03,34.73,50.14,1019.6,0.947
2026-09-13 16:59:15.399,sensor-02,30.97,51.37,1001.19,1.324
2026-09-13 16:59:16.399,sensor-02,68.82,19.16,961.81,14.753
2026-09-13 16:59:17.399,sensor-05,31.33,59.4,1010.73,0.281
2026-09-13 16:59:18.399,sensor-01,26.44,49.51,1023.91,0.609
2026-09-13 16:59:19.399,sensor-02,25.63,45.49,1008.81,1.191
2026-09-13 16:59:20.399,sensor-03,32.31,40.17,1020.67,0.183
2026-09-13 16:59:21.399,sensor-05,34.21,72.77,1000.49,0.837
2026-09-13 16:59:22.399,sensor-04,25.4,58.83,969.32,0.795
2026-09-13 16:59:23.399,sensor-02,22.87,40.7,1023.05,0.879
2026-09-13 16:59:24.399,sensor-05,31.69,65.06,1010.33,0.979
2026-09-13 16:59:25.399,sensor-03,23.08,76.7,1012.74,0.427
2026-09-13 16:59:26.399,sensor-01,21.35,57.36,1021.65,1.175
2026-09-13 16:59:27.399,sensor-04,26.7,40.45,954.11,0.908
2026-09-13 16:59:28.399,sensor-01,23.8,40.15,1010.43,0.767
2026-09-13 16:59:29.399,sensor-01,22.99,60.94,1020.35,0.508
2026-09-13 16:59:30.399,sensor-03,23.51,53.51,1011.31,0.641
2026-09-13 16:59:31.399,sensor-03,32.73,56.12,1011.19,1.44
2026-09-13 16:59:32.399,sensor-05,31.44,50.57,1005.73,0.323
2026-09-13 16:59:33.399,sensor-02,24.6,67.03,1013.5,1.256
2026-09-13 16:59:34.399,sensor-01,25.08,60.8,1020.09,1.1
2026-09-13 16:59:35.399,sensor-02,32.13,57.4,1001.39,1.319
2026-09-13 16:59:36.399,sensor-05,25.88,63.54,1008.28,0.673
2026-09-13 16:59:37.399,sensor-02,31.12,51.21,1007.54,0.596
2026-09-13 16:59:38.399,sensor-03,30.24,67.03,1010.59,0.775
2026-09-13 16:59:39.399,sensor-01,27.82,75.08,1011.51,1.413
2026-09-13 16:59:40.399,sensor-04,30.62,67.26,1016.57,0.131
2026-09-13 16:59:41.399,sensor-03,27.5,60.97,1001.27,0.364
2026-09-13 16:59:42.399,sensor-02,25.91,47.57,1015.8,1.137
2026-09-13 16:59:43.399,sensor-01,28.43,51.03,1001.77,0.473
2026-09-13 16:59:44.399,sensor-05,21.19,55.53,1016.68,0.904
2026-09-13 16:59:45.399,sensor-02,26.95,50.68,1012.07,0.634
2026-09-13 16:59:46.399,sensor-01,27.44,78.36,1013.29,0.432
2026-09-13 16:59:47.399,sensor-02,23.66,70.05,1002.74,1.293
2026-09-13 16:59:48.399,sensor-04,34.48,9.12,1006.6,0.101
2026-09-13 16:59:49.399,sensor-03,27.27,76.88,1019.1,1.395
2026-09-13 16:59:50.399,sensor-02,26.7,62.64,1009.3,0.395
2026-09-13 16:59:51.399,sensor-04,24.88,57.85,1005.64,0.888
2026-09-13 16:59:52.399,sensor-03,33.13,61.13,1010.29,1.149
2026-09-13 16:59:53.399,sensor-05,27.42,54.26,1016.55,1.244
2026-09-13 16:59:54.399,sensor-03,26.86,66.73,1007.33,0.222
2026-09-13 16:59:55.399,sensor-01,27.64,54.93,1016.96,0.961
2026-09-13 16:59:56.399,sensor-02,69.13,10.56,961.44,12.227
2026-09-13 16:59:57.399,sensor-04,29.03,60.74,1022.16,0.251
2026-09-13 16:59:58.399,sensor-02,20.55,79.16,1018.35,0.403
2026-09-13 16:59:59.399,sensor-05,23.39,67.39,1008.76,1.388
2026-09-13 17:00:00.399,sensor-02,33.98,75.39,1007.33,0.776
2026-09-13 17:00:01.399,sensor-01,30.06,65.49,1016.51,1.389
2026-09-13 17:00:02.399,sensor-01,27.09,69.16,1012.3,0.539
2026-09-13 17:00:03.399,sensor-01,26.75,78.51,1008.8,1.104
2026-09-13 17:00:04.399,sensor-01,27.05,41.17,1019.75,1.128
2026-09-13 17:00:05.399,sensor-01,27.5,78.46,1007.12,1.366
2026-09-13 17:00:06.399,sensor-01,27.96,49.57,1021.98,1.043
2026-09-13 17:00:07.399,sensor-04,30.1,67.16,1018.68,1.038
2026-09-13 17:00:08.399,sensor-03,25.26,58.67,1011.01,0.566
2026-09-13 17:00:09.399,sensor-01,25.77,44.45,1020.76,1.159
2026-09-13 17:00:10.399,sensor-05,34.24,74.27,1000.73,0.62
2026-09-13 17:00:11.399,sensor-05,30.78,65.39,1016.96,1.174
2026-09-13 17:00:12.399,sensor-03,33.56,72.59,1008.45,1.239
2026-09-13 17:00:13.399,sensor-05,22.38,79.7,1010.72,0.745
2026-09-13 17:00:14.399,sensor-02,23.55,43.11,1013.07,0.38
2026-09-13 17:00:15.399,sensor-04,32.2,53.14,1014.48,0.247
2026-09-13 17:00:16.399,sensor-04,26.75,53.5,1007.77,0.253
2026-09-13 17:00:17.399,sensor-01,27.44,45.55,1005.59,0.331
2026-09-13 17:00:18.399,sensor-03,28.29,63.32,1009.91,0.518
2026-09-13 17:00:19.399,sensor-03,28.02,54.34,1003.42,1.379
2026-09-13 17:00:20.399,sensor-01,33.59,46.82,1002.44,0.343
2026-09-13 17:00:21.399,sensor-03,23.32,71.48,1016.08,0.826
2026-09-13 17:00:22.399,sensor-01,30.66,55.79,1013.37,0.172
2026-09-13 17:00:23.399,sensor-03,30.38,61.17,1012.41,0.572
2026-09-13 17:00:24.399,sensor-01,30.3,41.8,1000.04,0.143
2026-09-13 17:00:25.399,sensor-04,28.55,67.25,1010.52,0.672
2026-09-13 17:00:26.399,sensor-03,32.67,72.76,1020.59,1.282
2026-09-13 17:00:27.399,sensor-02,28.33,63.81,1018.18,0.379
2026-09-13 17:00:28.399,sensor-05,27.84,42.07,1010.14,0.325
2026-09-13 17:00:29.399,sensor-02,28.17,60.21,1012.26,0.126
2026-09-13 17:00:30.399,sensor-01,26.07,65.88,1003.15,1.383
2026-09-13 17:00:31.399,sensor-04,23.26,55.76,1002.42,0.131
2026-09-13 17:00:32.399,sensor-04,31.69,64.89,1022.67,1.354
2026-09-13 17:00:33.399,sensor-03,22.84,55.83,1008.53,0.836
2026-09-13 17:00:34.399,sensor-04,20.11,71.66,1009.83,0.107
2026-09-13 17:00:35.399,sensor-01,26.7,68.99,1021.96,0.148
2026-09-13 17:00:36.399,sensor-01,21.47,77.83,1020.14,0.611
2026-09-13 17:00:37.399,sensor-05,33.79,48.83,1000.35,1.254
2026-09-13 17:00:38.399,sensor-01,27.34,46.42,1015.07,1.007
2026-09-13 17:00:39.399,sensor-03,31.71,58.94,1017.66,0.996
2026-09-13 17:00:40.399,sensor-02,23.06,69.84,1016.05,0.493
2026-09-13 17:00:41.399,sensor-04,32.16,45.07,1004.06,0.862
2026-09-13 17:00:42.399,sensor-05,29.57,42.65,1011.09,0.411
2026-09-13 17:00:43.399,sensor-03,23.71,73.27,1018.03,1.369
2026-09-13 17:00:44.399,sensor-02,32.08,54.95,1009.48,1.48
2026-09-13 17:00:45.399,sensor-03,32.91,56.28,1014.65,0.731
2026-09-13 17:00:46.399,sensor-01,32.63,55.62,1014.55,1.3
2026-09-13 17:00:47.399,sensor-04,22.97,16.7,1012.39,0.464
2026-09-13 17:00:48.399,sensor-02,34.13,54.2,1009.98,0.328
2026-09-13 17:00:49.399,sensor-05,34.36,59.81,1005.24,0.902
2026-09-13 17:00:50.399,sensor-04,25.22,43.29,1001.83,0.63
2026-09-13 17:00:51.399,sensor-04,31.41,49.37,1018.36,0.669
2026-09-13 17:00:52.399,sensor-01,25.92,45.25,1021.34,1.276
2026-09-13 17:00:53.399,sensor-04,25.46,46.17,1016.24,1.164
2026-09-13 17:00:54.399,sensor-05,22.24,60.5,1000.6,0.226
2026-09-13 17:00:55.399,sensor-01,25.01,54.31,1017.45,0.562
2026-09-13 17:00:56.399,sensor-01,34.2,75.02,1003.11,0.608
2026-09-13 17:00:57.399,sensor-05,25.34,43.92,1018.17,1.096
2026-09-13 17:00:58.399,sensor-05,24.82,56.6,1006.69,0.504
2026-09-13 17:00:59.399,sensor-04,30.39,67.47,1013.05,0.591
2026-09-13 17:01:00.399,sensor-02,21.75,45.64,1003.16,1.126
2026-09-13 17:01:01.399,sensor-03,27.14,73.1,1003.04,0.637
2026-09-13 17:01:02.399,sensor-01,29.87,57.41,1005.61,1.425
2026-09-13 17:01:03.399,sensor-05,31.67,74.46,1000.42,0.768
2026-09-13 17:01:04.399,sensor-02,24.11,50.79,1009.73,0.675
2026-09-13 17:01:05.399,sensor-02,24.09,54.42,1017.16,0.1
2026-09-13 17:01:06.399,sensor-01,25.08,63.05,1019.04,0.815
2026-09-13 17:01:07.399,sensor-05,20.45,53.98,1023.17,1.272
2026-09-13 17:01:08.399,sensor-02,23.44,53.22,1021.45,1.078
2026-09-13 17:01:09.399,sensor-01,31.71,63.05,1024.09,0.669
2026-09-13 17:01:10.399,sensor-01,24.36,59.28,1008.07,0.202
2026-09-13 17:01:11.399,sensor-02,32.23,49.42,1011.47,1.042
2026-09-13 17:01:12.399,sensor-01,27.97,73.89,1014.6,0.775
2026-09-13 17:01:13.399,sensor-05,32.31,56.34,1015.29,0.837
2026-09-13 17:01:14.399,sensor-04,26.53,73.17,1007.51,1.345
2026-09-13 17:01:15.399,sensor-04,21.84,8.53,1004.28,1.18
2026-09-13 17:01:16.399,sensor-02,24.46,76.77,1004.38,0.343
2026-09-13 17:01:17.399,sensor-02,34.28,55.57,1019.33,0.143
2026-09-13 17:01:18.399,sensor-04,33.45,65.5,1023.53,0.646
2026-09-13 17:01:19.399,sensor-02,30.88,50.74,1023.01,1.191
2026-09-13 17:01:20.399,sensor-02,32.62,52.6,1024.11,0.134
2026-09-13 17:01:21.399,sensor-04,21.68,68.75,1009.09,1.319
2026-09-13 17:01:22.399,sensor-02,32.15,67.25,1010.66,0.581
2026-09-13 17:01:23.399,sensor-05,20.95,60.69,1013.5,0.722
2026-09-13 17:01:24.399,sensor-01,32.75,72.03,1018.97,0.835
2026-09-13 17:01:25.399,sensor-04,32.94,69.78,1020.82,0.43
2026-09-13 17:01:26.399,sensor-04,29.6,70.1,954.72,0.344
2026-09-13 17:01:27.399,sensor-02,21.09,54.23,1016.88,1.21
2026-09-13 17:01:28.399,sensor-02,21.26,70.37,1009.78,0.452
2026-09-13 17:01:29.399,sensor-05,25.59,78.38,1006.33,0.248
2026-09-13 17:01:30.399,sensor-05,31.61,61.5,1014.55,1.455
2026-09-13 17:01:31.399,sensor-01,30.78,48.31,1014.54,1.296
2026-09-13 17:01:32.399,sensor-05,24.71,63.02,1003.17,0.531
2026-09-13 17:01:33.399,sensor-02,20.59,63.41,1010.03,0.647
2026-09-13 17:01:34.399,sensor-03,21.68,46.17,1021.91,0.282
2026-09-13 17:01:35.399,sensor-04,27.92,51.14,1008.99,1.256
2026-09-13 17:01:36.399,sensor-02,31.53,73.11,1017.65,0.176
2026-09-13 17:01:37.399,sensor-04,20.2,75.69,1003.3,1.445
2026-09-13 17:01:38.399,sensor-05,23.57,5.56,1003.43,0.359
2026-09-13 17:01:39.399,sensor-05,29.49,63.29,1012.78,0.625
2026-09-13 17:01:40.399,sensor-05,31.78,76.91,1018.35,1.261
2026-09-13 17:01:41.399,sensor-02,26.8,76.28,1001.08,0.251
2026-09-13 17:01:42.399,sensor-03,26.57,61.49,1013.46,1.319
2026-09-13 17:01:43.399,sensor-04,24.74,68.08,1016.21,1.262
2026-09-13 17:01:44.399,sensor-01,34.16,41.77,1017.0,0.551
2026-09-13 17:01:45.399,sensor-02,32.57,56.78,966.14,1.156
2026-09-13 17:01:46.399,sensor-04,26.57,64.81,1009.53,0.647
2026-09-13 17:01:47.399,sensor-05,20.26,77.59,1008.96,0.611
2026-09-13 17:01:48.399,sensor-05,25.82,64.67,1022.59,1.285
2026-09-13 17:01:49.399,sensor-04,25.89,71.04,1004.25,0.164
2026-09-13 17:01:50.399,sensor-04,23.23,69.15,1002.53,0.112
2026-09-13 17:01:51.399,sensor-03,34.28,49.9,1003.08,0.132
2026-09-13 17:01:52.399,sensor-03,21.51,71.03,1001.8,1.389
2026-09-13 17:01:53.399,sensor-04,21.96,43.58,1008.84,0.829
2026-09-13 17:01:54.399,sensor-04,24.95,50.91,1024.54,0.482
2026-09-13 17:01:55.399,sensor-02,24.56,56.87,1015.59,0.944
2026-09-13 17:01:56.399,sensor-05,22.35,41.84,1019.77,0.404
2026-09-13 17:01:57.399,sensor-03,30.74,46.54,1022.56,0.55
2026-09-13 17:01:58.399,sensor-02,24.28,69.03,1009.42,1.271
2026-09-13 17:01:59.399,sensor-05,31.31,63.44,1006.25,0.464
2026-09-13 17:02:00.399,sensor-03,33.88,45.54,1005.1,0.25
2026-09-13 17:02:01.399,sensor-02,32.56,43.81,1022.05,1.461
2026-09-13 17:02:02.399,sensor-01,26.84,61.17,1005.14,1.124
2026-09-13 17:02:03.399,sensor-01,33.44,52.09,1003.91,1.475
2026-09-13 17:02:04.399,sensor-05,20.9,49.5,1007.98,0.707
2026-09-13 17:02:05.399,sensor-02,28.39,40.23,1009.62,1.423
2026-09-13 17:02:06.399,sensor-02,31.11,52.18,1012.2,1.282
2026-09-13 17:02:07.399,sensor-04,26.85,42.93,1002.98,0.1
2026-09-13 17:02:08.399,sensor-03,20.35,57.4,1014.94,0.934
2026-09-13 17:02:09.399,sensor-02,27.79,79.19,1011.12,1.324
2026-09-13 17:02:10.399,sensor-02,29.35,59.27,1017.22,1.356
2026-09-13 17:02:11.399,sensor-04,33.24,71.58,1000.61,0.1
2026-09-13 17:02:12.399,sensor-03,30.94,78.33,1007.31,1.203
2026-09-13 17:02:13.399,sensor-05,30.38,45.53,1017.02,0.946
2026-09-13 17:02:14.399,sensor-02,23.13,75.4,1003.55,0.691
2026-09-13 17:02:15.399,sensor-05,30.06,52.2,1001.52,0.545
2026-09-13 17:02:16.399,sensor-01,32.29,12.12,1002.46,1.318
2026-09-13 17:02:17.399,sensor-05,21.04,47.08,1024.63,1.282
2026-09-13 17:02:18.399,sensor-04,20.72,73.44,1011.78,0.238
2026-09-13 17:02:19.399,sensor-01,27.53,40.55,1006.31,0.57
2026-09-13 17:02:20.399,sensor-01,28.48,47.91,1014.93,0.435
2026-09-13 17:02:21.399,sensor-04,29.35,66.26,1000.76,0.849
2026-09-13 17:02:22.399,sensor-02,27.98,57.9,1021.25,0.714
2026-09-13 17:02:23.399,sensor-01,29.79,62.46,1007.3,0.935
2026-09-13 17:02:24.399,sensor-03,24.27,66.81,1019.1,1.4
2026-09-13 17:02:25.399,sensor-04,33.27,73.84,1021.56,1.137
2026-09-13 17:02:26.399,sensor-05,28.99,69.62,1005.13,0.32
2026-09-13 17:02:27.399,sensor-04,27.67,56.67,1022.19,0.118
2026-09-13 17:02:28.399,sensor-02,22.52,56.27,1017.94,1.491
2026-09-13 17:02:29.399,sensor-01,23.99,70.75,1006.8,1.085
2026-09-13 17:02:30.399,sensor-05,20.5,79.19,1024.11,0.131
2026-09-13 17:02:31.399,sensor-04,26.02,50.17,1024.45,0.344
2026-09-13 17:02:32.399,sensor-01,28.7,74.43,1015.55,1.012
2026-09-13 17:02:33.399,sensor-04,30.72,56.36,1011.84,0.919
2026-09-13 17:02:34.399,sensor-04,30.26,57.28,1000.86,0.854
2026-09-13 17:02:35.399,sensor-01,30.56,64.32,1007.51,0.409
2026-09-13 17:02:36.399,sensor-04,34.56,61.0,1016.83,1.07
2026-09-13 17:02:37.399,sensor-04,22.88,48.33,1023.32,0.122
2026-09-13 17:02:38.399,sensor-02,29.89,48.82,1024.03,0.564
2026-09-13 17:02:39.399,sensor-05,28.84,56.58,1018.35,0.874
2026-09-13 17:02:40.399,sensor-04,28.69,62.63,1018.45,1.015
2026-09-13 17:02:41.399,sensor-03,24.78,50.03,1014.38,0.52
2026-09-13 17:02:42.399,sensor-04,23.14,46.6,1021.23,1.083
2026-09-13 17:02:43.399,sensor-03,25.26,64.7,1023.3,0.496
2026-09-13 17:02:44.399,sensor-01,33.46,51.26,1012.28,0.848
2026-09-13 17:02:45.399,sensor-05,24.52,60.86,1023.95,0.382
2026-09-13 17:02:46.399,sensor-01,23.94,42.77,1008.25,0.389
2026-09-13 17:02:47.399,sensor-02,26.95,56.2,1017.31,1.426
2026-09-13 17:02:48.399,sensor-01,21.65,74.29,1021.15,0.766
2026-09-13 17:02:49.399,sensor-01,27.9,66.74,1008.31,0.216
2026-09-13 17:02:50.399,sensor-04,34.68,47.6,1022.86,0.739
2026-09-13 17:02:51.399,sensor-03,32.96,62.3,1001.54,0.472
2026-09-13 17:02:52.399,sensor-03,24.94,63.33,1006.71,0.437
2026-09-13 17:02:53.399,sensor-02,26.0,50.96,1010.23,1.389
2026-09-13 17:02:54.399,sensor-01,25.31,42.42,1001.87,0.115
2026-09-13 17:02:55.399,sensor-02,29.61,19.94,1009.44,1.088
2026-09-13 17:02:56.399,sensor-01,28.95,66.4,1012.9,1.452
2026-09-13 17:02:57.399,sensor-01,32.24,40.16,1014.04,0.102
2026-09-13 17:02:58.399,sensor-02,29.76,61.89,1014.0,0.32
2026-09-13 17:02:59.399,sensor-04,20.35,63.81,1012.93,0.582
2026-09-13 17:03:00.399,sensor-02,31.98,55.28,1002.0,1.447
2026-09-13 17:03:01.399,sensor-04,20.21,54.58,1012.88,0.142
2026-09-13 17:03:02.399,sensor-04,23.91,61.65,1019.81,0.928
2026-09-13 17:03:03.399,sensor-02,20.68,76.52,1014.8,0.984
2026-09-13 17:03:04.399,sensor-02,25.59,41.87,1004.22,0.696
2026-09-13 17:03:05.399,sensor-01,28.19,58.56,1010.53,1.198
2026-09-13 17:03:06.399,sensor-02,20.02,70.48,1012.06,0.824
2026-09-13 17:03:07.399,sensor-01,28.99,51.29,1000.92,0.712
2026-09-13 17:03:08.399,sensor-03,20.02,59.72,964.11,0.708
2026-09-13 17:03:09.399,sensor-01,26.99,68.68,1024.78,0.139
2026-09-13 17:03:10.399,sensor-05,29.39,79.34,1017.84,1.114
2026-09-13 17:03:11.399,sensor-04,24.13,63.35,1013.06,1.168
2026-09-13 17:03:12.399,sensor-02,26.43,74.67,1020.95,1.244
2026-09-13 17:03:13.399,sensor-04,34.9,54.32,1002.91,0.286
2026-09-13 17:03:14.399,sensor-05,26.79,64.46,1008.95,1.101
2026-09-13 17:03:15.399,sensor-02,27.8,47.41,1011.71,0.703
2026-09-13 17:03:16.399,sensor-03,34.64,76.01,1007.35,0.27
2026-09-13 17:03:17.399,sensor-04,22.97,48.88,1022.22,1.395
2026-09-13 17:03:18.399,sensor-04,32.54,55.1,1021.79,1.484
2026-09-13 17:03:19.399,sensor-04,31.13,54.87,1005.68,1.49
2026-09-13 17:03:20.399,sensor-03,23.96,59.84,1002.76,1.233
2026-09-13 17:03:21.399,sensor-04,26.29,54.53,1014.49,1.192
2026-09-13 17:03:22.399,sensor-05,26.68,73.36,1013.22,0.993
2026-09-13 17:03:23.399,sensor-04,26.0,59.44,1017.31,0.531
2026-09-13 17:03:24.399,sensor-02,28.78,73.5,1000.58,0.436
2026-09-13 17:03:25.399,sensor-05,21.59,48.22,1018.73,0.136
2026-09-13 17:03:26.399,sensor-01,21.74,55.61,1024.12,0.864
2026-09-13 17:03:27.399,sensor-02,26.17,62.75,1015.49,0.475
2026-09-13 17:03:28.399,sensor-03,29.67,72.66,1014.82,1.069
2026-09-13 17:03:29.399,sensor-03,28.5,65.42,1005.91,1.408
2026-09-13 17:03:30.399,sensor-04,28.41,74.13,1002.84,1.338
2026-09-13 17:03:31.399,sensor-03,22.17,74.49,1006.43,0.957
2026-09-13 17:03:32.399,sensor-05,31.73,53.4,1020.34,0.416
2026-09-13 17:03:33.399,sensor-04,31.27,68.13,1016.42,1.262
2026-09-13 17:03:34.399,sensor-05,22.17,54.23,1019.57,0.531
2026-09-13 17:03:35.399,sensor-05,31.59,61.54,1004.69,0.345
2026-09-13 17:03:36.399,sensor-02,22.05,73.39,1007.07,1.223
2026-09-13 17:03:37.399,sensor-05,24.98,78.81,1004.78,1.006
2026-09-13 17:03:38.399,sensor-05,23.45,50.29,1006.56,1.42
2026-09-13 17:03:39.399,sensor-03,27.64,54.0,1009.03,0.672
2026-09-13 17:03:40.399,sensor-03,26.38,57.64,1012.65,0.599
2026-09-13 17:03:41.399,sensor-01,27.55,60.37,1005.25,0.143
2026-09-13 17:03:42.399,sensor-05,23.62,54.4,1008.95,1.058
2026-09-13 17:03:43.399,sensor-05,34.68,42.47,1024.34,0.196
2026-09-13 17:03:44.399,sensor-02,23.89,79.79,1011.46,0.267
2026-09-13 17:03:45.399,sensor-02,23.64,42.9,1000.6,0.749
2026-09-13 17:03:46.399,sensor-01,30.88,50.42,1005.48,1.085
2026-09-13 17:03:47.399,sensor-04,28.39,48.09,1000.16,1.132
2026-09-13 17:03:48.399,sensor-03,23.2,70.48,1001.77,1.0
2026-09-13 17:03:49.399,sensor-03,23.35,59.33,1013.0,0.928
2026-09-13 17:03:50.399,sensor-03,21.01,53.8,1015.71,0.566
2026-09-13 17:03:51.399,sensor-04,22.85,45.72,1005.78,1.327
2026-09-13 17:03:52.399,sensor-03,24.51,76.74,1022.22,0.659
2026-09-13 17:03:53.399,sensor-02,33.7,52.53,1008.22,0.864
2026-09-13 17:03:54.399,sensor-04,28.05,48.47,1008.91,1.04
2026-09-13 17:03:55.399,sensor-05,25.13,40.64,1020.52,0.264
2026-09-13 17:03:56.399,sensor-04,21.34,67.37,1009.5,1.25
2026-09-13 17:03:57.399,sensor-04,21.27,49.14,1023.3,1.261
2026-09-13 17:03:58.399,sensor-03,22.35,18.2,1005.13,1.343
2026-09-13 17:03:59.399,sensor-01,32.4,57.03,1001.93,1.219
2026-09-13 17:04:00.399,sensor-03,33.17,70.09,1024.54,1.265
2026-09-13 17:04:01.399,sensor-03,30.45,52.64,1013.66,0.433
2026-09-13 17:04:02.399,sensor-03,25.13,42.21,1024.19,1.281
2026-09-13 17:04:03.399,sensor-01,31.03,48.83,1015.14,1.191
2026-09-13 17:04:04.399,sensor-05,24.27,42.46,1008.0,0.936
2026-09-13 17:04:05.399,sensor-05,30.84,48.16,1013.27,0.648
2026-09-13 17:04:06.399,sensor-01,28.4,44.33,1005.38,0.31
2026-09-13 17:04:07.399,sensor-04,34.94,66.04,1024.62,0.908
2026-09-13 17:04:08.399,sensor-05,33.08,42.69,1002.56,1.427
2026-09-13 17:04:09.399,sensor-05,21.99,70.73,1005.87,0.581
2026-09-13 17:04:10.399,sensor-01,26.17,66.82,1022.18,14.186
2026-09-13 17:04:11.399,sensor-03,28.44,59.21,1001.63,0.135
2026-09-13 17:04:12.399,sensor-03,31.8,48.8,1005.93,0.884
2026-09-13 17:04:13.399,sensor-02,24.33,53.15,1013.77,0.156
2026-09-13 17:04:14.399,sensor-03,20.07,65.52,1001.27,1.108
2026-09-13 17:04:15.399,sensor-05,32.58,66.94,1014.04,0.531
2026-09-13 17:04:16.399,sensor-01,30.61,40.99,1010.34,0.809
2026-09-13 17:04:17.399,sensor-01,25.15,57.71,1014.68,1.392
2026-09-13 17:04:18.399,sensor-02,32.71,42.2,1006.81,0.251
2026-09-13 17:04:19.399,sensor-03,29.55,61.24,1020.28,0.894
2026-09-13 17:04:20.399,sensor-03,31.03,60.12,1011.05,0.841
2026-09-13 17:04:21.399,sensor-03,24.66,74.17,1005.19,0.146
2026-09-13 17:04:22.399,sensor-05,29.64,58.76,1024.38,0.619
2026-09-13 17:04:23.399,sensor-04,28.87,57.22,1013.88,1.453
2026-09-13 17:04:24.399,sensor-01,26.35,60.16,1017.83,1.437
2026-09-13 17:04:25.399,sensor-02,34.81,49.85,1005.22,0.529
2026-09-13 17:04:26.399,sensor-01,22.94,56.47,1007.94,1.005
2026-09-13 17:04:27.399,sensor-05,22.08,61.87,1002.21,0.41
2026-09-13 17:04:28.399,sensor-03,28.32,65.72,1020.47,0.362
2026-09-13 17:04:29.399,sensor-02,30.01,43.19,1008.62,0.139
2026-09-13 17:04:30.399,sensor-02,23.65,76.01,1022.34,0.909
2026-09-13 17:04:31.399,sensor-04,34.99,56.41,1013.06,1.012
2026-09-13 17:04:32.399,sensor-04,20.97,68.52,1006.3,0.457
2026-09-13 17:04:33.399,sensor-01,30.44,46.37,1007.86,1.103
2026-09-13 17:04:34.399,sensor-05,26.84,63.44,1002.01,1.436
2026-09-13 17:04:35.399,sensor-04,22.85,66.52,1019.83,0.271
2026-09-13 17:04:36.399,sensor-05,27.6,76.95,1001.2,1.387
2026-09-13 17:04:37.399,sensor-05,22.34,57.24,1015.52,1.351
2026-09-13 17:04:38.399,sensor-02,31.97,56.4,1015.12,0.884
2026-09-13 17:04:39.399,sensor-05,22.12,77.94,1014.1,1.366
2026-09-13 17:04:40.399,sensor-04,32.6,71.48,1000.25,0.733
2026-09-13 17:04:41.399,sensor-02,22.29,68.25,1023.91,0.988
2026-09-13 17:04:42.399,sensor-02,25.68,45.01,1021.2,0.372
2026-09-13 17:04:43.399,sensor-05,30.89,45.07,1010.26,0.822
2026-09-13 17:04:44.399,sensor-03,27.2,66.74,1005.48,0.599
2026-09-13 17:04:45.399,sensor-05,63.67,13.01,957.65,5.077
2026-09-13 17:04:46.399,sensor-03,31.26,68.95,1024.31,0.13
2026-09-13 17:04:47.399,sensor-04,24.95,42.55,1007.52,0.223
2026-09-13 17:04:48.399,sensor-04,33.15,65.48,1009.64,1.176
2026-09-13 17:04:49.399,sensor-04,27.66,78.33,1007.25,0.946
2026-09-13 17:04:50.399,sensor-05,33.41,77.87,1009.88,1.079
2026-09-13 17:04:51.399,sensor-04,22.76,56.86,1023.01,1.235
2026-09-13 17:04:52.399,sensor-04,22.2,55.94,1003.47,0.196
2026-09-13 17:04:53.399,sensor-03,21.34,68.67,1001.85,0.655
2026-09-13 17:04:54.399,sensor-05,22.47,61.34,1017.99,0.782
2026-09-13 17:04:55.399,sensor-05,32.11,78.26,1023.23,1.266
2026-09-13 17:04:56.399,sensor-04,22.61,69.08,1021.14,1.252
2026-09-13 17:04:57.399,sensor-01,52.77,13.12,951.42,14.132
2026-09-13 17:04:58.399,sensor-03,30.5,45.91,1021.19,0.769
2026-09-13 17:04:59.399,sensor-03,29.73,61.6,1014.08,1.142
2026-09-13 17:05:00.399,sensor-02,33.83,54.16,1006.81,0.536
2026-09-13 17:05:01.399,sensor-05,24.75,73.75,1014.03,1.455
2026-09-13 17:05:02.399,sensor-04,21.44,58.35,1009.57,1.053
2026-09-13 17:05:03.399,sensor-05,23.57,47.75,1010.49,0.439
2026-09-13 17:05:04.399,sensor-03,32.4,79.25,1009.45,1.377
2026-09-13 17:05:05.399,sensor-03,22.24,73.44,1012.04,1.093
2026-09-13 17:05:06.399,sensor-05,31.42,72.98,1008.02,1.462
2026-09-13 17:05:07.399,sensor-03,31.61,74.36,1003.09,0.571
2026-09-13 17:05:08.399,sensor-05,31.34,59.29,1006.28,0.835
2026-09-13 17:05:09.399,sensor-02,33.28,62.69,1009.8,0.798
2026-09-13 17:05:10.399,sensor-04,23.43,60.0,1011.64,0.535
2026-09-13 17:05:11.399,sensor-01,24.02,59.7,1011.03,0.754
2026-09-13 17:05:12.399,sensor-02,22.14,51.53,1019.32,5.734
2026-09-13 17:05:13.399,sensor-05,22.22,79.17,1020.71,0.269
2026-09-13 17:05:14.399,sensor-05,34.66,50.19,1013.47,0.431
2026-09-13 17:05:15.399,sensor-05,29.85,41.86,1014.88,1.025
2026-09-13 17:05:16.399,sensor-05,31.43,65.08,1000.24,1.431
2026-09-13 17:05:17.399,sensor-02,21.29,54.98,1007.69,0.517
2026-09-13 17:05:18.399,sensor-02,29.69,45.32,1017.7,1.113
2026-09-13 17:05:19.399,sensor-05,24.25,42.34,1000.72,0.549
2026-09-13 17:05:20.399,sensor-04,21.17,62.63,1022.52,1.216
2026-09-13 17:05:21.399,sensor-04,30.95,59.77,1010.04,0.529
2026-09-13 17:05:22.399,sensor-05,28.43,58.9,1002.97,0.476
2026-09-13 17:05:23.399,sensor-02,26.39,46.45,1004.25,1.159
2026-09-13 17:05:24.399,sensor-01,24.28,79.23,1011.9,0.949
2026-09-13 17:05:25.399,sensor-01,25.54,56.03,1005.77,0.428
2026-09-13 17:05:26.399,sensor-03,21.63,45.17,1014.33,0.729
2026-09-13 17:05:27.399,sensor-01,30.57,74.0,1013.1,1.277
2026-09-13 17:05:28.399,sensor-04,21.18,55.1,1011.16,1.312
2026-09-13 17:05:29.399,sensor-02,33.32,50.04,1016.06,0.557
2026-09-13 17:05:30.399,sensor-02,22.84,68.96,1013.75,1.47
2026-09-13 17:05:31.399,sensor-04,21.55,58.76,1021.36,0.994
2026-09-13 17:05:32.399,sensor-04,31.99,52.52,1004.88,0.552
2026-09-13 17:05:33.399,sensor-03,20.66,69.7,1001.12,0.673
2026-09-13 17:05:34.399,sensor-04,27.55,45.56,1018.69,1.289
2026-09-13 17:05:35.399,sensor-05,23.86,46.43,1001.68,1.11
2026-09-13 17:05:36.399,sensor-01,34.07,63.93,1020.1,0.709
2026-09-13 17:05:37.399,sensor-03,28.08,70.94,1005.95,1.338
2026-09-13 17:05:38.399,sensor-05,31.2,49.53,1002.25,0.202
2026-09-13 17:05:39.399,sensor-01,34.99,78.44,1000.73,1.115
2026-09-13 17:05:40.399,sensor-02,25.11,49.61,1020.76,9.487
2026-09-13 17:05:41.399,sensor-04,27.83,43.51,1020.75,1.408
2026-09-13 17:05:42.399,sensor-05,30.15,63.67,1020.48,0.762
2026-09-13 17:05:43.399,sensor-03,24.12,68.49,1003.98,0.44
2026-09-13 17:05:44.399,sensor-02,23.59,47.68,1021.52,0.927
2026-09-13 17:05:45.399,sensor-02,32.69,73.01,1002.77,0.894
2026-09-13 17:05:46.399,sensor-03,30.77,40.34,1012.84,0.508
2026-09-13 17:05:47.399,sensor-05,21.65,72.7,1013.59,0.395
2026-09-13 17:05:48.399,sensor-01,28.89,60.07,1000.99,0.45
2026-09-13 17:05:49.399,sensor-01,30.99,68.23,1002.23,0.253
2026-09-13 17:05:50.399,sensor-05,24.55,17.74,1001.52,1.427
2026-09-13 17:05:51.399,sensor-02,22.25,55.1,1024.32,0.841
2026-09-13 17:05:52.399,sensor-05,34.12,45.74,1001.37,0.164
2026-09-13 17:05:53.399,sensor-01,22.68,77.76,1015.29,0.5
2026-09-13 17:05:54.399,sensor-01,23.65,59.77,1008.37,0.972
2026-09-13 17:05:55.399,sensor-02,22.16,54.23,1018.95,1.202
2026-09-13 17:05:56.399,sensor-02,34.62,72.99,1024.21,0.978
2026-09-13 17:05:57.399,sensor-04,22.97,43.41,1007.53,0.608
2026-09-13 17:05:58.399,sensor-05,25.45,40.13,1022.92,0.925
2026-09-13 17:05:59.399,sensor-02,21.86,76.26,1005.76,1.417
2026-09-13 17:06:00.399,sensor-05,31.99,40.42,1012.08,0.617
2026-09-13 17:06:01.399,sensor-05,30.81,50.23,1018.81,0.281
2026-09-13 17:06:02.399,sensor-05,26.4,47.63,1006.82,0.317
2026-09-13 17:06:03.399,sensor-02,22.14,72.52,1005.33,0.232
2026-09-13 17:06:04.399,sensor-04,20.11,73.3,1014.07,0.446
2026-09-13 17:06:05.399,sensor-02,27.99,62.87,1019.29,0.753
2026-09-13 17:06:06.399,sensor-05,21.04,76.85,1004.64,1.271
2026-09-13 17:06:07.399,sensor-01,25.4,76.73,1020.87,1.111
2026-09-13 17:06:08.399,sensor-03,28.83,49.28,1016.2,0.465
2026-09-13 17:06:09.399,sensor-04,25.79,66.38,1008.13,0.318
2026-09-13 17:06:10.399,sensor-02,24.08,49.06,1016.96,1.136
2026-09-13 17:06:11.399,sensor-05,33.37,43.48,1011.51,1.372
2026-09-13 17:06:12.399,sensor-05,25.68,77.88,1019.4,1.265
2026-09-13 17:06:13.399,sensor-01,30.49,72.11,1005.66,0.161
2026-09-13 17:06:14.399,sensor-03,31.12,67.77,1022.29,0.544
2026-09-13 17:06:15.399,sensor-01,34.03,62.18,1018.71,0.497
2026-09-13 17:06:16.399,sensor-04,20.94,72.59,1003.8,1.254
2026-09-13 17:06:17.399,sensor-03,23.93,42.0,1013.56,0.614
2026-09-13 17:06:18.399,sensor-03,29.02,52.55,1014.1,1.021
2026-09-13 17:06:19.399,sensor-02,21.35,40.28,1001.28,0.929
2026-09-13 17:06:20.399,sensor-01,33.03,19.82,1000.22,0.903
2026-09-13 17:06:21.399,sensor-05,26.86,41.09,1021.26,1.384
2026-09-13 17:06:22.399,sensor-04,31.7,69.39,1012.36,1.266
2026-09-13 17:06:23.399,sensor-04,23.89,40.16,1008.96,0.216
2026-09-13 17:06:24.399,sensor-03,34.16,44.22,1006.84,1.262
2026-09-13 17:06:25.399,sensor-05,31.38,61.69,1015.1,0.326
2026-09-13 17:06:26.399,sensor-04,20.4,47.53,1009.66,1.044
2026-09-13 17:06:27.399,sensor-03,30.78,69.07,1000.78,1.362
2026-09-13 17:06:28.399,sensor-02,27.27,52.33,1022.67,0.636
2026-09-13 17:06:29.399,sensor-02,33.68,64.03,1003.45,0.976
2026-09-13 17:06:30.399,sensor-02,27.91,65.07,1012.76,1.499
2026-09-13 17:06:31.399,sensor-02,29.65,71.74,1003.41,0.161
2026-09-13 17:06:32.399,sensor-04,25.9,40.71,1004.16,0.114
2026-09-13 17:06:33.399,sensor-03,28.32,46.42,1016.0,1.436
2026-09-13 17:06:34.399,sensor-05,26.66,61.9,1012.58,0.318
2026-09-13 17:06:35.399,sensor-04,30.14,65.52,1005.51,0.314
2026-09-13 17:06:36.399,sensor-01,21.11,65.02,1017.61,0.267
2026-09-13 17:06:37.399,sensor-05,31.83,77.18,1011.91,1.209
2026-09-13 17:06:38.399,sensor-04,28.36,73.73,1019.4,0.498
2026-09-13 17:06:39.399,sensor-03,32.11,41.31,1016.98,0.766
2026-09-13 17:06:40.399,sensor-04,27.24,74.4,1005.22,0.103
2026-09-13 17:06:41.399,sensor-04,24.04,66.09,1009.07,0.266
2026-09-13 17:06:42.399,sensor-01,25.33,75.06,1016.32,0.548
2026-09-13 17:06:43.399,sensor-02,27.52,40.32,1000.15,1.417
2026-09-13 17:06:44.399,sensor-05,20.65,45.88,1021.42,1.492
2026-09-13 17:06:45.399,sensor-04,22.51,68.92,1013.24,0.668
2026-09-13 17:06:46.399,sensor-05,22.58,50.61,1008.11,0.294
2026-09-13 17:06:47.399,sensor-03,25.12,64.31,1009.2,0.263
2026-09-13 17:06:48.399,sensor-03,24.83,40.65,1014.95,1.196
2026-09-13 17:06:49.399,sensor-04,31.82,46.2,1024.29,0.396
2026-09-13 17:06:50.399,sensor-03,20.08,57.7,1004.89,1.149
2026-09-13 17:06:51.399,sensor-01,29.24,56.87,1007.76,1.258
2026-09-13 17:06:52.399,sensor-03,21.7,48.74,1009.01,1.078
2026-09-13 17:06:53.399,sensor-05,34.89,57.1,1011.33,1.172
2026-09-13 17:06:54.399,sensor-03,30.16,49.45,1006.99,0.599
2026-09-13 17:06:55.399,sensor-05,24.06,48.33,1003.74,1.233
2026-09-13 17:06:56.399,sensor-05,32.32,45.49,1002.44,0.799
2026-09-13 17:06:57.399,sensor-04,30.99,48.92,1023.27,0.534
2026-09-13 17:06:58.399,sensor-05,27.85,70.14,1018.73,1.206
2026-09-13 17:06:59.399,sensor-05,25.89,54.54,1020.09,0.912
2026-09-13 17:07:00.399,sensor-03,23.02,58.28,1024.24,0.507
2026-09-13 17:07:01.399,sensor-01,21.96,59.25,1007.21,1.062
2026-09-13 17:07:02.399,sensor-02,20.93,41.66,1020.35,1.368
2026-09-13 17:07:03.399,sensor-01,32.98,43.46,1022.45,0.752
2026-09-13 17:07:04.399,sensor-04,25.25,50.59,1002.95,0.678
2026-09-13 17:07:05.399,sensor-02,34.75,41.49,1014.75,9.229
2026-09-13 17:07:06.399,sensor-03,27.41,49.34,1000.85,0.511
2026-09-13 17:07:07.399,sensor-05,22.71,65.85,1023.09,0.341
2026-09-13 17:07:08.399,sensor-03,20.33,46.9,1020.35,1.24
2026-09-13 17:07:09.399,sensor-02,32.1,47.8,1003.5,0.225
2026-09-13 17:07:10.399,sensor-03,30.72,64.98,1018.19,0.301
2026-09-13 17:07:11.399,sensor-05,33.75,60.52,1003.05,1.47
2026-09-13 17:07:12.399,sensor-03,24.78,44.8,1000.32,0.945
2026-09-13 17:07:13.399,sensor-02,22.43,61.12,1010.89,0.525
2026-09-13 17:07:14.399,sensor-04,32.89,79.35,1008.89,1.077
2026-09-13 17:07:15.399,sensor-01,33.62,59.97,1013.92,0.856
2026-09-13 17:07:16.399,sensor-01,31.73,69.29,1002.39,0.888
2026-09-13 17:07:17.399,sensor-05,29.39,47.95,1008.68,0.311
2026-09-13 17:07:18.399,sensor-03,31.68,76.41,1001.58,1.451
2026-09-13 17:07:19.399,sensor-01,33.23,57.54,1007.84,5.42
2026-09-13 17:07:20.399,sensor-04,25.05,42.16,1002.81,1.031
2026-09-13 17:07:21.399,sensor-03,26.12,71.11,1024.34,1.092
2026-09-13 17:07:22.399,sensor-04,34.67,51.99,1019.57,0.681
2026-09-13 17:07:23.399,sensor-01,31.09,73.18,1021.59,1.391
2026-09-13 17:07:24.399,sensor-03,34.08,48.38,1001.93,0.704
2026-09-13 17:07:25.399,sensor-01,30.2,72.62,1000.67,1.223
2026-09-13 17:07:26.399,sensor-05,25.22,64.68,1019.16,0.823
2026-09-13 17:07:27.399,sensor-01,20.75,44.46,1012.37,0.995
2026-09-13 17:07:28.399,sensor-04,20.58,45.45,1019.03,1.194
2026-09-13 17:07:29.399,sensor-05,31.18,78.54,1023.61,1.002
2026-09-13 17:07:30.399,sensor-01,29.47,57.25,1003.68,0.401
2026-09-13 17:07:31.399,sensor-04,20.99,71.5,1022.55,1.064
2026-09-13 17:07:32.399,sensor-05,29.8,51.08,1015.74,0.291
2026-09-13 17:07:33.399,sensor-04,33.54,60.87,1023.8,0.713
2026-09-13 17:07:34.399,sensor-04,21.33,76.51,1022.76,0.592
2026-09-13 17:07:35.399,sensor-04,23.37,41.22,1005.2,0.778
2026-09-13 17:07:36.399,sensor-01,34.26,59.75,1020.58,0.389
2026-09-13 17:07:37.399,sensor-01,31.71,53.95,1011.5,1.489
2026-09-13 17:07:38.399,sensor-03,29.52,43.56,1017.91,0.732
2026-09-13 17:07:39.399,sensor-05,26.46,58.43,1016.02,1.412
2026-09-13 17:07:40.399,sensor-02,34.54,71.63,1000.7,0.263
2026-09-13 17:07:41.399,sensor-01,21.25,59.42,1008.52,1.462
2026-09-13 17:07:42.399,sensor-02,34.56,60.56,1001.83,0.213
2026-09-13 17:07:43.399,sensor-03,27.42,64.97,1021.24,1.054
2026-09-13 17:07:44.399,sensor-04,30.12,45.39,1012.07,0.706
2026-09-13 17:07:45.399,sensor-01,25.87,64.82,1009.81,0.881
2026-09-13 17:07:46.399,sensor-05,25.6,69.24,1015.34,0.64
2026-09-13 17:07:47.399,sensor-02,33.91,70.42,1023.71,0.711
2026-09-13 17:07:48.399,sensor-05,31.44,73.41,1018.25,0.817
2026-09-13 17:07:49.399,sensor-03,26.27,66.57,1008.12,1.136
2026-09-13 17:07:50.399,sensor-04,22.21,9.95,1016.01,0.618
2026-09-13 17:07:51.399,sensor-02,23.51,51.45,1017.62,1.145
2026-09-13 17:07:52.399,sensor-02,67.61,52.47,1001.93,0.959
2026-09-13 17:07:53.399,sensor-02,25.38,61.78,1016.01,1.275
2026-09-13 17:07:54.399,sensor-02,28.08,42.79,1001.05,0.733
2026-09-13 17:07:55.399,sensor-01,20.11,67.17,1020.4,0.307
2026-09-13 17:07:56.399,sensor-01,58.84,19.65,970.12,7.118
2026-09-13 17:07:57.399,sensor-04,33.47,59.49,1003.9,0.462
2026-09-13 17:07:58.399,sensor-01,22.42,52.48,1003.64,0.248
2026-09-13 17:07:59.399,sensor-02,20.69,45.81,1000.94,0.134
2026-09-13 17:08:00.399,sensor-02,31.15,40.59,1007.61,0.891
2026-09-13 17:08:01.399,sensor-04,34.83,51.03,1000.0,0.154
2026-09-13 17:08:02.399,sensor-02,34.63,62.8,1019.98,1.479
2026-09-13 17:08:03.399,sensor-03,33.14,57.35,1002.85,0.867
2026-09-13 17:08:04.399,sensor-05,31.77,56.08,1021.37,0.75
2026-09-13 17:08:05.399,sensor-02,22.92,52.54,1021.88,1.486
2026-09-13 17:08:06.399,sensor-02,22.48,42.84,1018.85,0.839
2026-09-13 17:08:07.399,sensor-01,21.22,76.58,1014.42,0.407
2026-09-13 17:08:08.399,sensor-01,23.61,42.55,1001.24,1.108
2026-09-13 17:08:09.399,sensor-02,28.06,52.8,1011.97,1.311
2026-09-13 17:08:10.399,sensor-03,31.87,50.56,1004.67,0.202
2026-09-13 17:08:11.399,sensor-03,31.56,45.31,1015.08,0.118
2026-09-13 17:08:12.399,sensor-02,29.14,42.24,1009.43,0.886
2026-09-13 17:08:13.399,sensor-04,22.22,43.01,1009.41,0.437
2026-09-13 17:08:14.399,sensor-05,25.14,55.89,1012.97,0.113
2026-09-13 17:08:15.399,sensor-02,23.54,71.54,1006.28,0.311
2026-09-13 17:08:16.399,sensor-05,25.74,47.36,1018.78,1.02
2026-09-13 17:08:17.399,sensor-05,30.41,46.44,1012.08,0.266
2026-09-13 17:08:18.399,sensor-02,33.75,40.15,1021.9,0.855
2026-09-13 17:08:19.399,sensor-05,28.05,57.93,1012.49,0.306
2026-09-13 17:08:20.399,sensor-03,29.92,75.22,1017.36,1.277
2026-09-13 17:08:21.399,sensor-01,31.56,70.88,1008.75,0.674
2026-09-13 17:08:22.399,sensor-01,34.8,79.51,1011.85,1.205
2026-09-13 17:08:23.399,sensor-05,29.75,77.47,1024.93,0.562
2026-09-13 17:08:24.399,sensor-02,30.39,49.52,1000.08,1.057
2026-09-13 17:08:25.399,sensor-04,28.28,14.36,1010.41,1.219
2026-09-13 17:08:26.399,sensor-01,32.94,55.63,1020.3,1.113
2026-09-13 17:08:27.399,sensor-03,27.75,59.44,1000.94,0.847
2026-09-13 17:08:28.399,sensor-04,21.97,61.6,1011.35,0.934
2026-09-13 17:08:29.399,sensor-01,25.42,60.16,1009.88,1.172
2026-09-13 17:08:30.399,sensor-02,23.89,67.13,1019.35,0.115
2026-09-13 17:08:31.399,sensor-05,24.62,70.66,1003.59,1.19
2026-09-13 17:08:32.399,sensor-05,34.85,59.06,1017.49,1.094
2026-09-13 17:08:33.399,sensor-01,27.77,44.31,1024.48,0.18
2026-09-13 17:08:34.399,sensor-02,27.39,78.03,1016.92,0.92
2026-09-13 17:08:35.399,sensor-05,24.39,41.31,1014.66,0.702
2026-09-13 17:08:36.399,sensor-02,34.11,73.94,1010.76,1.472
2026-09-13 17:08:37.399,sensor-03,25.24,55.52,1021.87,0.475
2026-09-13 17:08:38.399,sensor-05,31.01,70.55,1018.51,1.056
2026-09-13 17:08:39.399,sensor-01,31.31,9.65,1003.31,1.476
2026-09-13 17:08:40.399,sensor-05,32.66,79.12,1002.96,0.654
2026-09-13 17:08:41.399,sensor-04,23.5,53.17,1014.86,0.15
2026-09-13 17:08:42.399,sensor-01,24.13,73.13,1017.09,1.004
2026-09-13 17:08:43.399,sensor-01,23.9,60.87,1019.43,1.289
2026-09-13 17:08:44.399,sensor-02,31.9,48.81,1002.06,0.445
2026-09-13 17:08:45.399,sensor-03,27.22,69.73,1000.25,0.266
2026-09-13 17:08:46.399,sensor-01,21.83,58.14,1007.02,1.2
2026-09-13 17:08:47.399,sensor-05,22.94,60.11,1001.22,0.436
2026-09-13 17:08:48.399,sensor-05,26.34,67.63,1020.98,0.183
2026-09-13 17:08:49.399,sensor-01,34.73,65.51,1001.08,0.651
2026-09-13 17:08:50.399,sensor-03,31.98,49.02,1020.66,0.537
2026-09-13 17:08:51.399,sensor-02,30.27,72.01,1005.41,0.206
2026-09-13 17:08:52.399,sensor-03,30.16,72.69,1006.82,1.321
2026-09-13 17:08:53.399,sensor-04,20.11,43.49,1024.94,1.128
2026-09-13 17:08:54.399,sensor-05,33.52,41.59,1018.93,1.017
2026-09-13 17:08:55.399,sensor-04,27.27,42.84,1022.74,1.169
2026-09-13 17:08:56.399,sensor-01,34.76,52.44,1009.26,1.465
2026-09-13 17:08:57.399,sensor-05,33.32,61.46,1006.67,1.286
2026-09-13 17:08:58.399,sensor-02,28.47,61.65,1000.24,0.164
2026-09-13 17:08:59.399,sensor-04,26.86,47.62,1010.17,1.176
2026-09-13 17:09:00.399,sensor-02,28.4,68.09,1010.4,0.942
2026-09-13 17:09:01.399,sensor-02,22.03,42.43,1018.16,1.361
2026-09-13 17:09:02.399,sensor-04,34.65,68.32,1007.21,0.458
2026-09-13 17:09:03.399,sensor-04,27.86,61.08,1010.42,0.59
2026-09-13 17:09:04.399,sensor-01,31.21,72.54,1007.7,1.301
2026-09-13 17:09:05.399,sensor-02,32.09,78.78,1023.31,0.256
2026-09-13 17:09:06.399,sensor-05,31.4,72.25,1012.61,0.123
2026-09-13 17:09:07.399,sensor-01,24.22,66.27,1003.37,1.097
2026-09-13 17:09:08.399,sensor-05,26.45,54.89,1022.87,0.874
2026-09-13 17:09:09.399,sensor-03,28.92,78.18,1003.1,0.468
2026-09-13 17:09:10.399,sensor-02,26.33,50.88,1024.93,0.243
2026-09-13 17:09:11.399,sensor-04,31.8,57.67,1001.1,1.277
2026-09-13 17:09:12.399,sensor-03,23.56,53.62,1012.81,0.26
2026-09-13 17:09:13.399,sensor-05,24.62,76.96,1020.02,1.119
2026-09-13 17:09:14.399,sensor-05,24.87,76.63,1002.46,0.769
2026-09-13 17:09:15.399,sensor-01,31.06,59.01,1011.39,0.914
2026-09-13 17:09:16.399,sensor-03,23.0,47.23,1023.8,1.182
2026-09-13 17:09:17.399,sensor-04,29.75,50.49,1002.17,0.877
2026-09-13 17:09:18.399,sensor-05,33.1,49.44,1014.32,0.688
2026-09-13 17:09:19.399,sensor-05,26.17,41.77,1016.54,0.281
2026-09-13 17:09:20.399,sensor-05,29.92,44.11,1003.22,0.715
2026-09-13 17:09:21.399,sensor-05,24.14,56.04,1017.69,1.258
2026-09-13 17:09:22.399,sensor-04,29.47,64.97,1007.58,0.266
2026-09-13 17:09:23.399,sensor-02,24.77,62.89,1004.02,0.438
2026-09-13 17:09:24.399,sensor-05,33.18,70.89,1007.94,0.523
2026-09-13 17:09:25.399,sensor-04,30.28,42.2,1002.62,0.512
2026-09-13 17:09:26.399,sensor-02,33.66,47.64,1017.85,1.324
2026-09-13 17:09:27.399,sensor-03,23.88,78.25,1006.91,0.454
2026-09-13 17:09:28.399,sensor-01,27.99,44.29,1014.27,1.421
2026-09-13 17:09:29.399,sensor-05,33.59,71.69,1015.2,1.333
2026-09-13 17:09:30.399,sensor-01,23.11,77.01,1012.55,1.371
2026-09-13 17:09:31.399,sensor-02,31.49,65.38,1010.99,1.33
2026-09-13 17:09:32.399,sensor-02,20.19,67.73,1001.58,0.774
2026-09-13 17:09:33.399,sensor-02,34.7,44.54,1018.94,0.992
2026-09-13 17:09:34.399,sensor-04,34.03,48.06,1012.89,1.207
2026-09-13 17:09:35.399,sensor-02,32.59,78.48,1011.85,1.013
2026-09-13 17:09:36.399,sensor-04,25.31,58.79,1004.93,1.065
2026-09-13 17:09:37.399,sensor-01,26.59,43.06,1014.06,0.829
2026-09-13 17:09:38.399,sensor-02,23.69,40.98,1014.85,0.51
2026-09-13 17:09:39.399,sensor-04,25.6,40.87,1008.0,0.555
2026-09-13 17:09:40.399,sensor-05,34.3,46.58,1006.75,1.265
2026-09-13 17:09:41.399,sensor-03,28.1,42.11,1020.2,0.932
2026-09-13 17:09:42.399,sensor-02,24.54,57.75,1018.38,0.213
2026-09-13 17:09:43.399,sensor-01,31.58,48.44,1022.58,0.767
2026-09-13 17:09:44.399,sensor-05,25.41,60.65,1008.45,0.604
2026-09-13 17:09:45.399,sensor-02,32.18,49.83,1020.53,1.306
2026-09-13 17:09:46.399,sensor-01,20.46,62.44,1020.83,0.612
2026-09-13 17:09:47.399,sensor-02,26.35,42.81,1005.94,1.006
2026-09-13 17:09:48.399,sensor-05,23.71,77.24,1007.39,0.281
2026-09-13 17:09:49.399,sensor-02,27.84,42.65,1021.37,1.328
2026-09-13 17:09:50.399,sensor-04,31.63,63.99,1021.14,0.488
2026-09-13 17:09:51.399,sensor-01,20.14,74.99,1007.36,0.724
2026-09-13 17:09:52.399,sensor-05,33.15,55.38,1004.48,0.951
2026-09-13 17:09:53.399,sensor-02,30.09,78.37,1018.87,0.274
2026-09-13 17:09:54.399,sensor-05,31.95,51.01,1018.5,0.761
2026-09-13 17:09:55.399,sensor-02,34.02,56.3,1018.16,0.373
2026-09-13 17:09:56.399,sensor-04,24.65,40.51,1010.93,0.341
2026-09-13 17:09:57.399,sensor-05,31.09,58.13,1006.48,0.554
2026-09-13 17:09:58.399,sensor-01,28.28,72.45,1004.69,0.106
2026-09-13 17:09:59.399,sensor-03,20.28,56.13,1002.78,0.251
2026-09-13 17:10:00.399,sensor-05,34.99,47.78,1005.74,0.515
2026-09-13 17:10:01.399,sensor-03,28.56,61.86,1023.43,0.149
2026-09-13 17:10:02.399,sensor-05,25.73,59.52,1002.85,1.35
2026-09-13 17:10:03.399,sensor-05,34.11,60.5,1021.33,1.131
2026-09-13 17:10:04.399,sensor-01,29.86,78.11,1019.1,1.093
2026-09-13 17:10:05.399,sensor-05,25.84,64.96,1016.94,0.821
2026-09-13 17:10:06.399,sensor-03,30.46,49.89,1006.63,0.278
2026-09-13 17:10:07.399,sensor-01,25.18,75.58,1011.33,1.352
2026-09-13 17:10:08.399,sensor-03,22.68,70.36,1008.84,1.453
2026-09-13 17:10:09.399,sensor-05,27.41,73.69,1004.58,0.987
2026-09-13 17:10:10.399,sensor-04,32.08,49.43,1010.69,1.018
2026-09-13 17:10:11.399,sensor-04,30.32,45.22,1019.34,0.693
2026-09-13 17:10:12.399,sensor-04,23.25,56.92,1020.43,1.397
2026-09-13 17:10:13.399,sensor-04,21.18,57.71,1004.83,1.077
2026-09-13 17:10:14.399,sensor-03,34.66,47.78,1001.32,1.281
2026-09-13 17:10:15.399,sensor-01,28.22,78.77,1006.69,0.672
2026-09-13 17:10:16.399,sensor-04,28.37,52.91,1014.78,0.769
2026-09-13 17:10:17.399,sensor-04,30.24,59.46,1007.58,0.54
2026-09-13 17:10:18.399,sensor-05,22.88,45.3,1009.31,0.283
2026-09-13 17:10:19.399,sensor-03,31.85,48.99,1019.79,0.122
2026-09-13 17:10:20.399,sensor-01,27.75,59.04,1016.26,0.765
2026-09-13 17:10:21.399,sensor-02,34.67,74.46,1012.56,1.271
2026-09-13 17:10:22.399,sensor-01,27.94,58.01,1008.12,1.386
2026-09-13 17:10:23.399,sensor-05,29.53,55.05,1018.92,0.252
2026-09-13 17:10:24.399,sensor-05,20.43,72.73,1017.6,0.224
2026-09-13 17:10:25.399,sensor-03,24.5,74.69,1004.82,0.684
2026-09-13 17:10:26.399,sensor-01,21.91,50.39,1021.5,1.102
2026-09-13 17:10:27.399,sensor-01,23.61,41.05,968.14,0.156
2026-09-13 17:10:28.399,sensor-01,28.4,62.94,1018.1,0.636
2026-09-13 17:10:29.399,sensor-03,25.49,43.91,1007.75,0.111
2026-09-13 17:10:30.399,sensor-04,31.77,49.28,1002.64,0.36
2026-09-13 17:10:31.399,sensor-05,24.68,57.17,1001.89,1.205
2026-09-13 17:10:32.399,sensor-01,27.09,68.53,1011.83,1.456
2026-09-13 17:10:33.399,sensor-01,27.72,77.62,1020.28,0.616
2026-09-13 17:10:34.399,sensor-03,28.09,60.82,1020.09,1.386
2026-09-13 17:10:35.399,sensor-04,29.63,65.14,1022.19,0.726
2026-09-13 17:10:36.399,sensor-02,20.77,44.03,1007.53,0.244
2026-09-13 17:10:37.399,sensor-02,25.43,54.74,1018.94,0.522
2026-09-13 17:10:38.399,sensor-05,25.4,59.11,1008.06,0.692
2026-09-13 17:10:39.399,sensor-04,25.24,58.57,1012.41,0.134
2026-09-13 17:10:40.399,sensor-03,20.04,68.17,1022.64,1.156
2026-09-13 17:10:41.399,sensor-03,26.75,66.03,1017.01,1.468
2026-09-13 17:10:42.399,sensor-02,25.43,76.9,1015.82,1.31
2026-09-13 17:10:43.399,sensor-01,34.48,60.05,1023.75,1.34
2026-09-13 17:10:44.399,sensor-05,27.88,69.71,1013.88,1.187
2026-09-13 17:10:45.399,sensor-01,31.38,57.14,1019.91,1.327
2026-09-13 17:10:46.399,sensor-03,32.8,71.14,1011.74,0.912
2026-09-13 17:10:47.399,sensor-04,30.32,52.44,1007.32,1.342
2026-09-13 17:10:48.399,sensor-03,33.7,58.83,953.42,1.126
2026-09-13 17:10:49.399,sensor-05,27.76,50.66,1012.01,0.909
2026-09-13 17:10:50.399,sensor-02,25.22,55.5,1013.74,0.977
2026-09-13 17:10:51.399,sensor-02,33.12,79.73,1008.48,0.138
2026-09-13 17:10:52.399,sensor-05,33.55,42.14,1004.93,1.047
2026-09-13 17:10:53.399,sensor-01,25.46,49.55,1024.12,1.055
2026-09-13 17:10:54.399,sensor-03,32.94,61.51,1022.78,7.043
2026-09-13 17:10:55.399,sensor-02,32.54,61.32,1007.22,1.183
2026-09-13 17:10:56.399,sensor-03,22.71,79.81,1016.48,1.297
2026-09-13 17:10:57.399,sensor-05,27.54,40.39,1016.67,0.241
2026-09-13 17:10:58.399,sensor-02,25.51,62.06,1012.57,1.017
2026-09-13 17:10:59.399,sensor-04,31.36,76.32,1011.75,0.848
2026-09-13 17:11:00.399,sensor-02,23.69,40.36,1018.46,1.063
2026-09-13 17:11:01.399,sensor-02,21.95,41.7,1012.2,0.371
2026-09-13 17:11:02.399,sensor-05,31.65,74.06,1024.77,1.137
2026-09-13 17:11:03.399,sensor-01,32.15,62.55,1010.81,0.146
2026-09-13 17:11:04.399,sensor-05,30.4,56.17,1015.42,1.238
2026-09-13 17:11:05.399,sensor-04,27.37,54.47,1009.92,1.371
2026-09-13 17:11:06.399,sensor-05,22.93,79.24,1011.21,1.127
2026-09-13 17:11:07.399,sensor-05,31.59,71.58,1000.98,0.483
2026-09-13 17:11:08.399,sensor-04,30.25,51.88,1019.84,0.536
2026-09-13 17:11:09.399,sensor-01,25.98,69.78,1000.29,1.369
2026-09-13 17:11:10.399,sensor-03,23.56,71.42,1021.82,0.802
2026-09-13 17:11:11.399,sensor-01,25.71,56.65,1007.65,1.097
2026-09-13 17:11:12.399,sensor-05,26.96,65.16,1023.7,0.724
2026-09-13 17:11:13.399,sensor-02,28.25,59.87,1019.56,1.304
2026-09-13 17:11:14.399,sensor-05,24.04,49.57,1007.28,1.039
2026-09-13 17:11:15.399,sensor-02,21.33,79.11,1007.87,0.411
2026-09-13 17:11:16.399,sensor-01,20.54,52.22,1008.45,1.235
2026-09-13 17:11:17.399,sensor-05,31.05,69.43,1019.72,1.386
2026-09-13 17:11:18.399,sensor-01,20.58,47.48,1020.73,0.904
2026-09-13 17:11:19.399,sensor-05,21.99,75.66,1013.0,0.341
2026-09-13 17:11:20.399,sensor-04,27.17,58.6,1016.82,0.574
2026-09-13 17:11:21.399,sensor-01,73.55,8.14,970.55,10.033
2026-09-13 17:11:22.399,sensor-05,24.78,49.25,1019.42,0.339
2026-09-13 17:11:23.399,sensor-03,21.79,65.66,1024.8,1.147
2026-09-13 17:11:24.399,sensor-04,25.92,79.52,1022.0,1.249
2026-09-13 17:11:25.399,sensor-01,22.67,50.35,1002.04,1.344
2026-09-13 17:11:26.399,sensor-01,23.4,75.53,1023.95,0.41
2026-09-13 17:11:27.399,sensor-05,34.55,65.99,1011.06,1.044
2026-09-13 17:11:28.399,sensor-02,21.69,57.41,1021.43,1.088
2026-09-13 17:11:29.399,sensor-04,30.01,50.59,1008.6,0.54
2026-09-13 17:11:30.399,sensor-05,22.76,73.18,1013.27,1.333
2026-09-13 17:11:31.399,sensor-05,32.81,56.54,1006.78,0.547
2026-09-13 17:11:32.399,sensor-01,25.13,57.4,1001.99,1.179
2026-09-13 17:11:33.399,sensor-02,28.86,61.25,1022.33,1.022
2026-09-13 17:11:34.399,sensor-01,24.55,45.29,1018.58,0.315
2026-09-13 17:11:35.399,sensor-05,24.24,70.44,1010.93,0.519
2026-09-13 17:11:36.399,sensor-05,29.7,79.52,1007.5,1.088
2026-09-13 17:11:37.399,sensor-02,29.48,70.45,1017.93,1.42
2026-09-13 17:11:38.399,sensor-02,28.11,51.63,1020.42,0.187
2026-09-13 17:11:39.399,sensor-04,25.32,67.27,1024.96,0.744
2026-09-13 17:11:40.399,sensor-01,34.63,69.86,1004.92,1.226
2026-09-13 17:11:41.399,sensor-04,28.98,49.09,1020.36,0.103
2026-09-13 17:11:42.399,sensor-02,32.28,78.81,1000.89,0.713
2026-09-13 17:11:43.399,sensor-02,25.4,63.9,1010.94,1.452
2026-09-13 17:11:44.399,sensor-02,26.28,68.03,1006.91,1.113
2026-09-13 17:11:45.399,sensor-04,30.13,72.7,1024.87,0.177
2026-09-13 17:11:46.399,sensor-02,32.2,40.0,1013.63,1.024
2026-09-13 17:11:47.399,sensor-03,31.84,42.67,1003.37,1.245
2026-09-13 17:11:48.399,sensor-02,28.86,56.65,1002.64,1.236
2026-09-13 17:11:49.399,sensor-05,31.64,43.24,1015.89,1.389
2026-09-13 17:11:50.399,sensor-02,29.2,46.88,1017.01,1.033
2026-09-13 17:11:51.399,sensor-02,33.5,60.1,1007.43,0.457
2026-09-13 17:11:52.399,sensor-02,26.92,49.23,1012.94,0.369
2026-09-13 17:11:53.399,sensor-01,25.36,56.24,1010.09,1.115
2026-09-13 17:11:54.399,sensor-03,30.4,41.33,1010.91,0.226
2026-09-13 17:11:55.399,sensor-04,31.95,62.01,1009.49,0.47
2026-09-13 17:11:56.399,sensor-03,22.97,41.7,1003.15,1.497
2026-09-13 17:11:57.399,sensor-02,20.06,70.69,1007.51,0.131
2026-09-13 17:11:58.399,sensor-04,26.36,54.47,1016.33,1.116
2026-09-13 17:11:59.399,sensor-01,20.34,75.27,1004.66,0.657
2026-09-13 17:12:00.399,sensor-01,23.44,59.41,1005.89,1.023
2026-09-13 17:12:01.399,sensor-04,29.03,50.16,1020.21,1.405
2026-09-13 17:12:02.399,sensor-02,30.04,6.2,1016.74,0.144
2026-09-13 17:12:03.399,sensor-01,25.49,74.9,1008.86,0.65
2026-09-13 17:12:04.399,sensor-03,31.96,73.24,1010.53,0.656
2026-09-13 17:12:05.399,sensor-04,34.63,52.44,1008.57,0.702
2026-09-13 17:12:06.399,sensor-02,33.96,42.98,1006.01,0.405
2026-09-13 17:12:07.399,sensor-05,34.32,68.34,1022.99,1.301
2026-09-13 17:12:08.399,sensor-03,27.64,67.58,1017.55,0.939
2026-09-13 17:12:09.399,sensor-03,30.13,46.27,1013.79,0.827
2026-09-13 17:12:10.399,sensor-03,31.25,70.3,953.4,0.591
2026-09-13 17:12:11.399,sensor-02,31.49,71.92,1006.2,1.318
2026-09-13 17:12:12.399,sensor-04,31.97,58.67,1017.82,0.599
2026-09-13 17:12:13.399,sensor-02,30.46,16.4,1015.71,1.177
2026-09-13 17:12:14.399,sensor-05,26.19,59.76,1001.31,0.344
2026-09-13 17:12:15.399,sensor-05,30.97,71.99,1002.72,1.39
2026-09-13 17:12:16.399,sensor-03,34.67,75.3,1005.57,1.436
2026-09-13 17:12:17.399,sensor-03,22.32,48.0,1017.1,1.483
2026-09-13 17:12:18.399,sensor-03,24.5,73.82,1002.88,0.915
2026-09-13 17:12:19.399,sensor-02,20.02,77.62,1024.36,0.754
2026-09-13 17:12:20.399,sensor-05,21.75,43.38,1017.23,0.883
2026-09-13 17:12:21.399,sensor-01,28.58,69.06,1003.87,0.402
2026-09-13 17:12:22.399,sensor-03,31.39,73.26,1010.03,0.943
2026-09-13 17:12:23.399,sensor-02,27.14,77.64,1006.73,11.588
2026-09-13 17:12:24.399,sensor-03,31.64,63.69,1021.73,1.249
2026-09-13 17:12:25.399,sensor-02,25.46,64.6,1016.41,0.652
2026-09-13 17:12:26.399,sensor-02,22.65,40.01,1011.54,1.263
2026-09-13 17:12:27.399,sensor-05,30.04,49.36,1016.93,1.26
2026-09-13 17:12:28.399,sensor-05,27.23,64.74,1000.65,0.471
2026-09-13 17:12:29.399,sensor-03,33.4,47.52,1001.77,1.188
2026-09-13 17:12:30.399,sensor-01,27.97,55.06,1010.76,1.023
2026-09-13 17:12:31.399,sensor-01,33.53,66.3,1018.46,0.222
2026-09-13 17:12:32.399,sensor-04,27.92,54.48,1009.97,0.51
2026-09-13 17:12:33.399,sensor-01,23.97,59.86,1016.67,1.127
2026-09-13 17:12:34.399,sensor-05,21.74,57.26,1016.69,1.14
2026-09-13 17:12:35.399,sensor-05,31.93,74.07,1016.66,0.679
2026-09-13 17:12:36.399,sensor-03,33.52,73.14,1022.28,1.383
2026-09-13 17:12:37.399,sensor-02,28.08,64.64,1019.33,0.793
2026-09-13 17:12:38.399,sensor-05,34.93,58.09,1003.25,1.094
2026-09-13 17:12:39.399,sensor-02,29.43,78.17,1007.82,0.621
2026-09-13 17:12:40.399,sensor-04,30.32,55.84,1010.63,1.081
2026-09-13 17:12:41.399,sensor-02,28.78,71.78,1005.3,1.246
2026-09-13 17:12:42.399,sensor-02,21.67,41.0,1000.83,1.217
2026-09-13 17:12:43.399,sensor-04,31.29,55.24,1023.33,1.329
2026-09-13 17:12:44.399,sensor-03,31.59,72.79,1012.21,0.269
2026-09-13 17:12:45.399,sensor-05,30.74,70.99,1022.8,0.384
2026-09-13 17:12:46.399,sensor-04,27.77,69.79,1007.96,0.561
2026-09-13 17:12:47.399,sensor-03,20.94,5.25,1016.18,1.363
2026-09-13 17:12:48.399,sensor-03,30.5,64.33,1024.33,0.42
2026-09-13 17:12:49.399,sensor-04,33.74,64.7,1014.43,1.406
2026-09-13 17:12:50.399,sensor-01,21.94,72.87,1021.42,0.427
2026-09-13 17:12:51.399,sensor-03,28.77,45.56,1021.22,0.686
2026-09-13 17:12:52.399,sensor-04,24.42,68.66,1018.52,0.536
2026-09-13 17:12:53.399,sensor-05,32.35,67.12,1018.49,0.538
2026-09-13 17:12:54.399,sensor-04,25.0,50.82,1010.78,1.135
2026-09-13 17:12:55.399,sensor-03,33.11,50.21,1020.99,0.318
2026-09-13 17:12:56.399,sensor-03,29.92,78.97,1001.31,0.309
2026-09-13 17:12:57.399,sensor-01,27.79,72.11,1001.37,1.191
2026-09-13 17:12:58.399,sensor-05,25.74,79.38,1013.91,1.486
2026-09-13 17:12:59.399,sensor-04,25.2,72.14,1012.17,0.532
2026-09-13 17:13:00.399,sensor-05,30.98,46.95,1020.96,0.704
2026-09-13 17:13:01.399,sensor-03,22.21,42.65,1016.91,0.461
2026-09-13 17:13:02.399,sensor-02,33.0,65.15,1012.16,1.126
2026-09-13 17:13:03.399,sensor-01,33.24,47.11,1000.53,0.607
2026-09-13 17:13:04.399,sensor-01,31.08,56.19,1000.17,1.001
2026-09-13 17:13:05.399,sensor-05,33.53,46.18,1021.43,1.092
2026-09-13 17:13:06.399,sensor-02,26.87,47.93,1017.94,1.085
2026-09-13 17:13:07.399,sensor-02,23.79,76.04,1011.79,0.872
2026-09-13 17:13:08.399,sensor-02,29.41,70.96,1007.99,0.532
2026-09-13 17:13:09.399,sensor-01,21.49,46.29,1010.27,1.218
2026-09-13 17:13:10.399,sensor-02,26.3,57.82,1018.18,1.316
2026-09-13 17:13:11.399,sensor-04,30.63,68.06,968.37,0.905
2026-09-13 17:13:12.399,sensor-02,29.17,51.25,1002.45,0.365
2026-09-13 17:13:13.399,sensor-01,23.67,42.75,1006.73,1.497
2026-09-13 17:13:14.399,sensor-03,25.17,68.82,1011.74,0.141
2026-09-13 17:13:15.399,sensor-02,28.57,46.93,1012.06,0.371
2026-09-13 17:13:16.399,sensor-05,30.31,49.11,1010.43,0.202
2026-09-13 17:13:17.399,sensor-03,32.21,61.4,1024.86,0.438
2026-09-13 17:13:18.399,sensor-04,26.48,55.04,1018.29,1.438
2026-09-13 17:13:19.399,sensor-02,27.65,48.69,1015.51,0.664
2026-09-13 17:13:20.399,sensor-05,20.32,77.01,1001.97,0.561
2026-09-13 17:13:21.399,sensor-03,22.92,69.45,1005.62,0.36
2026-09-13 17:13:22.399,sensor-05,24.46,65.67,1005.24,1.076
2026-09-13 17:13:23.399,sensor-01,23.6,61.09,1009.47,0.819
2026-09-13 17:13:24.399,sensor-02,20.69,55.74,1010.39,0.451
2026-09-13 17:13:25.399,sensor-03,28.77,66.79,1001.92,0.744
2026-09-13 17:13:26.399,sensor-05,26.83,66.26,1014.76,0.751
2026-09-13 17:13:27.399,sensor-04,28.02,40.23,1005.17,0.186
2026-09-13 17:13:28.399,sensor-05,20.23,73.7,1023.69,1.466
2026-09-13 17:13:29.399,sensor-03,33.37,67.49,1007.47,1.268
2026-09-13 17:13:30.399,sensor-04,30.95,78.78,1024.94,0.807
2026-09-13 17:13:31.399,sensor-04,29.66,62.89,1010.55,0.914
2026-09-13 17:13:32.399,sensor-05,34.17,73.5,1009.84,0.899
2026-09-13 17:13:33.399,sensor-03,20.87,68.5,1018.28,0.778
2026-09-13 17:13:34.399,sensor-05,34.76,72.52,1023.2,0.783
2026-09-13 17:13:35.399,sensor-05,29.35,46.03,1003.81,0.761
2026-09-13 17:13:36.399,sensor-05,27.52,71.99,1019.24,0.385
2026-09-13 17:13:37.399,sensor-04,24.81,77.26,1021.71,0.732
2026-09-13 17:13:38.399,sensor-02,32.71,74.85,1013.92,1.461
2026-09-13 17:13:39.399,sensor-01,28.44,71.08,1024.62,0.248
2026-09-13 17:13:40.399,sensor-02,28.8,75.26,1017.9,0.424
2026-09-13 17:13:41.399,sensor-04,33.43,73.37,1003.23,1.445
2026-09-13 17:13:42.399,sensor-05,59.11,47.48,1019.83,0.527
2026-09-13 17:13:43.399,sensor-03,21.21,74.42,1010.8,0.907
2026-09-13 17:13:44.399,sensor-03,21.01,67.65,1017.76,0.372
2026-09-13 17:13:45.399,sensor-05,25.54,42.0,1007.79,1.373
2026-09-13 17:13:46.399,sensor-02,34.11,55.29,1023.51,1.332
2026-09-13 17:13:47.399,sensor-01,25.77,45.51,1004.77,0.425
2026-09-13 17:13:48.399,sensor-02,32.01,51.87,1010.61,0.272
2026-09-13 17:13:49.399,sensor-03,31.75,68.28,1010.06,0.908
2026-09-13 17:13:50.399,sensor-05,25.92,68.88,1005.46,0.708
2026-09-13 17:13:51.399,sensor-02,21.57,63.5,1014.37,0.322
2026-09-13 17:13:52.399,sensor-01,33.43,59.66,1005.57,0.258
2026-09-13 17:13:53.399,sensor-03,31.32,66.94,1010.5,0.342
2026-09-13 17:13:54.399,sensor-05,25.88,73.65,1015.89,0.838
2026-09-13 17:13:55.399,sensor-04,21.62,45.02,1018.17,1.458
2026-09-13 17:13:56.399,sensor-02,71.88,58.69,1016.44,0.317
2026-09-13 17:13:57.399,sensor-01,26.57,69.37,1003.13,0.72
2026-09-13 17:13:58.399,sensor-01,25.21,76.5,1017.15,0.132
2026-09-13 17:13:59.399,sensor-02,33.43,69.88,1015.44,0.314
2026-09-13 17:14:00.399,sensor-02,32.12,49.58,1010.11,0.7
2026-09-13 17:14:01.399,sensor-02,23.15,66.68,1016.94,0.719
2026-09-13 17:14:02.399,sensor-04,20.76,58.24,1020.01,0.928
2026-09-13 17:14:03.399,sensor-04,31.66,58.34,1004.34,1.377
2026-09-13 17:14:04.399,sensor-05,33.64,64.7,1011.36,0.289
2026-09-13 17:14:05.399,sensor-04,33.96,73.17,960.54,0.727
2026-09-13 17:14:06.399,sensor-05,31.12,60.99,1021.56,0.132
2026-09-13 17:14:07.399,sensor-02,30.5,40.53,1017.64,0.216
2026-09-13 17:14:08.399,sensor-02,23.18,65.12,1010.85,0.19
2026-09-13 17:14:09.399,sensor-03,23.99,64.73,1015.23,0.179
2026-09-13 17:14:10.399,sensor-03,23.08,57.47,1015.08,0.104
2026-09-13 17:14:11.399,sensor-03,28.04,67.78,1007.83,0.665
2026-09-13 17:14:12.399,sensor-02,30.31,53.49,1006.99,0.518
2026-09-13 17:14:13.399,sensor-02,57.33,17.44,958.26,8.173
2026-09-13 17:14:14.399,sensor-03,28.07,61.9,1020.27,0.643
2026-09-13 17:14:15.399,sensor-04,30.92,79.7,1015.46,0.787
2026-09-13 17:14:16.399,sensor-05,34.8,67.4,1004.13,0.744
2026-09-13 17:14:17.399,sensor-02,30.99,66.01,1005.84,1.486
2026-09-13 17:14:18.399,sensor-04,23.98,57.67,1022.37,0.669
2026-09-13 17:14:19.399,sensor-04,30.86,8.46,1008.65,1.105
2026-09-13 17:14:20.399,sensor-02,21.76,41.36,1008.82,0.406
2026-09-13 17:14:21.399,sensor-04,22.36,73.05,1002.37,1.115
2026-09-13 17:14:22.399,sensor-01,26.63,55.27,1013.64,1.084
2026-09-13 17:14:23.399,sensor-04,22.92,72.88,1004.13,1.218
2026-09-13 17:14:24.399,sensor-02,24.71,54.83,1014.78,1.471
2026-09-13 17:14:25.399,sensor-05,34.13,48.21,1002.82,0.845
2026-09-13 17:14:26.399,sensor-03,32.0,58.9,1021.25,1.238
2026-09-13 17:14:27.399,sensor-04,29.23,60.73,1023.92,0.88
2026-09-13 17:14:28.399,sensor-05,29.9,62.33,1017.05,0.588
2026-09-13 17:14:29.399,sensor-01,22.93,74.2,1016.64,1.254
2026-09-13 17:14:30.399,sensor-05,25.36,54.15,1024.02,1.017
2026-09-13 17:14:31.399,sensor-01,29.35,49.86,1009.77,1.302
2026-09-13 17:14:32.399,sensor-04,22.5,55.99,1020.99,1.417
2026-09-13 17:14:33.399,sensor-03,22.59,40.94,1003.18,1.27
2026-09-13 17:14:34.399,sensor-02,31.63,71.74,1009.05,1.362
2026-09-13 17:14:35.399,sensor-01,23.92,75.99,1003.82,1.494
2026-09-13 17:14:36.399,sensor-05,22.68,55.56,1021.83,1.272
2026-09-13 17:14:37.399,sensor-02,24.21,64.7,1009.74,0.549
2026-09-13 17:14:38.399,sensor-04,27.78,49.22,1020.19,1.469
2026-09-13 17:14:39.399,sensor-04,32.74,74.55,1006.51,1.087
2026-09-13 17:14:40.399,sensor-05,20.45,64.18,1019.46,6.202
2026-09-13 17:14:41.399,sensor-04,75.23,17.89,960.86,8.095
2026-09-13 17:14:42.399,sensor-05,31.67,63.92,1010.91,1.377
2026-09-13 17:14:43.399,sensor-05,26.25,59.87,1002.46,1.235
2026-09-13 17:14:44.399,sensor-02,24.64,50.09,1004.34,1.427
2026-09-13 17:14:45.399,sensor-03,26.5,44.41,1003.49,1.094
2026-09-13 17:14:46.399,sensor-02,34.36,63.25,1020.21,0.245
2026-09-13 17:14:47.399,sensor-02,33.43,72.42,1018.09,0.922
2026-09-13 17:14:48.399,sensor-03,20.76,48.09,1012.96,0.103
2026-09-13 17:14:49.399,sensor-04,22.28,53.82,1021.46,1.426
2026-09-13 17:14:50.399,sensor-02,32.7,46.91,1018.53,0.22
2026-09-13 17:14:51.399,sensor-05,23.99,69.98,1012.98,0.35
2026-09-13 17:14:52.399,sensor-03,34.94,59.21,1003.78,0.877
2026-09-13 17:14:53.399,sensor-01,33.19,73.36,1003.22,0.924
2026-09-13 17:14:54.399,sensor-02,29.4,58.51,1012.05,0.872
2026-09-13 17:14:55.399,sensor-03,30.65,58.1,1018.07,0.78
2026-09-13 17:14:56.399,sensor-02,28.13,58.72,1007.55,0.187
2026-09-13 17:14:57.399,sensor-01,20.15,55.59,1009.27,0.987
2026-09-13 17:14:58.399,sensor-05,34.63,78.04,1001.85,0.495
2026-09-13 17:14:59.399,sensor-01,21.07,73.87,1022.38,0.947
2026-09-13 17:15:00.399,sensor-04,26.61,45.99,1023.96,1.069
2026-09-13 17:15:01.399,sensor-05,21.93,71.96,1020.05,0.86
2026-09-13 17:15:02.399,sensor-02,34.13,65.21,1018.41,1.384
2026-09-13 17:15:03.399,sensor-03,24.33,74.69,1013.49,0.163
2026-09-13 17:15:04.399,sensor-03,28.05,56.46,1001.6,0.352
2026-09-13 17:15:05.399,sensor-05,23.51,65.11,1013.55,0.41
2026-09-13 17:15:06.399,sensor-02,33.2,77.65,1009.67,0.165
2026-09-13 17:15:07.399,sensor-03,26.26,59.69,1011.05,1.016
2026-09-13 17:15:08.399,sensor-05,26.32,53.67,1023.07,0.601
2026-09-13 17:15:09.399,sensor-01,22.33,68.57,1014.06,0.848
2026-09-13 17:15:10.399,sensor-01,25.94,57.92,1009.41,0.804
2026-09-13 17:15:11.399,sensor-04,29.54,64.45,1013.94,0.381
2026-09-13 17:15:12.399,sensor-01,30.69,58.09,1014.54,1.308
2026-09-13 17:15:13.399,sensor-01,21.5,75.66,1009.12,0.669
2026-09-13 17:15:14.399,sensor-03,27.81,73.73,1018.0,0.819
2026-09-13 17:15:15.399,sensor-01,32.72,42.33,1014.81,0.161
2026-09-13 17:15:16.399,sensor-04,31.87,75.35,1012.46,0.218
2026-09-13 17:15:17.399,sensor-01,23.66,54.89,1013.16,1.004
2026-09-13 17:15:18.399,sensor-01,22.59,70.2,1007.55,0.333
2026-09-13 17:15:19.399,sensor-01,23.71,54.77,1020.6,0.567
2026-09-13 17:15:20.399,sensor-02,20.52,76.05,1017.42,0.749
2026-09-13 17:15:21.399,sensor-05,23.81,56.15,1008.0,1.254
2026-09-13 17:15:22.399,sensor-02,31.43,43.76,1005.06,0.249
2026-09-13 17:15:23.399,sensor-05,23.39,76.02,1008.18,0.597
2026-09-13 17:15:24.399,sensor-01,23.29,45.38,1008.62,0.36
2026-09-13 17:15:25.399,sensor-04,29.71,77.68,1000.31,1.088
2026-09-13 17:15:26.399,sensor-03,30.38,60.35,1023.17,0.322
2026-09-13 17:15:27.399,sensor-05,29.8,76.35,1012.19,1.468
2026-09-13 17:15:28.399,sensor-04,32.27,69.36,1013.07,14.328
2026-09-13 17:15:29.399,sensor-05,29.56,42.75,1007.37,0.455
2026-09-13 17:15:30.399,sensor-03,30.08,75.05,1017.04,0.644
